time,coolant (degF),catalyst (degF),speed (mph),engine
2025-08-02 06:21:25.185,48.2,47.66,0.0,0
2025-08-02 06:21:25.404,48.2,47.66,0.0,0
2025-08-02 06:21:25.639,48.2,47.66,0.0,0
2025-08-02 06:21:25.806,48.2,47.66,0.0,0
2025-08-02 06:21:25.891,48.2,47.66,0.0,0
2025-08-02 06:21:30.429,48.2,47.66,0.0,0
2025-08-02 06:21:30.534,48.2,47.66,0.0,0
2025-08-02 06:21:34.962,48.2,47.66,0.0,0
2025-08-02 06:21:35.272,48.2,47.66,0.0,0
2025-08-02 06:21:35.400,48.2,47.66,0.0,0
2025-08-02 06:21:37.319,48.2,47.66,0.0,0
2025-08-02 06:21:37.398,48.2,47.66,0.0,0
2025-08-02 06:21:37.684,48.2,47.66,0.0,0
2025-08-02 06:21:38.624,48.2,47.66,0.0,0
2025-08-02 06:21:38.927,48.2,47.66,0.0,0
2025-08-02 06:21:39.139,48.2,47.66,0.0,0
2025-08-02 06:21:39.367,48.2,47.66,0.0,0
2025-08-02 06:21:39.587,48.2,47.66,0.0,0
2025-08-02 06:21:39.739,48.2,47.66,0.0,0
2025-08-02 06:21:39.888,48.2,47.66,0.0,0
2025-08-02 06:21:40.036,48.2,47.66,0.0,0
2025-08-02 06:21:40.162,48.2,47.66,0.0,0
2025-08-02 06:21:40.307,48.2,47.66,0.0,0
2025-08-02 06:21:44.960,48.2,47.66,0.0,0
2025-08-02 06:21:45.142,48.2,47.66,0.0,0
2025-08-02 06:21:49.594,48.2,47.66,0.0,0
2025-08-02 06:21:49.818,48.2,47.66,0.0,0
2025-08-02 06:21:49.917,48.2,47.66,0.0,0
2025-08-02 06:21:51.451,48.2,47.66,0.0,0
2025-08-02 06:21:51.642,48.2,47.66,0.0,0
2025-08-02 06:21:52.172,48.2,47.66,0.0,0
2025-08-02 06:21:53.234,48.2,47.66,0.0,0
2025-08-02 06:21:53.569,48.2,47.66,0.0,0
2025-08-02 06:21:53.773,48.2,47.66,0.0,0
2025-08-02 06:21:53.988,48.2,47.66,0.0,0
2025-08-02 06:21:54.234,48.2,47.66,0.0,0
2025-08-02 06:21:54.452,48.2,47.66,0.0,0
2025-08-02 06:21:54.641,48.2,47.66,0.0,0
2025-08-02 06:21:54.776,48.2,47.66,0.0,0
2025-08-02 06:21:54.838,48.2,47.66,0.0,0
2025-08-02 06:21:59.453,48.2,47.66,0.0,0
2025-08-02 06:21:59.566,48.2,47.66,0.0,0
2025-08-02 06:22:03.846,48.2,47.66,0.0,0
2025-08-02 06:22:04.104,48.2,47.66,0.0,0
2025-08-02 06:22:04.245,48.2,47.66,0.0,0
2025-08-02 06:22:05.841,48.2,47.66,0.0,0
2025-08-02 06:22:06.004,48.2,47.66,0.0,0
2025-08-02 06:22:06.294,48.2,47.66,0.0,0
2025-08-02 06:22:07.690,48.2,47.66,0.0,0
2025-08-02 06:22:08.052,48.2,47.66,0.0,0
2025-08-02 06:22:08.197,48.2,47.66,0.0,0
2025-08-02 06:22:08.411,48.2,47.66,0.0,0
2025-08-02 06:22:08.576,48.2,47.48,0.0,0
2025-08-02 06:22:08.769,48.2,47.48,0.0,0
2025-08-02 06:22:08.893,48.2,47.48,0.0,0
2025-08-02 06:22:08.966,48.2,47.48,0.0,0
2025-08-02 06:22:13.602,48.2,47.48,0.0,0
2025-08-02 06:22:13.672,48.2,47.48,0.0,0
2025-08-02 06:22:17.943,48.2,47.48,0.0,0
2025-08-02 06:22:18.207,48.2,47.48,0.0,0
2025-08-02 06:22:18.341,48.2,47.48,0.0,0
2025-08-02 06:22:19.945,48.2,47.48,0.0,0
2025-08-02 06:22:20.025,48.2,47.48,0.0,0
2025-08-02 06:22:21.575,48.2,47.48,0.0,0
2025-08-02 06:22:22.111,48.2,47.48,0.0,0
2025-08-02 06:22:22.304,48.2,47.48,0.0,0
2025-08-02 06:22:22.525,48.2,47.48,0.0,0
2025-08-02 06:22:22.651,48.2,47.48,0.0,0
2025-08-02 06:22:22.852,48.2,47.48,0.0,0
2025-08-02 06:22:23.063,48.2,47.48,0.0,0
2025-08-02 06:22:23.265,48.2,47.48,0.0,0
2025-08-02 06:22:23.332,48.2,47.48,0.0,0
2025-08-02 06:22:27.908,48.2,47.48,0.0,0
2025-08-02 06:22:27.979,48.2,47.48,0.0,0
2025-08-02 06:22:32.365,48.2,47.48,0.0,0
2025-08-02 06:22:32.657,48.2,47.48,0.0,0
2025-08-02 06:22:32.758,48.2,47.48,0.0,0
2025-08-02 06:22:34.414,48.2,47.48,0.0,0
2025-08-02 06:22:34.481,48.2,47.48,0.0,0
2025-08-02 06:22:34.738,48.2,47.48,0.0,0
2025-08-02 06:22:35.825,48.2,47.48,0.0,0
2025-08-02 06:22:36.188,48.2,47.48,0.0,0
2025-08-02 06:22:36.367,48.2,47.48,0.0,0
2025-08-02 06:22:36.587,48.2,47.48,0.0,0
2025-08-02 06:22:36.850,48.2,47.48,0.0,0
2025-08-02 06:22:37.059,48.2,47.48,0.0,0
2025-08-02 06:22:37.253,48.2,47.48,0.0,0
2025-08-02 06:22:37.302,48.2,47.48,0.0,0
2025-08-02 06:22:41.582,48.2,47.48,0.0,0
2025-08-02 06:22:41.723,48.2,47.48,0.0,0
2025-08-02 06:22:46.455,48.2,47.48,0.0,0
2025-08-02 06:22:46.565,48.2,47.48,0.0,0
2025-08-02 06:22:48.761,48.2,47.48,0.0,0
2025-08-02 06:22:48.905,48.2,47.48,0.0,0
2025-08-02 06:22:50.321,48.2,47.48,0.0,0
2025-08-02 06:22:50.574,48.2,47.48,0.0,0
2025-08-02 06:22:50.796,48.2,47.48,0.0,0
2025-08-02 06:22:51.172,48.2,47.48,0.0,0
2025-08-02 06:22:51.376,48.2,47.3,0.0,0
2025-08-02 06:22:51.784,48.2,47.3,0.0,0
2025-08-02 06:22:51.918,48.2,47.3,0.0,0
2025-08-02 06:22:56.909,48.2,47.3,0.0,0
2025-08-02 06:22:57.190,48.2,47.3,0.0,0
2025-08-02 06:23:01.436,48.2,47.3,0.0,0
2025-08-02 06:23:01.929,48.2,47.3,0.0,0
2025-08-02 06:23:02.141,48.2,47.3,0.0,0
2025-08-02 06:23:03.831,48.2,47.3,0.0,0
2025-08-02 06:23:03.904,48.2,47.3,0.0,0
2025-08-02 06:23:04.182,48.2,47.3,0.0,0
2025-08-02 06:23:05.289,48.2,47.3,0.0,0
2025-08-02 06:23:05.649,48.2,47.3,0.0,0
2025-08-02 06:23:05.742,48.2,47.3,0.0,0
2025-08-02 06:23:05.934,48.2,47.3,0.0,0
2025-08-02 06:23:06.091,48.2,47.3,0.0,0
2025-08-02 06:23:06.225,48.2,47.3,0.0,0
2025-08-02 06:23:06.328,48.2,47.3,0.0,0
2025-08-02 06:23:06.577,48.2,47.3,0.0,0
2025-08-02 06:23:06.847,48.2,47.3,0.0,0
2025-08-02 06:23:07.259,48.2,47.3,0.0,0
2025-08-02 06:23:07.425,48.2,47.3,0.0,0
2025-08-02 06:23:07.564,48.2,47.3,0.0,0
2025-08-02 06:23:07.631,48.2,47.3,0.0,0
2025-08-02 06:23:07.730,48.2,47.3,0.0,0
2025-08-02 06:23:07.871,48.2,47.3,0.0,0
2025-08-02 06:23:07.932,48.2,47.3,0.0,0
2025-08-02 06:23:12.607,48.2,47.3,0.0,0
2025-08-02 06:23:12.709,48.2,47.3,0.0,0
2025-08-02 06:23:17.102,48.2,47.3,0.0,0
2025-08-02 06:23:17.411,48.2,47.3,0.0,0
2025-08-02 06:23:17.565,48.2,47.3,0.0,0
2025-08-02 06:23:19.404,48.2,47.3,0.0,0
2025-08-02 06:23:19.567,48.2,47.3,0.0,0
2025-08-02 06:23:19.854,48.2,47.3,0.0,0
2025-08-02 06:23:21.108,48.2,47.3,0.0,0
2025-08-02 06:23:21.438,48.2,47.3,0.0,0
2025-08-02 06:23:21.653,48.2,47.3,0.0,0
2025-08-02 06:23:21.784,48.2,47.3,0.0,0
2025-08-02 06:23:21.994,48.2,47.3,0.0,0
2025-08-02 06:23:22.178,48.2,47.3,0.0,0
2025-08-02 06:23:22.282,48.2,47.3,0.0,0
2025-08-02 06:23:22.411,48.2,47.3,0.0,0
2025-08-02 06:23:22.493,48.2,47.3,0.0,0
2025-08-02 06:23:22.703,48.2,47.3,0.0,0
2025-08-02 06:23:22.944,48.2,47.3,0.0,0
2025-08-02 06:23:23.184,48.2,47.3,0.0,0
2025-08-02 06:23:23.336,48.2,47.3,0.0,0
2025-08-02 06:23:23.465,48.2,47.3,0.0,0
2025-08-02 06:23:23.570,48.2,47.3,0.0,0
2025-08-02 06:23:23.721,48.2,47.3,0.0,0
2025-08-02 06:23:23.894,48.2,47.3,0.0,0
2025-08-02 06:23:23.963,48.2,47.3,0.0,0
2025-08-02 06:23:28.567,48.2,47.3,0.0,0
2025-08-02 06:23:28.635,48.2,47.3,0.0,0
2025-08-02 06:23:32.777,48.2,47.3,0.0,0
2025-08-02 06:23:33.007,48.2,47.3,0.0,0
2025-08-02 06:23:33.235,48.2,47.3,0.0,0
2025-08-02 06:23:33.446,48.2,47.3,0.0,0
2025-08-02 06:24:14.017,48.2,47.3,0.0,0
2025-08-02 06:24:14.111,48.2,47.3,0.0,0
2025-08-02 06:24:14.255,48.2,47.3,0.0,0
2025-08-02 06:24:14.321,48.2,47.3,0.0,0
2025-08-02 06:24:14.418,48.2,47.3,0.0,0
2025-08-02 06:24:14.568,48.2,47.3,0.0,0
2025-08-02 06:24:14.642,48.2,47.3,0.0,0
2025-08-02 06:24:14.730,48.2,47.3,0.0,0
2025-08-02 06:24:14.800,48.2,47.3,0.0,0
2025-08-02 06:24:14.867,48.2,47.3,0.0,0
2025-08-02 06:24:14.964,48.2,47.3,0.0,0
2025-08-02 06:24:15.136,48.2,47.3,0.0,0
2025-08-02 06:24:15.265,48.2,47.3,0.0,0
2025-08-02 06:24:15.387,48.2,47.3,0.0,0
2025-08-02 06:24:15.528,48.2,47.3,0.0,0
2025-08-02 06:24:15.676,48.2,47.3,0.0,0
2025-08-02 06:24:15.774,48.2,47.3,0.0,0
2025-08-02 06:24:15.917,48.2,47.3,0.0,0
2025-08-02 06:24:16.057,48.2,47.3,0.0,0
2025-08-02 06:24:16.122,48.2,47.3,0.0,0
2025-08-02 06:24:16.213,48.2,47.3,0.0,0
2025-08-02 06:24:16.430,48.2,47.3,0.0,0
2025-08-02 06:24:16.497,48.2,47.3,0.0,0
2025-08-02 06:24:16.705,48.2,47.3,0.0,0
2025-08-02 06:24:16.911,48.2,47.3,0.0,0
2025-08-02 06:24:17.108,48.2,47.3,0.0,0
2025-08-02 06:24:21.323,48.2,47.12,0.0,0
2025-08-02 06:24:21.468,48.2,47.12,0.0,0
2025-08-02 06:24:21.656,48.2,47.12,0.0,0
2025-08-02 06:24:21.859,48.2,47.12,0.0,0
2025-08-02 06:24:22.063,48.2,47.12,0.0,0
2025-08-02 06:24:22.275,48.2,47.12,0.0,0
2025-08-02 06:24:22.425,48.2,47.12,0.0,0
2025-08-02 06:24:22.581,48.2,47.12,0.0,0
2025-08-02 06:24:22.729,48.2,47.12,0.0,0
2025-08-02 06:24:22.881,48.2,47.12,0.0,0
2025-08-02 06:24:23.030,48.2,47.12,0.0,0
2025-08-02 06:24:23.148,48.2,47.12,0.0,0
2025-08-02 06:24:23.294,48.2,47.12,0.0,0
2025-08-02 06:24:23.447,48.2,47.12,0.0,0
2025-08-02 06:24:23.595,48.2,47.12,0.0,0
2025-08-02 06:24:23.736,48.2,47.12,0.0,0
2025-08-02 06:24:23.883,48.2,47.12,0.0,0
2025-08-02 06:24:24.055,48.2,47.12,0.0,0
2025-08-02 06:24:24.200,48.2,47.12,0.0,0
2025-08-02 06:24:24.323,48.2,47.12,0.0,0
2025-08-02 06:24:24.468,48.2,47.12,0.0,0
2025-08-02 06:24:24.613,48.2,47.12,0.0,0
2025-08-02 06:24:24.756,48.2,47.12,0.0,0
2025-08-02 06:24:24.921,48.2,47.12,0.0,0
2025-08-02 06:24:25.042,48.2,47.12,0.0,0
2025-08-02 06:24:25.183,48.2,47.12,0.0,0
2025-08-02 06:24:25.336,48.2,47.12,0.0,0
2025-08-02 06:24:25.481,48.2,47.12,0.0,0
2025-08-02 06:24:25.622,48.2,47.12,0.0,0
2025-08-02 06:24:25.772,48.2,47.12,0.0,0
2025-08-02 06:24:25.943,48.2,47.12,0.0,0
2025-08-02 06:24:26.062,48.2,47.12,0.0,0
2025-08-02 06:24:26.204,48.2,47.12,0.0,0
2025-08-02 06:24:26.349,48.2,47.12,0.0,0
2025-08-02 06:24:26.468,48.2,47.12,0.0,0
2025-08-02 06:24:26.625,48.2,47.12,0.0,0
2025-08-02 06:24:26.893,48.2,47.12,0.0,0
2025-08-02 06:24:27.098,48.2,47.12,0.0,0
2025-08-02 06:24:27.218,48.2,47.12,0.0,0
2025-08-02 06:24:27.369,48.2,47.12,0.0,0
2025-08-02 06:24:27.495,48.2,47.12,0.0,0
2025-08-02 06:24:27.639,48.2,47.12,0.0,0
2025-08-02 06:24:27.779,48.2,47.12,0.0,0
2025-08-02 06:24:27.947,48.2,47.12,0.0,0
2025-08-02 06:24:28.074,48.2,47.12,0.0,0
2025-08-02 06:24:28.222,48.2,47.12,0.0,0
2025-08-02 06:24:28.367,48.2,47.12,0.0,0
2025-08-02 06:24:28.519,48.2,47.12,0.0,0
2025-08-02 06:24:28.644,48.2,47.12,0.0,0
2025-08-02 06:24:28.784,48.2,47.12,0.0,0
2025-08-02 06:24:28.932,48.2,47.12,0.0,0
2025-08-02 06:24:29.075,48.2,47.12,0.0,0
2025-08-02 06:24:29.194,48.2,47.12,0.0,0
2025-08-02 06:24:29.349,48.2,47.12,0.0,0
2025-08-02 06:24:29.495,48.2,47.12,0.0,0
2025-08-02 06:24:29.620,48.2,47.12,0.0,0
2025-08-02 06:24:29.925,48.2,47.12,0.0,0
2025-08-02 06:24:30.077,48.2,47.12,0.0,0
2025-08-02 06:24:30.225,48.2,47.12,0.0,0
2025-08-02 06:24:30.342,48.2,47.12,0.0,0
2025-08-02 06:24:30.492,48.2,47.12,0.0,0
2025-08-02 06:24:30.648,48.2,47.12,0.0,0
2025-08-02 06:24:30.768,48.2,47.12,0.0,0
2025-08-02 06:24:30.910,48.2,47.12,0.0,0
2025-08-02 06:24:31.056,48.2,47.12,0.0,0
2025-08-02 06:24:31.198,48.2,47.12,0.0,0
2025-08-02 06:24:31.341,48.2,47.12,0.0,0
2025-08-02 06:24:31.486,48.2,47.12,0.0,0
2025-08-02 06:24:31.639,48.2,47.12,0.0,0
2025-08-02 06:24:31.847,48.2,47.12,0.0,0
2025-08-02 06:24:32.041,48.2,47.12,0.0,0
2025-08-02 06:24:32.203,48.2,47.12,0.0,0
2025-08-02 06:24:32.360,48.2,47.12,0.0,0
2025-08-02 06:24:32.503,48.2,47.12,0.0,0
2025-08-02 06:24:32.629,48.2,47.12,0.0,0
2025-08-02 06:24:32.776,48.2,47.12,0.0,0
2025-08-02 06:24:32.924,48.2,47.12,0.0,0
2025-08-02 06:24:33.050,48.2,47.12,0.0,0
2025-08-02 06:24:33.193,48.2,47.12,0.0,0
2025-08-02 06:24:33.332,48.2,47.12,0.0,0
2025-08-02 06:24:33.447,48.2,47.12,0.0,0
2025-08-02 06:24:33.617,48.2,47.12,0.0,0
2025-08-02 06:24:33.769,48.2,47.12,0.0,0
2025-08-02 06:24:33.926,48.2,47.12,0.0,0
2025-08-02 06:24:34.070,48.2,47.12,0.0,0
2025-08-02 06:24:34.200,48.2,47.12,0.0,0
2025-08-02 06:24:34.327,48.2,47.12,0.0,0
2025-08-02 06:24:34.494,48.2,47.12,0.0,0
2025-08-02 06:24:34.639,48.2,47.12,0.0,0
2025-08-02 06:24:34.782,48.2,47.12,0.0,0
2025-08-02 06:24:35.001,48.2,47.12,0.0,0
2025-08-02 06:24:35.144,48.2,47.12,0.0,0
2025-08-02 06:24:35.263,48.2,47.12,0.0,0
2025-08-02 06:24:35.408,48.2,47.12,0.0,0
2025-08-02 06:24:35.550,48.2,47.12,0.0,0
2025-08-02 06:24:35.694,48.2,47.12,0.0,0
2025-08-02 06:24:35.827,48.2,47.12,0.0,0
2025-08-02 06:24:35.968,48.2,47.12,0.0,0
2025-08-02 06:24:36.099,48.2,47.12,0.0,0
2025-08-02 06:24:36.243,48.2,47.12,0.0,0
2025-08-02 06:24:36.417,48.2,47.12,0.0,0
2025-08-02 06:24:36.584,48.2,47.12,0.0,0
2025-08-02 06:24:36.781,48.2,47.12,0.0,0
2025-08-02 06:24:36.983,48.2,47.12,0.0,0
2025-08-02 06:24:37.201,48.2,47.12,0.0,0
2025-08-02 06:24:37.341,48.2,47.12,0.0,0
2025-08-02 06:24:37.508,48.2,47.12,0.0,0
2025-08-02 06:24:37.630,48.2,47.12,0.0,0
2025-08-02 06:24:37.774,48.2,47.12,0.0,0
2025-08-02 06:24:37.893,48.2,47.12,0.0,0
2025-08-02 06:24:38.060,48.2,47.12,0.0,0
2025-08-02 06:24:38.210,48.2,46.94,0.0,0
2025-08-02 06:24:38.389,48.2,46.94,0.0,0
2025-08-02 06:24:38.536,48.2,46.94,0.0,0
2025-08-02 06:24:38.688,48.2,46.94,0.0,0
2025-08-02 06:24:38.841,48.2,46.94,0.0,0
2025-08-02 06:24:38.992,48.2,46.94,0.0,0
2025-08-02 06:24:39.142,48.2,46.94,0.0,0
2025-08-02 06:24:39.294,48.2,46.94,0.0,0
2025-08-02 06:24:39.495,48.2,46.94,0.0,0
2025-08-02 06:24:39.641,48.2,46.94,0.0,0
2025-08-02 06:24:39.765,48.2,46.94,0.0,0
2025-08-02 06:24:39.914,48.2,46.94,0.0,0
2025-08-02 06:24:40.069,48.2,46.94,0.0,0
2025-08-02 06:24:40.221,48.2,46.94,0.0,0
2025-08-02 06:24:40.372,48.2,46.94,0.0,0
2025-08-02 06:24:40.522,48.2,46.94,0.0,0
2025-08-02 06:24:40.673,48.2,46.94,0.0,0
2025-08-02 06:24:40.866,48.2,46.94,0.0,0
2025-08-02 06:24:41.009,48.2,46.94,0.0,0
2025-08-02 06:24:41.131,48.2,46.94,0.0,0
2025-08-02 06:24:41.301,48.2,46.94,0.0,0
2025-08-02 06:24:41.448,48.2,46.94,0.0,0
2025-08-02 06:24:41.560,48.2,46.94,0.0,0
2025-08-02 06:24:41.838,48.2,46.94,0.0,0
2025-08-02 06:24:41.970,48.2,46.94,0.0,0
2025-08-02 06:24:42.172,48.2,46.94,0.0,0
2025-08-02 06:24:42.323,48.2,46.94,0.0,0
2025-08-02 06:24:42.472,48.2,46.94,0.0,0
2025-08-02 06:24:42.587,48.2,46.94,0.0,0
2025-08-02 06:24:42.729,48.2,46.94,0.0,0
2025-08-02 06:24:42.881,48.2,46.94,0.0,0
2025-08-02 06:24:43.012,48.2,46.94,0.0,0
2025-08-02 06:24:43.159,48.2,46.94,0.0,0
2025-08-02 06:24:43.312,48.2,46.94,0.0,0
2025-08-02 06:24:43.455,48.2,46.94,0.0,0
2025-08-02 06:24:43.584,48.2,46.94,0.0,0
2025-08-02 06:24:43.726,48.2,46.94,0.0,0
2025-08-02 06:24:43.880,48.2,46.94,0.0,0
2025-08-02 06:24:44.003,48.2,46.94,0.0,0
2025-08-02 06:24:44.162,48.2,46.94,0.0,0
2025-08-02 06:24:44.294,48.2,46.94,0.0,0
2025-08-02 06:24:44.443,48.2,46.94,0.0,0
2025-08-02 06:24:44.570,48.2,46.94,0.0,0
2025-08-02 06:24:44.707,48.2,46.94,0.0,0
2025-08-02 06:24:44.854,48.2,46.94,0.0,0
2025-08-02 06:24:44.984,48.2,46.94,0.0,0
2025-08-02 06:24:45.143,48.2,46.94,0.0,0
2025-08-02 06:24:45.299,48.2,46.94,0.0,0
2025-08-02 06:24:45.513,48.2,46.94,0.0,0
2025-08-02 06:24:45.645,48.2,46.94,0.0,0
2025-08-02 06:24:45.795,48.2,46.94,0.0,0
2025-08-02 06:24:45.963,48.2,46.94,0.0,0
2025-08-02 06:24:46.151,48.2,46.94,0.0,1
2025-08-02 06:24:46.305,48.2,46.94,0.0,1
2025-08-02 06:24:46.429,48.2,46.94,0.0,1
2025-08-02 06:24:46.566,48.2,46.94,0.0,1
2025-08-02 06:24:46.777,48.2,47.12,0.0,1
2025-08-02 06:24:47.043,48.2,47.84,0.0,1
2025-08-02 06:24:47.252,48.2,48.92,0.0,1
2025-08-02 06:24:47.373,48.2,49.82,0.0,1
2025-08-02 06:24:47.551,48.2,51.62,0.0,1
2025-08-02 06:24:47.678,48.2,52.7,0.0,1
2025-08-02 06:24:47.826,48.2,54.86,0.0,1
2025-08-02 06:24:47.952,48.2,56.12,0.0,1
2025-08-02 06:24:48.105,48.2,58.64,0.0,1
2025-08-02 06:24:48.236,48.2,60.08,0.0,1
2025-08-02 06:24:48.422,48.2,63.14,0.0,1
2025-08-02 06:24:48.549,48.2,64.94,0.0,1
2025-08-02 06:24:48.697,48.2,68.54,0.0,1
2025-08-02 06:24:48.818,48.2,70.52,0.0,1
2025-08-02 06:24:48.963,48.2,72.86,0.0,1
2025-08-02 06:24:49.113,48.2,77.18,0.0,1
2025-08-02 06:24:49.270,48.2,79.7,0.0,1
2025-08-02 06:24:49.397,48.2,84.38,0.0,1
2025-08-02 06:24:49.546,48.2,87.08,0.0,1
2025-08-02 06:24:49.698,48.2,92.12,0.0,1
2025-08-02 06:24:49.800,48.2,94.82,0.0,1
2025-08-02 06:24:49.967,48.2,97.16,0.0,1
2025-08-02 06:24:50.114,48.2,102.74,0.0,1
2025-08-02 06:24:50.235,48.2,105.08,0.0,1
2025-08-02 06:24:50.379,48.2,107.78,0.0,1
2025-08-02 06:24:50.529,48.2,113.18,0.0,1
2025-08-02 06:24:50.650,48.2,115.88,0.0,1
2025-08-02 06:24:50.804,48.2,121.28,0.0,1
2025-08-02 06:24:50.949,48.2,124.16,0.0,1
2025-08-02 06:24:51.106,48.2,129.92,0.0,1
2025-08-02 06:24:51.225,48.2,132.8,0.0,1
2025-08-02 06:24:51.374,48.2,135.68,0.0,1
2025-08-02 06:24:51.570,48.2,140.9,0.0,1
2025-08-02 06:24:51.766,48.2,146.12,0.0,1
2025-08-02 06:24:51.970,48.2,151.7,0.0,1
2025-08-02 06:24:52.230,48.2,160.34,0.0,1
2025-08-02 06:24:52.423,50.0,165.74,0.0,1
2025-08-02 06:24:52.575,50.0,168.62,0.0,1
2025-08-02 06:24:52.702,50.0,174.02,0.0,1
2025-08-02 06:24:52.856,50.0,176.9,0.0,1
2025-08-02 06:24:53.066,50.0,182.3,0.0,1
2025-08-02 06:24:53.193,50.0,187.88,0.0,1
2025-08-02 06:24:53.365,50.0,190.94,0.0,1
2025-08-02 06:24:53.575,50.0,196.7,0.0,1
2025-08-02 06:24:53.717,50.0,203.0,0.0,1
2025-08-02 06:24:53.866,50.0,205.7,0.621371192237334,1
2025-08-02 06:24:53.987,50.0,208.94,0.621371192237334,1
2025-08-02 06:24:54.136,50.0,215.06,0.621371192237334,1
2025-08-02 06:24:54.285,50.0,218.12,0.621371192237334,1
2025-08-02 06:24:54.413,50.0,224.06,0.621371192237334,1
2025-08-02 06:24:54.557,50.0,227.12,0.621371192237334,1
2025-08-02 06:24:54.711,50.0,233.06,0.621371192237334,1
2025-08-02 06:24:54.863,50.0,236.3,0.621371192237334,1
2025-08-02 06:24:54.997,50.0,242.6,0.621371192237334,1
2025-08-02 06:24:55.121,50.0,245.84,0.621371192237334,1
2025-08-02 06:24:55.269,50.0,249.26,1.24274238447467,1
2025-08-02 06:24:55.416,50.0,255.38,1.24274238447467,1
2025-08-02 06:24:55.566,50.0,258.8,1.24274238447467,1
2025-08-02 06:24:55.692,50.0,265.1,1.24274238447467,1
2025-08-02 06:24:55.838,50.0,268.52,1.24274238447467,1
2025-08-02 06:24:55.992,50.0,274.82,1.24274238447467,1
2025-08-02 06:24:56.116,50.0,278.24,1.24274238447467,1
2025-08-02 06:24:56.255,50.0,281.12,1.24274238447467,1
2025-08-02 06:24:56.407,50.0,288.5,1.24274238447467,1
2025-08-02 06:24:56.651,50.0,288.5,1.24274238447467,1
2025-08-02 06:24:56.856,50.0,288.5,1.24274238447467,1
2025-08-02 06:24:57.756,50.0,324.32,1.24274238447467,1
2025-08-02 06:24:57.900,50.0,324.32,1.24274238447467,1
2025-08-02 06:24:58.380,50.0,352.76,1.24274238447467,1
2025-08-02 06:24:58.505,50.0,352.76,0.621371192237334,1
2025-08-02 06:24:59.480,50.0,384.8,0.621371192237334,1
2025-08-02 06:24:59.634,50.0,384.8,0.621371192237334,1
2025-08-02 06:25:01.272,51.8,455.72,0.621371192237334,1
2025-08-02 06:25:01.426,51.8,455.72,0.621371192237334,1
2025-08-02 06:25:01.637,51.8,455.72,0.621371192237334,1
2025-08-02 06:25:03.835,51.8,523.76,0.621371192237334,1
2025-08-02 06:25:03.964,51.8,523.76,0.621371192237334,1
2025-08-02 06:25:04.282,51.8,544.64,0.0,1
2025-08-02 06:25:04.426,53.6,544.64,0.0,1
2025-08-02 06:25:04.576,53.6,544.64,0.0,1
2025-08-02 06:25:05.418,53.6,576.86,0.0,1
2025-08-02 06:25:05.491,53.6,576.86,0.0,1
2025-08-02 06:25:05.586,53.6,576.86,0.0,1
2025-08-02 06:25:05.656,53.6,582.26,0.0,1
2025-08-02 06:25:05.756,53.6,582.26,0.0,1
2025-08-02 06:25:05.900,53.6,582.26,0.0,1
2025-08-02 06:25:07.575,53.6,635.54,0.0,1
2025-08-02 06:25:07.725,55.4,635.54,0.0,1
2025-08-02 06:25:07.798,55.4,635.54,0.0,1
2025-08-02 06:25:07.866,55.4,642.56,0.0,1
2025-08-02 06:25:07.941,55.4,642.56,0.0,1
2025-08-02 06:25:08.007,55.4,642.56,0.0,1
2025-08-02 06:25:08.107,55.4,647.06,0.0,1
2025-08-02 06:25:08.181,55.4,647.06,0.0,1
2025-08-02 06:25:08.248,55.4,647.06,0.0,1
2025-08-02 06:25:08.327,55.4,651.2,0.0,1
2025-08-02 06:25:08.421,55.4,651.2,0.0,1
2025-08-02 06:25:08.597,55.4,651.2,0.0,1
2025-08-02 06:25:08.751,55.4,659.12,0.0,1
2025-08-02 06:25:08.907,55.4,659.12,0.0,1
2025-08-02 06:25:09.079,55.4,659.12,0.0,1
2025-08-02 06:25:09.238,55.4,668.12,0.0,1
2025-08-02 06:25:09.364,55.4,668.12,0.0,1
2025-08-02 06:25:09.458,55.4,668.12,0.0,1
2025-08-02 06:25:09.525,55.4,673.52,0.0,1
2025-08-02 06:25:09.616,55.4,673.52,0.0,1
2025-08-02 06:25:09.758,55.4,673.52,0.0,1
2025-08-02 06:25:09.905,55.4,681.08,0.0,1
2025-08-02 06:25:09.973,55.4,681.08,0.0,1
2025-08-02 06:25:10.091,55.4,681.08,0.0,1
2025-08-02 06:25:10.237,55.4,686.48,0.0,1
2025-08-02 06:25:10.330,55.4,686.48,0.0,1
2025-08-02 06:25:10.472,55.4,686.48,0.0,1
2025-08-02 06:25:10.553,55.4,691.52,0.0,1
2025-08-02 06:25:10.623,55.4,691.52,0.0,1
2025-08-02 06:25:10.721,55.4,691.52,0.0,1
2025-08-02 06:25:10.819,55.4,696.56,0.0,1
2025-08-02 06:25:10.969,55.4,696.56,0.0,1
2025-08-02 06:25:11.123,55.4,696.56,0.0,1
2025-08-02 06:25:11.300,55.4,704.12,0.0,1
2025-08-02 06:25:11.462,57.2,704.12,0.0,1
2025-08-02 06:25:11.581,57.2,704.12,0.0,1
2025-08-02 06:25:11.788,57.2,711.68,0.0,1
2025-08-02 06:25:11.915,57.2,711.68,0.0,1
2025-08-02 06:25:12.051,57.2,711.68,0.0,1
2025-08-02 06:25:12.225,57.2,717.44,0.0,1
2025-08-02 06:25:12.374,57.2,717.44,0.0,1
2025-08-02 06:25:12.529,57.2,717.44,0.0,1
2025-08-02 06:25:12.703,57.2,724.46,0.0,1
2025-08-02 06:25:12.839,57.2,724.46,0.0,1
2025-08-02 06:25:12.911,57.2,724.46,0.0,1
2025-08-02 06:25:13.015,57.2,728.78,0.0,1
2025-08-02 06:25:13.190,57.2,728.78,0.0,1
2025-08-02 06:25:13.347,57.2,728.78,0.0,1
2025-08-02 06:25:13.468,57.2,735.8,0.0,1
2025-08-02 06:25:13.621,57.2,735.8,0.0,1
2025-08-02 06:25:13.712,57.2,735.8,0.0,1
2025-08-02 06:25:13.782,57.2,739.94,0.0,1
2025-08-02 06:25:13.872,57.2,739.94,0.0,1
2025-08-02 06:25:14.013,57.2,739.94,0.0,1
2025-08-02 06:25:14.087,57.2,744.26,0.0,1
2025-08-02 06:25:14.252,57.2,744.26,0.0,1
2025-08-02 06:25:14.318,57.2,744.26,0.0,1
2025-08-02 06:25:14.416,57.2,748.58,0.0,1
2025-08-02 06:25:14.558,57.2,748.58,0.0,1
2025-08-02 06:25:14.653,57.2,748.58,0.0,1
2025-08-02 06:25:14.798,57.2,754.16,0.0,1
2025-08-02 06:25:14.952,57.2,754.16,0.0,1
2025-08-02 06:25:15.111,57.2,754.16,0.0,1
2025-08-02 06:25:15.286,57.2,761.54,0.0,1
2025-08-02 06:25:15.428,57.2,761.54,0.0,1
2025-08-02 06:25:15.500,57.2,761.54,0.0,1
2025-08-02 06:25:15.568,57.2,765.68,0.0,1
2025-08-02 06:25:15.658,57.2,765.68,0.0,1
2025-08-02 06:25:15.725,57.2,765.68,0.0,1
2025-08-02 06:25:15.812,57.2,768.2,0.0,1
2025-08-02 06:25:15.902,57.2,768.2,0.0,1
2025-08-02 06:25:16.000,57.2,768.2,0.0,1
2025-08-02 06:25:16.070,57.2,772.16,0.0,1
2025-08-02 06:25:16.138,57.2,772.16,0.0,1
2025-08-02 06:25:16.232,57.2,772.16,0.0,1
2025-08-02 06:25:16.387,57.2,775.76,0.0,1
2025-08-02 06:25:16.482,59.0,775.76,0.0,1
2025-08-02 06:25:16.640,59.0,775.76,0.0,1
2025-08-02 06:25:16.776,59.0,780.44,0.0,1
2025-08-02 06:25:16.976,59.0,780.44,0.0,1
2025-08-02 06:25:17.100,59.0,780.44,0.0,1
2025-08-02 06:25:17.192,59.0,784.58,0.0,1
2025-08-02 06:25:17.260,59.0,784.58,0.0,1
2025-08-02 06:25:17.357,59.0,784.58,0.0,1
2025-08-02 06:25:17.507,59.0,787.64,0.0,1
2025-08-02 06:25:17.650,59.0,787.64,0.0,1
2025-08-02 06:25:17.743,59.0,787.64,0.0,1
2025-08-02 06:25:17.890,59.0,791.6,0.0,1
2025-08-02 06:25:18.042,59.0,791.6,0.0,1
2025-08-02 06:25:18.140,59.0,791.6,0.0,1
2025-08-02 06:25:18.299,59.0,795.38,0.0,1
2025-08-02 06:25:18.418,59.0,795.38,0.0,1
2025-08-02 06:25:18.506,59.0,795.38,0.0,1
2025-08-02 06:25:18.605,59.0,798.26,0.0,1
2025-08-02 06:25:18.755,59.0,798.26,0.0,1
2025-08-02 06:25:18.917,59.0,798.26,0.0,1
2025-08-02 06:25:19.068,59.0,803.12,0.0,1
2025-08-02 06:25:19.139,59.0,803.12,0.0,1
2025-08-02 06:25:19.208,59.0,803.12,0.0,1
2025-08-02 06:25:19.296,59.0,804.92,0.0,1
2025-08-02 06:25:19.364,59.0,804.92,0.0,1
2025-08-02 06:25:19.457,59.0,804.92,0.0,1
2025-08-02 06:25:19.609,59.0,807.8,0.0,1
2025-08-02 06:25:19.765,59.0,807.8,0.0,1
2025-08-02 06:25:19.886,59.0,807.8,0.0,1
2025-08-02 06:25:19.989,59.0,811.76,0.0,1
2025-08-02 06:25:20.144,59.0,811.76,0.0,1
2025-08-02 06:25:20.301,59.0,811.76,0.0,1
2025-08-02 06:25:20.474,59.0,816.44,0.0,1
2025-08-02 06:25:20.634,59.0,816.44,0.0,1
2025-08-02 06:25:20.761,59.0,816.44,0.0,1
2025-08-02 06:25:20.834,59.0,819.14,0.0,1
2025-08-02 06:25:20.935,59.0,819.14,0.0,1
2025-08-02 06:25:21.109,59.0,819.14,0.0,1
2025-08-02 06:25:21.266,59.0,822.74,0.0,1
2025-08-02 06:25:21.395,60.8,822.74,0.0,1
2025-08-02 06:25:21.464,60.8,822.74,0.0,1
2025-08-02 06:25:21.575,60.8,825.26,0.0,1
2025-08-02 06:25:21.782,60.8,825.26,0.0,1
2025-08-02 06:25:21.982,60.8,825.26,0.0,1
2025-08-02 06:25:22.180,60.8,831.38,0.0,1
2025-08-02 06:25:22.339,60.8,831.38,0.0,1
2025-08-02 06:25:22.490,60.8,831.38,0.0,1
2025-08-02 06:25:22.671,60.8,835.34,0.0,1
2025-08-02 06:25:22.825,60.8,835.34,0.0,1
2025-08-02 06:25:22.978,60.8,835.34,0.0,1
2025-08-02 06:25:23.132,60.8,838.4,0.0,1
2025-08-02 06:25:23.283,60.8,838.4,0.0,1
2025-08-02 06:25:23.358,60.8,838.4,0.0,1
2025-08-02 06:25:23.425,60.8,840.74,0.0,1
2025-08-02 06:25:23.524,60.8,840.74,0.0,1
2025-08-02 06:25:23.670,60.8,840.74,0.0,1
2025-08-02 06:25:23.742,60.8,842.9,0.0,1
2025-08-02 06:25:23.840,60.8,842.9,0.0,1
2025-08-02 06:25:23.985,60.8,842.9,0.0,1
2025-08-02 06:25:24.146,60.8,845.6,0.0,1
2025-08-02 06:25:24.271,60.8,845.6,0.0,1
2025-08-02 06:25:24.459,60.8,845.6,0.0,1
2025-08-02 06:25:24.610,60.8,849.02,0.0,1
2025-08-02 06:25:24.763,60.8,849.02,0.0,1
2025-08-02 06:25:24.916,60.8,849.02,0.0,1
2025-08-02 06:25:25.100,60.8,852.26,0.0,1
2025-08-02 06:25:25.255,60.8,852.26,0.0,1
2025-08-02 06:25:25.381,60.8,852.26,0.0,1
2025-08-02 06:25:25.482,60.8,854.78,0.0,1
2025-08-02 06:25:25.649,60.8,854.78,0.0,1
2025-08-02 06:25:25.823,60.8,854.78,0.0,1
2025-08-02 06:25:25.953,60.8,857.66,0.0,1
2025-08-02 06:25:26.027,62.6,857.66,0.0,1
2025-08-02 06:25:26.126,62.6,857.66,0.0,1
2025-08-02 06:25:26.273,62.6,859.28,0.0,1
2025-08-02 06:25:26.449,62.6,859.28,0.0,1
2025-08-02 06:25:26.642,62.6,859.28,0.0,1
2025-08-02 06:25:26.846,62.6,861.98,0.0,1
2025-08-02 06:25:26.971,62.6,861.98,0.0,1
2025-08-02 06:25:27.142,62.6,861.98,0.0,1
2025-08-02 06:25:27.320,62.6,864.5,0.0,1
2025-08-02 06:25:27.475,62.6,864.5,0.0,1
2025-08-02 06:25:27.595,62.6,864.5,0.0,1
2025-08-02 06:25:27.694,62.6,866.3,0.0,1
2025-08-02 06:25:27.839,62.6,866.3,0.0,1
2025-08-02 06:25:27.915,62.6,866.3,0.0,1
2025-08-02 06:25:28.014,62.6,867.74,0.0,1
2025-08-02 06:25:28.165,62.6,867.74,0.0,1
2025-08-02 06:25:28.319,62.6,867.74,0.0,1
2025-08-02 06:25:28.497,62.6,869.9,0.0,1
2025-08-02 06:25:28.630,62.6,869.9,0.0,1
2025-08-02 06:25:28.775,62.6,869.9,0.0,1
2025-08-02 06:25:28.871,62.6,871.52,0.0,1
2025-08-02 06:25:29.016,62.6,871.52,0.0,1
2025-08-02 06:25:29.089,62.6,871.52,0.0,1
2025-08-02 06:25:29.274,62.6,871.52,0.0,1
2025-08-02 06:25:29.394,62.6,871.52,0.0,1
2025-08-02 06:25:29.507,62.6,873.86,0.0,1
2025-08-02 06:25:29.741,62.6,873.86,0.0,1
2025-08-02 06:25:29.898,62.6,875.3,0.0,1
2025-08-02 06:25:30.080,62.6,875.3,0.0,1
2025-08-02 06:25:30.238,62.6,875.3,0.0,1
2025-08-02 06:25:30.365,62.6,876.92,0.0,1
2025-08-02 06:25:30.457,62.6,876.92,0.0,1
2025-08-02 06:25:30.530,62.6,876.92,0.0,1
2025-08-02 06:25:30.601,62.6,877.64,0.0,1
2025-08-02 06:25:30.683,62.6,877.64,0.0,1
2025-08-02 06:25:30.764,62.6,877.64,0.0,1
2025-08-02 06:25:30.853,62.6,878.18,0.0,1
2025-08-02 06:25:30.998,64.4,878.18,0.0,1
2025-08-02 06:25:31.152,64.4,878.18,0.0,1
2025-08-02 06:25:31.305,64.4,879.62,0.0,1
2025-08-02 06:25:31.445,64.4,879.62,0.0,1
2025-08-02 06:25:31.521,64.4,880.34,0.0,1
2025-08-02 06:25:31.726,64.4,880.34,0.0,1
2025-08-02 06:25:31.868,64.4,880.34,0.0,1
2025-08-02 06:25:32.076,64.4,881.6,0.0,1
2025-08-02 06:25:32.164,64.4,881.6,0.0,1
2025-08-02 06:25:32.254,64.4,881.6,0.0,1
2025-08-02 06:25:32.323,64.4,882.32,0.0,1
2025-08-02 06:25:32.424,64.4,882.32,0.0,1
2025-08-02 06:25:32.575,64.4,882.32,0.0,1
2025-08-02 06:25:32.704,64.4,883.4,0.0,1
2025-08-02 06:25:32.781,64.4,883.4,0.0,1
2025-08-02 06:25:32.883,64.4,883.4,0.0,1
2025-08-02 06:25:33.035,64.4,883.94,0.0,1
2025-08-02 06:25:33.198,64.4,883.94,0.0,1
2025-08-02 06:25:33.352,64.4,883.94,0.0,1
2025-08-02 06:25:33.525,64.4,885.02,0.0,1
2025-08-02 06:25:33.675,64.4,885.02,0.0,1
2025-08-02 06:25:33.831,64.4,885.02,0.0,1
2025-08-02 06:25:34.014,64.4,885.92,0.0,1
2025-08-02 06:25:34.141,64.4,885.92,0.0,1
2025-08-02 06:25:34.217,64.4,885.92,0.0,1
2025-08-02 06:25:34.387,64.4,885.92,0.0,1
2025-08-02 06:25:34.537,64.4,885.92,0.0,1
2025-08-02 06:25:34.634,64.4,887.0,0.0,1
2025-08-02 06:25:34.784,64.4,887.0,0.0,1
2025-08-02 06:25:34.935,64.4,887.0,0.0,1
2025-08-02 06:25:35.006,64.4,887.72,0.0,1
2025-08-02 06:25:35.073,64.4,887.72,0.0,1
2025-08-02 06:25:35.144,64.4,887.72,0.0,1
2025-08-02 06:25:35.236,64.4,887.9,0.0,1
2025-08-02 06:25:35.384,64.4,887.9,0.0,1
2025-08-02 06:25:35.538,64.4,887.9,0.0,1
2025-08-02 06:25:35.690,64.4,888.62,0.0,1
2025-08-02 06:25:35.886,66.2,888.62,0.0,1
2025-08-02 06:25:36.011,66.2,888.62,0.0,1
2025-08-02 06:25:36.103,66.2,889.16,0.0,1
2025-08-02 06:25:36.255,66.2,889.16,0.0,1
2025-08-02 06:25:36.408,66.2,889.16,0.0,1
2025-08-02 06:25:36.485,66.2,889.7,0.0,1
2025-08-02 06:25:36.579,66.2,889.7,0.0,1
2025-08-02 06:25:36.787,66.2,889.7,0.0,1
2025-08-02 06:25:36.984,66.2,890.24,0.0,1
2025-08-02 06:25:37.115,66.2,890.24,0.0,1
2025-08-02 06:25:37.260,66.2,890.24,0.0,1
2025-08-02 06:25:37.331,66.2,890.6,0.0,1
2025-08-02 06:25:37.429,66.2,890.6,0.0,1
2025-08-02 06:25:37.577,66.2,890.6,0.0,1
2025-08-02 06:25:37.730,66.2,890.96,0.0,1
2025-08-02 06:25:37.799,66.2,890.96,0.0,1
2025-08-02 06:25:37.865,66.2,890.96,0.0,1
2025-08-02 06:25:37.963,66.2,891.14,0.0,1
2025-08-02 06:25:38.116,66.2,891.14,0.0,1
2025-08-02 06:25:38.269,66.2,891.14,0.0,1
2025-08-02 06:25:38.444,66.2,891.5,0.0,1
2025-08-02 06:25:38.602,66.2,891.5,0.0,1
2025-08-02 06:25:38.752,66.2,891.5,0.0,1
2025-08-02 06:25:38.934,66.2,891.86,0.0,1
2025-08-02 06:25:39.064,66.2,891.86,0.0,1
2025-08-02 06:25:39.131,66.2,891.86,0.0,1
2025-08-02 06:25:39.228,66.2,892.04,0.0,1
2025-08-02 06:25:39.377,66.2,892.04,0.0,1
2025-08-02 06:25:39.450,66.2,892.04,0.0,1
2025-08-02 06:25:39.522,66.2,892.4,0.0,1
2025-08-02 06:25:39.624,66.2,892.4,0.0,1
2025-08-02 06:25:39.748,66.2,892.4,0.0,1
2025-08-02 06:25:39.823,66.2,892.58,0.0,1
2025-08-02 06:25:39.925,66.2,892.58,0.0,1
2025-08-02 06:25:40.077,66.2,892.58,0.0,1
2025-08-02 06:25:40.223,66.2,892.76,0.0,1
2025-08-02 06:25:40.396,66.2,892.76,0.0,1
2025-08-02 06:25:40.547,66.2,892.76,0.0,1
2025-08-02 06:25:40.697,66.2,892.94,0.0,1
2025-08-02 06:25:40.766,68.0,892.94,0.0,1
2025-08-02 06:25:40.838,68.0,892.94,0.0,1
2025-08-02 06:25:40.907,68.0,892.94,0.0,1
2025-08-02 06:25:41.009,68.0,892.94,0.0,1
2025-08-02 06:25:41.177,68.0,892.94,0.0,1
2025-08-02 06:25:41.327,68.0,893.12,0.0,1
2025-08-02 06:25:41.476,68.0,893.12,0.0,1
2025-08-02 06:25:41.704,68.0,893.3,0.0,1
2025-08-02 06:25:41.903,68.0,893.3,0.0,1
2025-08-02 06:25:42.112,68.0,893.3,0.0,1
2025-08-02 06:25:42.290,68.0,893.48,0.0,1
2025-08-02 06:25:42.436,68.0,893.48,0.0,1
2025-08-02 06:25:42.584,68.0,893.48,0.0,1
2025-08-02 06:25:42.684,68.0,893.66,0.0,1
2025-08-02 06:25:42.834,68.0,893.66,0.0,1
2025-08-02 06:25:43.016,68.0,893.66,0.0,1
2025-08-02 06:25:43.137,68.0,893.66,0.0,1
2025-08-02 06:25:43.228,68.0,893.66,0.0,1
2025-08-02 06:25:43.297,68.0,893.66,0.0,1
2025-08-02 06:25:43.401,68.0,893.84,0.0,1
2025-08-02 06:25:43.560,68.0,893.84,0.0,1
2025-08-02 06:25:43.681,68.0,893.84,0.0,1
2025-08-02 06:25:43.762,68.0,893.84,0.0,1
2025-08-02 06:25:43.853,68.0,893.84,0.0,1
2025-08-02 06:25:43.997,68.0,893.84,0.0,1
2025-08-02 06:25:44.096,68.0,893.84,0.0,1
2025-08-02 06:25:44.247,68.0,893.84,0.0,1
2025-08-02 06:25:44.375,68.0,893.84,0.0,1
2025-08-02 06:25:44.447,68.0,893.84,0.0,1
2025-08-02 06:25:44.545,68.0,893.84,0.0,1
2025-08-02 06:25:44.696,68.0,893.84,0.0,1
2025-08-02 06:25:44.869,68.0,893.84,0.0,1
2025-08-02 06:25:45.021,68.0,893.84,0.0,1
2025-08-02 06:25:45.145,68.0,893.84,0.0,1
2025-08-02 06:25:45.251,68.0,893.84,0.0,1
2025-08-02 06:25:45.454,68.0,893.84,0.0,1
2025-08-02 06:25:45.556,68.0,893.84,0.0,1
2025-08-02 06:25:45.708,68.0,893.84,0.0,1
2025-08-02 06:25:45.857,68.0,893.84,0.0,1
2025-08-02 06:25:46.012,68.0,893.84,0.0,1
2025-08-02 06:25:46.177,68.0,893.84,0.0,1
2025-08-02 06:25:46.336,68.0,893.84,0.0,1
2025-08-02 06:25:46.489,68.0,893.84,0.0,1
2025-08-02 06:25:46.579,68.0,893.84,0.0,1
2025-08-02 06:25:46.717,68.0,893.84,0.0,1
2025-08-02 06:25:46.927,68.0,893.66,0.0,1
2025-08-02 06:25:47.050,69.8,893.66,0.0,1
2025-08-02 06:25:47.212,69.8,893.66,0.0,1
2025-08-02 06:25:47.407,69.8,893.66,0.0,1
2025-08-02 06:25:47.560,69.8,893.66,0.0,1
2025-08-02 06:25:47.682,69.8,893.66,0.0,1
2025-08-02 06:25:47.756,69.8,893.48,0.0,1
2025-08-02 06:25:47.853,69.8,893.48,0.0,1
2025-08-02 06:25:48.019,69.8,893.48,0.0,1
2025-08-02 06:25:48.162,69.8,893.48,0.0,1
2025-08-02 06:25:48.259,69.8,893.48,0.0,1
2025-08-02 06:25:48.410,69.8,893.48,0.0,1
2025-08-02 06:25:48.557,69.8,893.3,0.0,1
2025-08-02 06:25:48.709,69.8,893.3,0.0,1
2025-08-02 06:25:48.883,69.8,893.3,0.0,1
2025-08-02 06:25:49.042,69.8,893.12,0.0,1
2025-08-02 06:25:49.193,69.8,893.12,0.0,1
2025-08-02 06:25:49.367,69.8,893.12,0.0,1
2025-08-02 06:25:49.507,69.8,892.94,0.0,1
2025-08-02 06:25:49.574,69.8,892.94,0.0,1
2025-08-02 06:25:49.672,69.8,892.94,0.0,1
2025-08-02 06:25:49.822,69.8,892.94,0.0,1
2025-08-02 06:25:49.973,69.8,892.94,0.0,1
2025-08-02 06:25:50.153,69.8,892.94,0.0,1
2025-08-02 06:25:50.283,69.8,892.76,0.0,1
2025-08-02 06:25:50.349,69.8,892.76,0.0,1
2025-08-02 06:25:50.416,69.8,892.76,0.0,1
2025-08-02 06:25:50.536,69.8,892.58,0.0,1
2025-08-02 06:25:50.682,69.8,892.58,0.0,1
2025-08-02 06:25:50.840,69.8,892.58,0.0,1
2025-08-02 06:25:51.020,69.8,892.4,0.0,1
2025-08-02 06:25:51.153,69.8,892.4,0.0,1
2025-08-02 06:25:51.374,69.8,892.22,0.0,1
2025-08-02 06:25:51.474,69.8,892.22,0.0,1
2025-08-02 06:25:51.639,69.8,892.22,0.0,1
2025-08-02 06:25:51.773,69.8,892.04,0.0,1
2025-08-02 06:25:51.982,69.8,892.04,0.0,1
2025-08-02 06:25:52.186,69.8,892.04,0.0,1
2025-08-02 06:25:52.342,69.8,891.68,0.0,1
2025-08-02 06:25:52.497,71.6,891.68,0.0,1
2025-08-02 06:25:52.656,71.6,891.68,0.0,1
2025-08-02 06:25:52.812,71.6,891.5,0.0,1
2025-08-02 06:25:52.968,71.6,891.5,0.0,1
2025-08-02 06:25:53.144,71.6,891.5,0.0,1
2025-08-02 06:25:53.298,71.6,891.14,0.0,1
2025-08-02 06:25:53.448,71.6,891.14,0.0,1
2025-08-02 06:25:53.619,71.6,891.14,0.0,1
2025-08-02 06:25:53.774,71.6,890.78,0.0,1
2025-08-02 06:25:53.916,71.6,890.78,0.0,1
2025-08-02 06:25:54.011,71.6,890.78,0.0,1
2025-08-02 06:25:54.154,71.6,890.6,0.0,1
2025-08-02 06:25:54.304,71.6,890.6,0.0,1
2025-08-02 06:25:54.376,71.6,890.6,0.0,1
2025-08-02 06:25:54.473,71.6,890.42,0.0,1
2025-08-02 06:25:54.622,71.6,890.42,0.0,1
2025-08-02 06:25:54.779,71.6,890.42,0.0,1
2025-08-02 06:25:54.935,71.6,890.06,0.0,1
2025-08-02 06:25:55.090,71.6,890.06,0.0,1
2025-08-02 06:25:55.247,71.6,890.06,0.0,1
2025-08-02 06:25:55.422,71.6,889.7,0.0,1
2025-08-02 06:25:55.580,71.6,889.7,0.0,1
2025-08-02 06:25:55.732,71.6,889.7,0.0,1
2025-08-02 06:25:55.912,71.6,889.34,0.0,1
2025-08-02 06:25:56.124,71.6,889.34,0.0,1
2025-08-02 06:25:56.199,71.6,889.16,0.0,1
2025-08-02 06:25:56.297,71.6,889.16,0.0,1
2025-08-02 06:25:56.523,71.6,888.98,0.0,1
2025-08-02 06:25:56.796,71.6,888.98,0.0,1
2025-08-02 06:25:56.998,71.6,888.98,0.0,1
2025-08-02 06:25:57.128,71.6,888.44,0.0,1
2025-08-02 06:25:57.226,71.6,888.44,0.0,1
2025-08-02 06:25:57.374,71.6,888.44,0.0,1
2025-08-02 06:25:57.523,71.6,888.26,0.0,1
2025-08-02 06:25:57.625,71.6,888.26,0.0,1
2025-08-02 06:25:57.779,71.6,888.26,0.0,1
2025-08-02 06:25:57.909,71.6,887.9,0.0,1
2025-08-02 06:25:57.975,71.6,887.9,0.0,1
2025-08-02 06:25:58.093,71.6,887.9,0.0,1
2025-08-02 06:25:58.244,71.6,887.54,0.0,1
2025-08-02 06:25:58.395,73.4,887.54,0.0,1
2025-08-02 06:25:58.547,73.4,887.54,0.0,1
2025-08-02 06:25:58.619,73.4,887.36,0.0,1
2025-08-02 06:25:58.688,73.4,887.36,0.0,1
2025-08-02 06:25:58.789,73.4,887.36,0.0,1
2025-08-02 06:25:58.928,73.4,887.0,0.0,1
2025-08-02 06:25:59.078,73.4,887.0,0.0,1
2025-08-02 06:25:59.177,73.4,887.0,0.0,1
2025-08-02 06:25:59.326,73.4,886.64,0.0,1
2025-08-02 06:25:59.479,73.4,886.64,0.0,1
2025-08-02 06:25:59.635,73.4,886.64,0.0,1
2025-08-02 06:25:59.816,73.4,886.28,0.0,1
2025-08-02 06:25:59.959,73.4,886.28,0.0,1
2025-08-02 06:26:00.112,73.4,886.28,0.0,1
2025-08-02 06:26:00.282,73.4,885.74,0.0,1
2025-08-02 06:26:00.436,73.4,885.74,0.0,1
2025-08-02 06:26:00.586,73.4,885.74,0.0,1
2025-08-02 06:26:00.664,73.4,885.38,0.0,1
2025-08-02 06:26:00.735,73.4,885.38,0.0,1
2025-08-02 06:26:00.825,73.4,885.38,0.0,1
2025-08-02 06:26:00.918,73.4,885.2,0.0,1
2025-08-02 06:26:01.064,73.4,885.2,0.0,1
2025-08-02 06:26:01.215,73.4,885.2,0.0,1
2025-08-02 06:26:01.369,73.4,884.66,0.0,1
2025-08-02 06:26:01.587,73.4,884.66,0.0,1
2025-08-02 06:26:01.780,73.4,884.66,0.0,1
2025-08-02 06:26:01.992,73.4,884.12,0.0,1
2025-08-02 06:26:02.180,73.4,884.12,0.0,1
2025-08-02 06:26:02.333,73.4,884.12,0.0,1
2025-08-02 06:26:02.513,73.4,883.58,0.0,1
2025-08-02 06:26:02.662,73.4,883.58,0.0,1
2025-08-02 06:26:02.792,73.4,883.58,0.0,1
2025-08-02 06:26:02.889,73.4,883.04,0.0,1
2025-08-02 06:26:02.955,73.4,883.04,0.0,1
2025-08-02 06:26:03.075,73.4,883.04,0.0,1
2025-08-02 06:26:03.289,73.4,883.04,0.0,1
2025-08-02 06:26:03.536,73.4,882.5,0.0,1
2025-08-02 06:26:03.704,73.4,882.5,0.0,1
2025-08-02 06:26:03.844,73.4,882.5,0.0,1
2025-08-02 06:26:03.921,73.4,881.96,0.0,1
2025-08-02 06:26:03.991,75.2,881.96,0.0,1
2025-08-02 06:26:04.067,75.2,881.96,0.0,1
2025-08-02 06:26:04.156,75.2,881.78,0.0,1
2025-08-02 06:26:04.298,75.2,881.78,0.0,1
2025-08-02 06:26:04.448,75.2,881.78,0.0,1
2025-08-02 06:26:04.518,75.2,881.42,0.0,1
2025-08-02 06:26:04.608,75.2,881.42,0.0,1
2025-08-02 06:26:04.850,75.2,881.06,0.0,1
2025-08-02 06:26:05.090,75.2,881.06,0.0,1
2025-08-02 06:26:05.268,75.2,880.52,0.0,1
2025-08-02 06:26:05.405,75.2,880.52,0.0,1
2025-08-02 06:26:05.475,75.2,880.52,0.0,1
2025-08-02 06:26:05.598,75.2,880.16,0.0,1
2025-08-02 06:26:05.799,75.2,880.16,0.0,1
2025-08-02 06:26:05.893,75.2,879.8,0.0,1
2025-08-02 06:26:06.062,75.2,879.8,0.0,1
2025-08-02 06:26:06.188,75.2,879.8,0.0,1
2025-08-02 06:26:06.335,75.2,879.8,0.0,1
2025-08-02 06:26:06.492,75.2,879.8,0.0,1
2025-08-02 06:26:06.653,75.2,879.08,0.0,1
2025-08-02 06:26:06.994,75.2,879.08,0.0,1
2025-08-02 06:26:07.129,75.2,878.36,0.0,1
2025-08-02 06:26:07.283,75.2,878.36,0.0,1
2025-08-02 06:26:07.437,75.2,878.36,0.0,1
2025-08-02 06:26:07.597,75.2,877.82,0.0,1
2025-08-02 06:26:07.745,75.2,877.82,0.0,1
2025-08-02 06:26:07.845,75.2,877.82,0.0,1
2025-08-02 06:26:07.993,75.2,877.28,0.0,1
2025-08-02 06:26:08.143,75.2,877.28,0.0,1
2025-08-02 06:26:08.214,75.2,877.28,0.0,1
2025-08-02 06:26:08.338,75.2,876.92,0.0,1
2025-08-02 06:26:08.494,75.2,876.92,0.0,1
2025-08-02 06:26:08.649,75.2,876.92,0.0,1
2025-08-02 06:26:08.807,75.2,876.38,0.0,1
2025-08-02 06:26:09.058,75.2,876.38,0.0,1
2025-08-02 06:26:09.289,75.2,876.38,0.0,1
2025-08-02 06:26:09.420,75.2,876.38,0.0,1
2025-08-02 06:26:09.491,75.2,875.48,0.0,1
2025-08-02 06:26:09.590,75.2,875.48,0.0,1
2025-08-02 06:26:09.736,75.2,875.48,0.0,1
2025-08-02 06:26:09.885,75.2,875.12,0.0,1
2025-08-02 06:26:09.959,77.0,875.12,0.0,1
2025-08-02 06:26:10.027,77.0,875.12,0.0,1
2025-08-02 06:26:10.094,77.0,874.76,0.0,1
2025-08-02 06:26:10.190,77.0,874.76,0.0,1
2025-08-02 06:26:10.337,77.0,874.76,0.0,1
2025-08-02 06:26:10.471,77.0,874.4,0.0,1
2025-08-02 06:26:10.574,77.0,874.4,0.0,1
2025-08-02 06:26:10.717,77.0,874.4,0.0,1
2025-08-02 06:26:10.821,77.0,874.04,0.0,1
2025-08-02 06:26:11.019,77.0,874.04,0.0,1
2025-08-02 06:26:11.118,77.0,873.68,0.0,1
2025-08-02 06:26:11.264,77.0,873.68,0.0,1
2025-08-02 06:26:11.417,77.0,873.68,0.0,1
2025-08-02 06:26:11.586,77.0,873.14,0.0,1
2025-08-02 06:26:11.715,77.0,873.14,0.0,1
2025-08-02 06:26:11.917,77.0,873.14,0.0,1
2025-08-02 06:26:12.122,77.0,872.6,0.0,1
2025-08-02 06:26:12.345,77.0,872.6,0.0,1
2025-08-02 06:26:12.492,77.0,872.24,0.0,1
2025-08-02 06:26:12.650,77.0,872.24,0.0,1
2025-08-02 06:26:12.901,77.0,871.7,0.0,1
2025-08-02 06:26:13.034,77.0,871.7,0.0,1
2025-08-02 06:26:13.179,77.0,871.7,0.0,1
2025-08-02 06:26:13.280,77.0,871.16,0.0,1
2025-08-02 06:26:13.426,77.0,871.16,0.0,1
2025-08-02 06:26:13.577,77.0,871.16,0.0,1
2025-08-02 06:26:13.727,77.0,870.8,0.0,1
2025-08-02 06:26:13.824,77.0,870.8,0.0,1
2025-08-02 06:26:13.999,77.0,870.8,0.0,1
2025-08-02 06:26:14.218,77.0,870.8,0.0,1
2025-08-02 06:26:14.456,77.0,869.9,0.0,1
2025-08-02 06:26:14.583,77.0,869.9,0.0,1
2025-08-02 06:26:14.661,77.0,869.9,0.0,1
2025-08-02 06:26:14.763,77.0,869.72,0.0,1
2025-08-02 06:26:14.889,77.0,869.72,0.0,1
2025-08-02 06:26:15.040,77.0,869.36,0.0,1
2025-08-02 06:26:15.196,77.0,869.36,0.0,1
2025-08-02 06:26:15.353,77.0,869.36,0.0,1
2025-08-02 06:26:15.528,77.0,868.64,0.0,1
2025-08-02 06:26:15.677,77.0,868.64,0.0,1
2025-08-02 06:26:15.840,77.0,868.64,0.0,1
2025-08-02 06:26:16.059,77.0,868.64,0.0,1
2025-08-02 06:26:16.161,77.0,868.64,0.0,1
2025-08-02 06:26:16.306,77.0,867.74,0.0,1
2025-08-02 06:26:16.455,78.8,867.74,0.0,1
2025-08-02 06:26:16.637,78.8,867.74,0.0,1
2025-08-02 06:26:16.974,78.8,867.74,0.0,1
2025-08-02 06:26:17.190,78.8,867.74,0.0,1
2025-08-02 06:26:17.323,78.8,866.48,0.0,1
2025-08-02 06:26:17.415,78.8,866.48,0.0,1
2025-08-02 06:26:17.559,78.8,866.48,0.0,1
2025-08-02 06:26:17.656,78.8,866.12,0.0,1
2025-08-02 06:26:17.858,78.8,866.12,0.0,1
2025-08-02 06:26:18.008,78.8,865.76,0.0,1
2025-08-02 06:26:18.183,78.8,865.76,0.0,1
2025-08-02 06:26:18.311,78.8,865.22,0.0,1
2025-08-02 06:26:18.462,78.8,865.22,0.0,1
2025-08-02 06:26:18.565,78.8,865.22,0.0,1
2025-08-02 06:26:18.737,78.8,864.86,0.0,1
2025-08-02 06:26:18.940,78.8,864.86,0.0,1
2025-08-02 06:26:19.037,78.8,864.5,0.0,1
2025-08-02 06:26:19.183,78.8,864.5,0.0,1
2025-08-02 06:26:19.280,78.8,864.5,0.0,1
2025-08-02 06:26:19.437,78.8,863.96,0.0,1
2025-08-02 06:26:19.692,78.8,863.96,0.0,1
2025-08-02 06:26:19.917,78.8,863.96,0.0,1
2025-08-02 06:26:20.048,78.8,863.96,0.0,1
2025-08-02 06:26:20.217,78.8,863.96,0.0,1
2025-08-02 06:26:20.444,78.8,862.7,0.0,1
2025-08-02 06:26:20.523,78.8,862.7,0.0,1
2025-08-02 06:26:20.692,78.8,862.7,0.0,1
2025-08-02 06:26:20.845,78.8,862.16,0.0,1
2025-08-02 06:26:20.998,78.8,862.16,0.0,1
2025-08-02 06:26:21.226,78.8,861.62,0.0,1
2025-08-02 06:26:21.478,78.8,861.62,0.0,1
2025-08-02 06:26:21.637,78.8,861.26,0.0,1
2025-08-02 06:26:21.768,78.8,861.26,0.0,1
2025-08-02 06:26:22.118,78.8,860.54,0.0,1
2025-08-02 06:26:22.251,78.8,860.54,0.0,1
2025-08-02 06:26:22.499,78.8,860.0,0.0,1
2025-08-02 06:26:22.630,78.8,860.0,0.0,1
2025-08-02 06:26:22.803,78.8,860.0,0.0,1
2025-08-02 06:26:23.027,80.6,860.0,0.0,1
2025-08-02 06:26:23.163,80.6,860.0,0.0,1
2025-08-02 06:26:23.246,80.6,859.1,0.0,1
2025-08-02 06:26:23.415,80.6,859.1,0.0,1
2025-08-02 06:26:23.632,80.6,858.74,0.0,1
2025-08-02 06:26:23.874,80.6,858.74,0.0,1
2025-08-02 06:26:24.109,80.6,858.74,0.0,1
2025-08-02 06:26:24.259,80.6,858.74,0.0,1
2025-08-02 06:26:24.408,80.6,857.66,0.0,1
2025-08-02 06:26:24.580,80.6,857.66,0.0,1
2025-08-02 06:26:24.732,80.6,857.66,0.0,1
2025-08-02 06:26:24.877,80.6,857.12,0.0,1
2025-08-02 06:26:25.045,80.6,857.12,0.0,1
2025-08-02 06:26:25.194,80.6,857.12,0.0,1
2025-08-02 06:26:25.374,80.6,856.58,0.0,1
2025-08-02 06:26:25.528,80.6,856.58,0.0,1
2025-08-02 06:26:25.687,80.6,856.58,0.0,1
2025-08-02 06:26:25.834,80.6,856.04,0.0,1
2025-08-02 06:26:25.988,80.6,856.04,0.0,1
2025-08-02 06:26:26.139,80.6,856.04,0.0,1
2025-08-02 06:26:26.232,80.6,855.5,0.0,1
2025-08-02 06:26:26.377,80.6,855.5,0.0,1
2025-08-02 06:26:26.477,80.6,855.5,0.0,1
2025-08-02 06:26:26.637,80.6,855.14,0.0,1
2025-08-02 06:26:26.765,80.6,855.14,0.0,1
2025-08-02 06:26:26.979,80.6,855.14,0.0,1
2025-08-02 06:26:27.177,80.6,854.42,0.0,1
2025-08-02 06:26:27.304,80.6,854.42,0.0,1
2025-08-02 06:26:27.377,80.6,854.42,0.0,1
2025-08-02 06:26:27.477,80.6,854.06,0.0,1
2025-08-02 06:26:27.647,80.6,854.06,0.0,1
2025-08-02 06:26:27.794,80.6,854.06,0.0,1
2025-08-02 06:26:28.038,80.6,854.06,0.0,1
2025-08-02 06:26:28.185,80.6,854.06,0.0,1
2025-08-02 06:26:28.335,80.6,853.16,0.0,1
2025-08-02 06:26:28.527,80.6,853.16,0.0,1
2025-08-02 06:26:28.675,80.6,853.16,0.0,1
2025-08-02 06:26:28.798,80.6,852.44,0.0,1
2025-08-02 06:26:28.869,80.6,852.44,0.0,1
2025-08-02 06:26:28.967,80.6,852.44,0.0,1
2025-08-02 06:26:29.112,80.6,852.08,0.0,1
2025-08-02 06:26:29.346,80.6,852.08,0.0,1
2025-08-02 06:26:29.527,80.6,851.72,0.0,1
2025-08-02 06:26:29.679,82.4,851.72,0.0,1
2025-08-02 06:26:29.832,82.4,851.72,0.0,1
2025-08-02 06:26:29.984,82.4,851.18,0.0,1
2025-08-02 06:26:30.061,82.4,851.18,0.0,1
2025-08-02 06:26:30.128,82.4,851.18,0.0,1
2025-08-02 06:26:30.228,82.4,850.82,0.0,1
2025-08-02 06:26:30.378,82.4,850.82,0.0,1
2025-08-02 06:26:30.528,82.4,850.82,0.0,1
2025-08-02 06:26:30.708,82.4,850.28,0.0,1
2025-08-02 06:26:30.857,82.4,850.28,0.0,1
2025-08-02 06:26:31.008,82.4,850.28,0.0,1
2025-08-02 06:26:31.192,82.4,849.74,0.0,1
2025-08-02 06:26:31.321,82.4,849.74,0.0,1
2025-08-02 06:26:31.391,82.4,849.74,0.0,1
2025-08-02 06:26:31.491,82.4,849.56,0.0,1
2025-08-02 06:26:31.655,82.4,849.56,0.0,1
2025-08-02 06:26:31.779,82.4,849.56,0.0,1
2025-08-02 06:26:31.920,82.4,849.02,0.0,1
2025-08-02 06:26:32.083,82.4,849.02,0.0,1
2025-08-02 06:26:32.183,82.4,849.02,0.0,1
2025-08-02 06:26:32.364,82.4,848.66,0.0,1
2025-08-02 06:26:32.518,82.4,848.66,0.0,1
2025-08-02 06:26:32.648,82.4,848.66,0.0,1
2025-08-02 06:26:32.748,82.4,848.12,0.0,1
2025-08-02 06:26:32.892,82.4,848.12,0.0,1
2025-08-02 06:26:33.040,82.4,848.12,0.0,1
2025-08-02 06:26:33.139,82.4,847.76,0.0,1
2025-08-02 06:26:33.286,82.4,847.76,0.0,1
2025-08-02 06:26:33.436,82.4,847.76,0.0,1
2025-08-02 06:26:33.511,82.4,847.4,0.0,1
2025-08-02 06:26:33.586,82.4,847.4,0.0,1
2025-08-02 06:26:33.681,82.4,847.4,0.0,1
2025-08-02 06:26:33.858,82.4,847.04,0.0,1
2025-08-02 06:26:34.007,82.4,847.04,0.0,1
2025-08-02 06:26:34.155,82.4,847.04,0.0,1
2025-08-02 06:26:34.344,82.4,846.5,0.0,1
2025-08-02 06:26:34.471,82.4,846.5,0.0,1
2025-08-02 06:26:34.543,82.4,846.5,0.0,1
2025-08-02 06:26:34.643,82.4,846.32,0.0,1
2025-08-02 06:26:34.798,82.4,846.32,0.0,1
2025-08-02 06:26:34.928,82.4,846.32,0.0,1
2025-08-02 06:26:35.019,82.4,845.78,0.0,1
2025-08-02 06:26:35.167,82.4,845.78,0.0,1
2025-08-02 06:26:35.320,82.4,845.78,0.0,1
2025-08-02 06:26:35.416,82.4,845.42,0.0,1
2025-08-02 06:26:35.559,82.4,845.42,0.0,1
2025-08-02 06:26:35.718,82.4,845.42,0.0,1
2025-08-02 06:26:35.795,82.4,845.06,0.0,1
2025-08-02 06:26:35.861,82.4,845.06,0.0,1
2025-08-02 06:26:35.956,82.4,845.06,0.0,1
2025-08-02 06:26:36.092,82.4,844.7,0.0,1
2025-08-02 06:26:36.261,84.2,844.7,0.0,1
2025-08-02 06:26:36.510,84.2,844.34,0.0,1
2025-08-02 06:26:36.648,84.2,844.34,0.0,1
2025-08-02 06:26:36.844,84.2,844.34,0.0,1
2025-08-02 06:26:37.054,84.2,843.8,0.0,1
2025-08-02 06:26:37.223,84.2,843.8,0.0,1
2025-08-02 06:26:37.354,84.2,843.8,0.0,1
2025-08-02 06:26:37.515,84.2,843.26,0.0,1
2025-08-02 06:26:37.668,84.2,843.26,0.0,1
2025-08-02 06:26:37.738,84.2,843.26,0.0,1
2025-08-02 06:26:37.808,84.2,843.08,0.0,1
2025-08-02 06:26:37.906,84.2,843.08,0.0,1
2025-08-02 06:26:38.155,84.2,842.72,0.0,1
2025-08-02 06:26:38.283,84.2,842.72,0.0,1
2025-08-02 06:26:38.354,84.2,842.72,0.0,1
2025-08-02 06:26:38.539,84.2,842.72,0.0,1
2025-08-02 06:26:38.778,84.2,842.0,0.0,1
2025-08-02 06:26:38.929,84.2,842.0,0.0,1
2025-08-02 06:26:39.082,84.2,842.0,0.0,1
2025-08-02 06:26:39.258,84.2,841.64,0.0,1
2025-08-02 06:26:39.410,84.2,841.64,0.0,1
2025-08-02 06:26:39.566,84.2,841.64,0.0,1
2025-08-02 06:26:39.722,84.2,841.28,0.0,1
2025-08-02 06:26:39.885,84.2,841.28,0.0,1
2025-08-02 06:26:40.036,84.2,841.28,0.0,1
2025-08-02 06:26:40.129,84.2,840.74,0.0,1
2025-08-02 06:26:40.275,84.2,840.74,0.0,1
2025-08-02 06:26:40.508,84.2,840.38,0.0,1
2025-08-02 06:26:40.665,84.2,840.38,0.0,1
2025-08-02 06:26:40.736,84.2,840.38,0.0,1
2025-08-02 06:26:40.805,84.2,840.2,0.0,1
2025-08-02 06:26:40.874,84.2,840.2,0.0,1
2025-08-02 06:26:41.018,84.2,840.2,0.0,1
2025-08-02 06:26:41.119,84.2,839.84,0.0,1
2025-08-02 06:26:41.264,84.2,839.84,0.0,1
2025-08-02 06:26:41.417,84.2,839.84,0.0,1
2025-08-02 06:26:41.592,84.2,839.48,0.0,1
2025-08-02 06:26:41.790,84.2,839.48,0.0,1
2025-08-02 06:26:41.993,84.2,839.48,0.0,1
2025-08-02 06:26:42.143,84.2,838.94,0.0,1
2025-08-02 06:26:42.298,84.2,838.94,0.0,1
2025-08-02 06:26:42.449,84.2,838.94,0.0,1
2025-08-02 06:26:42.603,84.2,838.58,0.0,1
2025-08-02 06:26:42.757,86.0,838.58,0.0,1
2025-08-02 06:26:42.856,86.0,838.58,0.0,1
2025-08-02 06:26:42.981,86.0,838.22,0.0,1
2025-08-02 06:26:43.156,86.0,838.22,0.0,1
2025-08-02 06:26:43.312,86.0,838.22,0.0,1
2025-08-02 06:26:43.460,86.0,837.86,0.0,1
2025-08-02 06:26:43.635,86.0,837.86,0.0,1
2025-08-02 06:26:43.776,86.0,837.86,0.0,1
2025-08-02 06:26:43.873,86.0,837.5,0.0,1
2025-08-02 06:26:44.021,86.0,837.5,0.0,1
2025-08-02 06:26:44.172,86.0,837.5,0.0,1
2025-08-02 06:26:44.266,86.0,837.14,0.0,1
2025-08-02 06:26:44.517,86.0,837.14,0.0,1
2025-08-02 06:26:44.641,86.0,836.96,0.0,1
2025-08-02 06:26:44.714,86.0,836.96,0.0,1
2025-08-02 06:26:44.815,86.0,836.96,0.0,1
2025-08-02 06:26:44.961,86.0,836.6,0.0,1
2025-08-02 06:26:45.142,86.0,836.6,0.0,1
2025-08-02 06:26:45.268,86.0,836.6,0.0,1
2025-08-02 06:26:45.369,86.0,836.24,0.0,1
2025-08-02 06:26:45.518,86.0,836.24,0.0,1
2025-08-02 06:26:45.666,86.0,836.24,0.0,1
2025-08-02 06:26:48.298,86.0,836.24,0.0,1
2025-08-02 06:26:48.374,86.0,836.24,0.0,1
2025-08-02 06:26:48.559,86.0,833.72,0.0,1
2025-08-02 06:26:48.710,86.0,833.72,0.0,1
2025-08-02 06:26:48.843,86.0,833.72,0.0,1
2025-08-02 06:26:48.916,86.0,833.36,0.0,1
2025-08-02 06:26:48.983,86.0,833.36,0.0,1
2025-08-02 06:26:49.101,86.0,833.36,0.0,1
2025-08-02 06:26:49.247,86.0,833.18,0.0,1
2025-08-02 06:26:49.401,86.0,833.18,0.0,1
2025-08-02 06:26:49.581,86.0,833.18,0.0,1
2025-08-02 06:26:49.742,86.0,832.82,0.0,1
2025-08-02 06:26:49.868,87.8,832.82,0.0,1
2025-08-02 06:26:49.970,87.8,832.82,0.0,1
2025-08-02 06:26:50.128,87.8,832.46,0.0,1
2025-08-02 06:26:50.246,87.8,832.46,0.0,1
2025-08-02 06:26:50.334,87.8,832.46,0.0,1
2025-08-02 06:26:50.449,87.8,832.28,0.0,1
2025-08-02 06:26:50.595,87.8,832.28,0.0,1
2025-08-02 06:26:50.747,87.8,832.28,0.0,1
2025-08-02 06:26:50.927,87.8,831.92,0.0,1
2025-08-02 06:26:51.077,87.8,831.92,0.0,1
2025-08-02 06:26:51.245,87.8,831.92,0.0,1
2025-08-02 06:26:51.409,87.8,831.38,0.0,1
2025-08-02 06:26:51.591,87.8,831.38,0.0,1
2025-08-02 06:26:51.786,87.8,831.38,0.0,1
2025-08-02 06:26:51.988,87.8,831.02,0.0,1
2025-08-02 06:26:52.185,87.8,831.02,0.0,1
2025-08-02 06:26:52.337,87.8,831.02,0.0,1
2025-08-02 06:26:52.670,87.8,831.02,0.0,1
2025-08-02 06:26:52.800,87.8,831.02,0.0,1
2025-08-02 06:26:52.876,87.8,830.12,0.0,1
2025-08-02 06:26:52.974,87.8,830.12,0.0,1
2025-08-02 06:26:53.123,87.8,830.12,0.0,1
2025-08-02 06:26:53.257,87.8,829.94,0.0,1
2025-08-02 06:26:53.356,87.8,829.94,0.0,1
2025-08-02 06:26:53.503,87.8,829.94,0.0,1
2025-08-02 06:26:53.658,87.8,829.58,0.0,1
2025-08-02 06:26:53.845,87.8,829.58,0.0,1
2025-08-02 06:26:53.998,87.8,829.58,0.0,1
2025-08-02 06:26:54.124,87.8,829.22,0.0,1
2025-08-02 06:26:54.224,87.8,829.22,0.0,1
2025-08-02 06:26:54.373,87.8,829.22,0.0,1
2025-08-02 06:26:54.471,87.8,828.86,0.0,1
2025-08-02 06:26:54.621,87.8,828.86,0.0,1
2025-08-02 06:26:54.856,87.8,828.68,0.0,1
2025-08-02 06:26:55.032,87.8,828.68,0.0,1
2025-08-02 06:26:55.188,87.8,828.68,0.0,1
2025-08-02 06:26:55.321,87.8,828.14,0.0,1
2025-08-02 06:26:55.422,87.8,828.14,0.0,1
2025-08-02 06:26:55.562,87.8,828.14,0.0,1
2025-08-02 06:26:55.639,87.8,827.96,0.0,1
2025-08-02 06:26:55.706,87.8,827.96,0.0,1
2025-08-02 06:26:55.871,87.8,827.78,0.0,1
2025-08-02 06:26:55.968,87.8,827.78,0.0,1
2025-08-02 06:26:56.117,87.8,827.78,0.0,1
2025-08-02 06:26:56.273,87.8,827.42,0.0,1
2025-08-02 06:26:56.457,87.8,827.42,0.0,1
2025-08-02 06:26:56.623,87.8,827.42,0.0,1
2025-08-02 06:26:56.822,87.8,826.88,0.0,1
2025-08-02 06:26:57.028,87.8,826.88,0.0,1
2025-08-02 06:26:57.223,87.8,826.88,0.0,1
2025-08-02 06:26:57.405,87.8,826.52,0.0,1
2025-08-02 06:26:57.561,89.6,826.52,0.0,1
2025-08-02 06:26:57.715,89.6,826.52,0.0,1
2025-08-02 06:26:57.884,89.6,825.98,0.0,1
2025-08-02 06:26:58.045,89.6,825.98,0.0,1
2025-08-02 06:26:58.176,89.6,825.98,0.0,1
2025-08-02 06:26:58.246,89.6,825.8,0.0,1
2025-08-02 06:26:58.336,89.6,825.8,0.0,1
2025-08-02 06:26:58.477,89.6,825.8,0.0,1
2025-08-02 06:26:58.572,89.6,825.44,0.0,1
2025-08-02 06:26:58.719,89.6,825.44,0.0,1
2025-08-02 06:26:58.872,89.6,825.44,0.0,1
2025-08-02 06:26:59.050,89.6,825.26,0.0,1
2025-08-02 06:26:59.196,89.6,825.26,0.0,1
2025-08-02 06:26:59.289,89.6,825.26,0.0,1
2025-08-02 06:26:59.432,89.6,824.9,0.0,1
2025-08-02 06:26:59.503,89.6,824.9,0.0,1
2025-08-02 06:26:59.601,89.6,824.9,0.0,1
2025-08-02 06:26:59.750,89.6,824.72,0.0,1
2025-08-02 06:26:59.902,89.6,824.72,0.0,1
2025-08-02 06:27:00.027,89.6,824.72,0.0,1
2025-08-02 06:27:00.127,89.6,824.36,0.0,1
2025-08-02 06:27:00.270,89.6,824.36,0.0,1
2025-08-02 06:27:00.369,89.6,824.36,0.0,1
2025-08-02 06:27:00.515,89.6,824.0,0.0,1
2025-08-02 06:27:00.608,89.6,824.0,0.0,1
2025-08-02 06:27:00.675,89.6,824.0,0.0,1
2025-08-02 06:27:00.775,89.6,823.82,0.0,1
2025-08-02 06:27:00.951,89.6,823.82,0.0,1
2025-08-02 06:27:01.081,89.6,823.82,0.0,1
2025-08-02 06:27:01.177,89.6,823.64,0.0,1
2025-08-02 06:27:01.325,89.6,823.64,0.0,1
2025-08-02 06:27:01.421,89.6,823.64,0.0,1
2025-08-02 06:27:01.591,89.6,823.28,0.0,1
2025-08-02 06:27:01.717,89.6,823.28,0.0,1
2025-08-02 06:27:01.924,89.6,823.28,0.0,1
2025-08-02 06:27:02.119,89.6,822.92,0.0,1
2025-08-02 06:27:02.270,89.6,822.92,0.0,1
2025-08-02 06:27:02.444,89.6,822.92,0.0,1
2025-08-02 06:27:02.606,89.6,822.56,0.0,1
2025-08-02 06:27:02.741,89.6,822.56,0.0,1
2025-08-02 06:27:02.838,89.6,822.56,0.0,1
2025-08-02 06:27:02.977,89.6,822.2,0.0,1
2025-08-02 06:27:03.126,89.6,822.2,0.0,1
2025-08-02 06:27:03.220,89.6,822.2,0.0,1
2025-08-02 06:27:03.369,89.6,821.84,0.0,1
2025-08-02 06:27:03.465,89.6,821.84,0.0,1
2025-08-02 06:27:03.661,89.6,821.84,0.0,1
2025-08-02 06:27:03.753,89.6,821.66,0.0,1
2025-08-02 06:27:03.844,89.6,821.66,0.0,1
2025-08-02 06:27:03.919,89.6,821.66,0.0,1
2025-08-02 06:27:03.986,89.6,821.48,0.0,1
2025-08-02 06:27:04.075,89.6,821.48,0.0,1
2025-08-02 06:27:04.175,89.6,821.48,0.0,1
2025-08-02 06:27:04.337,89.6,821.3,0.0,1
2025-08-02 06:27:04.494,89.6,821.3,0.0,1
2025-08-02 06:27:04.671,89.6,821.3,0.0,1
2025-08-02 06:27:04.798,89.6,820.94,0.0,1
2025-08-02 06:27:04.872,91.4,820.94,0.0,1
2025-08-02 06:27:04.965,91.4,820.94,0.0,1
2025-08-02 06:27:05.116,91.4,820.76,0.0,1
2025-08-02 06:27:05.267,91.4,820.76,0.0,1
2025-08-02 06:27:05.445,91.4,820.76,0.0,1
2025-08-02 06:27:05.588,91.4,820.4,0.0,1
2025-08-02 06:27:05.736,91.4,820.4,0.0,1
2025-08-02 06:27:05.833,91.4,820.4,0.0,1
2025-08-02 06:27:05.981,91.4,820.04,0.0,1
2025-08-02 06:27:06.127,91.4,820.04,0.0,1
2025-08-02 06:27:06.198,91.4,820.04,0.0,1
2025-08-02 06:27:06.269,91.4,819.86,0.0,1
2025-08-02 06:27:06.339,91.4,819.86,0.0,1
2025-08-02 06:27:06.436,91.4,819.86,0.0,1
2025-08-02 06:27:06.510,91.4,819.68,0.0,1
2025-08-02 06:27:06.718,91.4,819.68,0.0,1
2025-08-02 06:27:06.928,91.4,819.68,0.0,1
2025-08-02 06:27:07.121,91.4,819.32,0.0,1
2025-08-02 06:27:07.234,91.4,819.32,0.0,1
2025-08-02 06:27:07.305,91.4,819.32,0.0,1
2025-08-02 06:27:07.378,91.4,818.96,0.0,1
2025-08-02 06:27:07.473,91.4,818.96,0.0,1
2025-08-02 06:27:07.618,91.4,818.96,0.0,1
2025-08-02 06:27:07.697,91.4,818.78,0.0,1
2025-08-02 06:27:07.772,91.4,818.78,0.0,1
2025-08-02 06:27:07.838,91.4,818.78,0.0,1
2025-08-02 06:27:07.939,91.4,818.6,0.0,1
2025-08-02 06:27:08.076,91.4,818.6,0.0,1
2025-08-02 06:27:08.221,91.4,818.6,0.0,1
2025-08-02 06:27:08.402,91.4,818.6,0.0,1
2025-08-02 06:27:08.528,91.4,818.6,0.0,1
2025-08-02 06:27:08.609,91.4,818.24,0.0,1
2025-08-02 06:27:08.679,91.4,818.24,0.0,1
2025-08-02 06:27:08.779,91.4,818.24,0.0,1
2025-08-02 06:27:08.929,91.4,818.06,0.0,1
2025-08-02 06:27:09.171,91.4,818.06,0.0,1
2025-08-02 06:27:09.304,91.4,817.7,0.0,1
2025-08-02 06:27:09.407,91.4,817.7,0.0,1
2025-08-02 06:27:09.557,91.4,817.7,0.0,1
2025-08-02 06:27:09.713,91.4,817.52,0.0,1
2025-08-02 06:27:09.892,91.4,817.52,0.0,1
2025-08-02 06:27:10.046,91.4,817.52,0.0,1
2025-08-02 06:27:10.169,91.4,817.16,0.0,1
2025-08-02 06:27:10.271,91.4,817.16,0.0,1
2025-08-02 06:27:10.421,91.4,817.16,0.0,1
2025-08-02 06:27:10.517,91.4,816.98,0.0,1
2025-08-02 06:27:10.660,91.4,816.98,0.0,1
2025-08-02 06:27:10.815,91.4,816.98,0.0,1
2025-08-02 06:27:10.915,91.4,816.62,0.0,1
2025-08-02 06:27:11.056,91.4,816.62,0.0,1
2025-08-02 06:27:11.127,91.4,816.62,0.0,1
2025-08-02 06:27:11.228,91.4,816.44,0.0,1
2025-08-02 06:27:11.376,91.4,816.44,0.0,1
2025-08-02 06:27:11.469,91.4,816.44,0.0,1
2025-08-02 06:27:11.648,91.4,816.26,0.0,1
2025-08-02 06:27:11.856,91.4,816.26,0.0,1
2025-08-02 06:27:12.059,91.4,816.26,0.0,1
2025-08-02 06:27:12.241,91.4,815.72,0.0,1
2025-08-02 06:27:12.345,91.4,815.72,0.0,1
2025-08-02 06:27:12.500,91.4,815.72,0.0,1
2025-08-02 06:27:12.678,91.4,815.54,0.0,1
2025-08-02 06:27:12.828,93.2,815.54,0.0,1
2025-08-02 06:27:12.978,93.2,815.54,0.0,1
2025-08-02 06:27:13.049,93.2,815.18,0.0,1
2025-08-02 06:27:13.118,93.2,815.18,0.0,1
2025-08-02 06:27:13.216,93.2,815.18,0.0,1
2025-08-02 06:27:13.361,93.2,815.0,0.0,1
2025-08-02 06:27:13.514,93.2,815.0,0.0,1
2025-08-02 06:27:13.612,93.2,815.0,0.0,1
2025-08-02 06:27:13.786,93.2,814.64,0.0,1
2025-08-02 06:27:13.934,93.2,814.64,0.0,1
2025-08-02 06:27:14.088,93.2,814.64,0.0,1
2025-08-02 06:27:14.161,93.2,814.46,0.0,1
2025-08-02 06:27:14.229,93.2,814.46,0.0,1
2025-08-02 06:27:14.328,93.2,814.46,0.0,1
2025-08-02 06:27:14.477,93.2,814.28,0.0,1
2025-08-02 06:27:14.624,93.2,814.28,0.0,1
2025-08-02 06:27:14.719,93.2,814.28,0.0,1
2025-08-02 06:27:14.866,93.2,813.92,0.0,1
2025-08-02 06:27:15.240,93.2,813.92,0.0,1
2025-08-02 06:27:15.334,93.2,813.92,0.0,1
2025-08-02 06:27:15.403,93.2,813.74,0.0,1
2025-08-02 06:27:15.546,93.2,813.74,0.0,1
2025-08-02 06:27:15.615,93.2,813.74,0.0,1
2025-08-02 06:27:15.734,93.2,813.38,0.0,1
2025-08-02 06:27:15.887,93.2,813.38,0.0,1
2025-08-02 06:27:16.044,93.2,813.38,0.0,1
2025-08-02 06:27:16.166,93.2,813.2,0.0,1
2025-08-02 06:27:16.257,93.2,813.2,0.0,1
2025-08-02 06:27:16.323,93.2,813.2,0.0,1
2025-08-02 06:27:16.393,93.2,813.02,0.0,1
2025-08-02 06:27:16.492,93.2,813.02,0.0,1
2025-08-02 06:27:16.653,93.2,813.02,0.0,1
2025-08-02 06:27:16.783,93.2,812.66,0.0,1
2025-08-02 06:27:16.925,93.2,812.66,0.0,1
2025-08-02 06:27:17.112,93.2,812.66,0.0,1
2025-08-02 06:27:17.266,93.2,812.48,0.0,1
2025-08-02 06:27:17.422,93.2,812.48,0.0,1
2025-08-02 06:27:17.605,93.2,812.48,0.0,1
2025-08-02 06:27:17.732,93.2,812.12,0.0,1
2025-08-02 06:27:17.802,93.2,812.12,0.0,1
2025-08-02 06:27:17.894,93.2,812.12,0.0,1
2025-08-02 06:27:18.039,93.2,811.94,0.0,1
2025-08-02 06:27:18.295,93.2,811.94,0.0,1
2025-08-02 06:27:18.426,93.2,811.58,0.0,1
2025-08-02 06:27:18.523,93.2,811.58,0.0,1
2025-08-02 06:27:18.676,93.2,811.58,0.0,1
2025-08-02 06:27:18.827,93.2,811.4,0.0,1
2025-08-02 06:27:19.014,93.2,811.4,0.0,1
2025-08-02 06:27:19.134,93.2,811.4,0.0,1
2025-08-02 06:27:19.227,93.2,811.04,0.0,1
2025-08-02 06:27:19.298,93.2,811.04,0.0,1
2025-08-02 06:27:19.399,93.2,811.04,0.0,1
2025-08-02 06:27:19.567,93.2,810.86,0.0,1
2025-08-02 06:27:19.693,93.2,810.86,0.0,1
2025-08-02 06:27:19.792,93.2,810.86,0.0,1
2025-08-02 06:27:19.940,93.2,810.68,0.0,1
2025-08-02 06:27:20.091,93.2,810.68,0.0,1
2025-08-02 06:27:20.269,93.2,810.68,0.0,1
2025-08-02 06:27:20.419,93.2,810.32,0.0,1
2025-08-02 06:27:20.569,95.0,810.32,0.0,1
2025-08-02 06:27:20.740,95.0,810.32,0.0,1
2025-08-02 06:27:20.895,95.0,809.96,0.0,1
2025-08-02 06:27:21.045,95.0,809.96,0.0,1
2025-08-02 06:27:21.128,95.0,809.96,0.0,1
2025-08-02 06:27:21.228,95.0,809.78,0.0,1
2025-08-02 06:27:21.372,95.0,809.78,0.0,1
2025-08-02 06:27:21.523,95.0,809.78,0.0,1
2025-08-02 06:27:21.734,95.0,809.42,0.0,1
2025-08-02 06:27:21.935,95.0,809.42,0.0,1
2025-08-02 06:27:22.144,95.0,809.42,0.0,1
2025-08-02 06:27:22.241,95.0,809.06,0.0,1
2025-08-02 06:27:22.386,95.0,809.06,0.0,1
2025-08-02 06:27:22.479,95.0,809.06,0.0,1
2025-08-02 06:27:22.737,95.0,809.06,0.0,1
2025-08-02 06:27:22.976,95.0,808.52,0.0,1
2025-08-02 06:27:23.102,95.0,808.52,0.0,1
2025-08-02 06:27:23.173,95.0,808.52,0.0,1
2025-08-02 06:27:23.245,95.0,808.34,0.0,1
2025-08-02 06:27:23.342,95.0,808.34,0.0,1
2025-08-02 06:27:23.515,95.0,808.34,0.0,1
2025-08-02 06:27:23.634,95.0,808.16,0.0,1
2025-08-02 06:27:23.729,95.0,808.16,0.0,1
2025-08-02 06:27:23.807,95.0,808.16,0.0,1
2025-08-02 06:27:23.877,95.0,807.98,0.0,1
2025-08-02 06:27:23.947,95.0,807.98,0.0,1
2025-08-02 06:27:24.043,95.0,807.98,0.0,1
2025-08-02 06:27:24.192,95.0,807.8,0.0,1
2025-08-02 06:27:24.347,95.0,807.8,0.0,1
2025-08-02 06:27:24.425,95.0,807.8,0.0,1
2025-08-02 06:27:24.492,95.0,807.62,0.0,1
2025-08-02 06:27:24.590,95.0,807.62,0.0,1
2025-08-02 06:27:24.736,95.0,807.62,0.0,1
2025-08-02 06:27:24.886,95.0,807.44,0.0,1
2025-08-02 06:27:24.963,95.0,807.44,0.0,1
2025-08-02 06:27:25.111,95.0,807.44,0.0,1
2025-08-02 06:27:25.184,95.0,807.26,0.0,1
2025-08-02 06:27:25.282,95.0,807.26,0.0,1
2025-08-02 06:27:25.462,95.0,807.26,0.0,1
2025-08-02 06:27:25.601,95.0,807.08,0.0,1
2025-08-02 06:27:25.751,95.0,807.08,0.0,1
2025-08-02 06:27:25.826,95.0,807.08,0.0,1
2025-08-02 06:27:25.902,95.0,806.9,0.0,1
2025-08-02 06:27:25.990,95.0,806.9,0.0,1
2025-08-02 06:27:26.138,95.0,806.9,0.0,1
2025-08-02 06:27:26.285,95.0,806.54,0.0,1
2025-08-02 06:27:26.382,95.0,806.54,0.0,1
2025-08-02 06:27:26.575,95.0,806.54,0.0,1
2025-08-02 06:27:26.889,95.0,806.18,0.0,1
2025-08-02 06:27:27.050,95.0,806.18,0.0,1
2025-08-02 06:27:27.158,95.0,806.18,0.0,1
2025-08-02 06:27:27.251,95.0,806.0,0.0,1
2025-08-02 06:27:27.394,95.0,806.0,0.0,1
2025-08-02 06:27:27.470,95.0,806.0,0.0,1
2025-08-02 06:27:27.545,95.0,805.82,0.0,1
2025-08-02 06:27:27.613,95.0,805.82,0.0,1
2025-08-02 06:27:27.762,95.0,805.82,0.0,1
2025-08-02 06:27:27.853,95.0,805.64,0.0,1
2025-08-02 06:27:28.002,95.0,805.64,0.0,1
2025-08-02 06:27:28.154,95.0,805.64,0.0,1
2025-08-02 06:27:28.231,95.0,805.28,0.0,1
2025-08-02 06:27:28.302,95.0,805.28,0.0,1
2025-08-02 06:27:28.446,95.0,805.28,0.0,1
2025-08-02 06:27:28.555,95.0,805.1,0.0,1
2025-08-02 06:27:28.701,96.8,805.1,0.0,1
2025-08-02 06:27:28.851,96.8,805.1,0.0,1
2025-08-02 06:27:29.033,96.8,804.92,0.0,1
2025-08-02 06:27:29.167,96.8,804.92,0.0,1
2025-08-02 06:27:29.263,96.8,804.92,0.0,1
2025-08-02 06:27:29.406,96.8,804.56,0.0,1
2025-08-02 06:27:29.507,96.8,804.56,0.0,1
2025-08-02 06:27:29.650,96.8,804.56,0.0,1
2025-08-02 06:27:29.812,96.8,804.38,0.0,1
2025-08-02 06:27:29.996,96.8,804.38,0.0,1
2025-08-02 06:27:30.122,96.8,804.38,0.0,1
2025-08-02 06:27:30.196,96.8,804.2,0.0,1
2025-08-02 06:27:30.266,96.8,804.2,0.0,1
2025-08-02 06:27:30.364,96.8,804.2,0.0,1
2025-08-02 06:27:30.514,96.8,804.02,0.0,1
2025-08-02 06:27:30.613,96.8,804.02,0.0,1
2025-08-02 06:27:30.765,96.8,804.02,0.0,1
2025-08-02 06:27:30.923,96.8,803.84,0.0,1
2025-08-02 06:27:31.091,96.8,803.84,0.0,1
2025-08-02 06:27:31.248,96.8,803.84,0.0,1
2025-08-02 06:27:31.400,96.8,803.48,0.0,1
2025-08-02 06:27:31.572,96.8,803.48,0.0,1
2025-08-02 06:27:31.774,96.8,803.48,0.0,1
2025-08-02 06:27:31.979,96.8,803.12,0.0,1
2025-08-02 06:27:32.113,96.8,803.12,0.0,1
2025-08-02 06:27:32.187,96.8,803.12,0.0,1
2025-08-02 06:27:32.278,96.8,802.94,0.0,1
2025-08-02 06:27:32.369,96.8,802.94,0.0,1
2025-08-02 06:27:32.540,96.8,802.94,0.0,1
2025-08-02 06:27:32.691,96.8,802.76,0.0,1
2025-08-02 06:27:32.838,96.8,802.76,0.0,1
2025-08-02 06:27:33.021,96.8,802.76,0.0,1
2025-08-02 06:27:33.170,96.8,802.4,0.0,1
2025-08-02 06:27:33.317,96.8,802.4,0.0,1
2025-08-02 06:27:33.495,96.8,802.4,0.0,1
2025-08-02 06:27:33.645,96.8,802.22,0.0,1
2025-08-02 06:27:33.799,96.8,802.22,0.0,1
2025-08-02 06:27:33.982,96.8,802.22,0.0,1
2025-08-02 06:27:34.136,96.8,801.86,0.0,1
2025-08-02 06:27:34.262,96.8,801.86,0.0,1
2025-08-02 06:27:34.356,96.8,801.86,0.0,1
2025-08-02 06:27:34.424,96.8,801.68,0.0,1
2025-08-02 06:27:34.524,96.8,801.68,0.0,1
2025-08-02 06:27:34.674,96.8,801.68,0.0,1
2025-08-02 06:27:34.804,96.8,801.5,0.0,1
2025-08-02 06:27:34.872,96.8,801.5,0.0,1
2025-08-02 06:27:34.948,96.8,801.5,0.0,1
2025-08-02 06:27:35.047,96.8,801.32,0.0,1
2025-08-02 06:27:35.143,96.8,801.32,0.0,1
2025-08-02 06:27:35.286,96.8,801.32,0.0,1
2025-08-02 06:27:35.389,96.8,801.14,0.0,1
2025-08-02 06:27:35.537,96.8,801.14,0.0,1
2025-08-02 06:27:35.692,96.8,801.14,0.0,1
2025-08-02 06:27:35.873,96.8,800.78,0.0,1
2025-08-02 06:27:36.001,96.8,800.78,0.0,1
2025-08-02 06:27:36.077,96.8,800.78,0.0,1
2025-08-02 06:27:36.232,96.8,800.6,0.0,1
2025-08-02 06:27:36.408,96.8,800.6,0.0,1
2025-08-02 06:27:36.577,96.8,800.6,0.0,1
2025-08-02 06:27:36.715,96.8,800.42,0.0,1
2025-08-02 06:27:36.917,96.8,800.42,0.0,1
2025-08-02 06:27:37.111,96.8,800.42,0.0,1
2025-08-02 06:27:37.266,96.8,800.06,0.0,1
2025-08-02 06:27:37.362,96.8,800.06,0.0,1
2025-08-02 06:27:37.518,96.8,800.06,0.0,1
2025-08-02 06:27:37.669,96.8,799.88,0.0,1
2025-08-02 06:27:37.843,98.6,799.88,0.0,1
2025-08-02 06:27:37.994,98.6,799.88,0.0,1
2025-08-02 06:27:38.149,98.6,799.52,0.0,1
2025-08-02 06:27:38.333,98.6,799.52,0.0,1
2025-08-02 06:27:38.483,98.6,799.52,0.0,1
2025-08-02 06:27:38.632,98.6,799.34,0.0,1
2025-08-02 06:27:38.789,98.6,799.34,0.0,1
2025-08-02 06:27:38.954,98.6,799.34,0.0,1
2025-08-02 06:27:39.105,98.6,798.98,0.0,1
2025-08-02 06:27:39.178,98.6,798.98,0.0,1
2025-08-02 06:27:39.247,98.6,798.98,0.0,1
2025-08-02 06:27:39.316,98.6,798.8,0.0,1
2025-08-02 06:27:39.418,98.6,798.8,0.0,1
2025-08-02 06:27:39.602,98.6,798.8,0.0,1
2025-08-02 06:27:39.730,98.6,798.62,0.0,1
2025-08-02 06:27:39.878,98.6,798.62,0.0,1
2025-08-02 06:27:39.971,98.6,798.62,0.0,1
2025-08-02 06:27:40.118,98.6,798.44,0.0,1
2025-08-02 06:27:40.274,98.6,798.44,0.0,1
2025-08-02 06:27:40.426,98.6,798.44,0.0,1
2025-08-02 06:27:40.601,98.6,798.08,0.0,1
2025-08-02 06:27:40.751,98.6,798.08,0.0,1
2025-08-02 06:27:40.895,98.6,798.08,0.0,1
2025-08-02 06:27:40.993,98.6,797.9,0.0,1
2025-08-02 06:27:41.136,98.6,797.9,0.0,1
2025-08-02 06:27:41.235,98.6,797.9,0.0,1
2025-08-02 06:27:41.380,98.6,797.72,0.0,1
2025-08-02 06:27:41.574,98.6,797.72,0.0,1
2025-08-02 06:27:41.777,98.6,797.72,0.0,1
2025-08-02 06:27:41.975,98.6,797.36,0.0,1
2025-08-02 06:27:42.192,98.6,797.36,0.0,1
2025-08-02 06:27:42.347,98.6,797.36,0.0,1
2025-08-02 06:27:42.503,98.6,797.18,0.0,1
2025-08-02 06:27:42.690,98.6,797.18,0.0,1
2025-08-02 06:27:42.809,98.6,797.18,0.0,1
2025-08-02 06:27:42.878,98.6,796.82,0.0,1
2025-08-02 06:27:42.980,98.6,796.82,0.0,1
2025-08-02 06:27:43.045,98.6,796.82,0.0,1
2025-08-02 06:27:43.133,98.6,796.82,0.0,1
2025-08-02 06:27:43.199,98.6,796.82,0.0,1
2025-08-02 06:27:43.266,98.6,796.82,0.0,1
2025-08-02 06:27:43.333,98.6,796.64,0.0,1
2025-08-02 06:27:43.426,98.6,796.64,0.0,1
2025-08-02 06:27:43.573,98.6,796.64,0.0,1
2025-08-02 06:27:43.728,98.6,796.46,0.0,1
2025-08-02 06:27:43.909,98.6,796.46,0.0,1
2025-08-02 06:27:44.065,98.6,796.46,0.0,1
2025-08-02 06:27:44.193,98.6,796.28,0.0,1
2025-08-02 06:27:44.267,98.6,796.28,0.0,1
2025-08-02 06:27:44.335,98.6,796.28,0.0,1
2025-08-02 06:27:44.434,98.6,796.1,0.0,1
2025-08-02 06:27:44.581,98.6,796.1,0.0,1
2025-08-02 06:27:44.650,98.6,796.1,0.0,1
2025-08-02 06:27:44.754,98.6,795.92,0.0,1
2025-08-02 06:27:44.908,98.6,795.92,0.0,1
2025-08-02 06:27:45.037,98.6,795.92,0.0,1
2025-08-02 06:27:45.130,98.6,795.74,0.0,1
2025-08-02 06:27:45.276,98.6,795.74,0.0,1
2025-08-02 06:27:45.427,98.6,795.74,0.0,1
2025-08-02 06:27:45.574,98.6,795.56,0.0,1
2025-08-02 06:27:45.646,98.6,795.56,0.0,1
2025-08-02 06:27:45.716,98.6,795.56,0.0,1
2025-08-02 06:27:45.787,98.6,795.38,0.0,1
2025-08-02 06:27:45.881,98.6,795.38,0.0,1
2025-08-02 06:27:46.027,98.6,795.38,0.0,1
2025-08-02 06:27:46.176,98.6,795.2,0.0,1
2025-08-02 06:27:46.269,98.6,795.2,0.0,1
2025-08-02 06:27:46.412,98.6,795.2,0.0,1
2025-08-02 06:27:46.573,98.6,795.02,0.0,1
2025-08-02 06:27:46.778,100.4,795.02,0.0,1
2025-08-02 06:27:47.048,100.4,795.02,0.0,1
2025-08-02 06:27:47.226,100.4,794.66,0.0,1
2025-08-02 06:27:47.386,100.4,794.66,0.0,1
2025-08-02 06:27:47.543,100.4,794.66,0.0,1
2025-08-02 06:27:47.726,100.4,794.48,0.0,1
2025-08-02 06:27:47.856,100.4,794.48,0.0,1
2025-08-02 06:27:48.009,100.4,794.48,0.0,1
2025-08-02 06:27:48.107,100.4,794.3,0.0,1
2025-08-02 06:27:48.254,100.4,794.3,0.0,1
2025-08-02 06:27:48.402,100.4,794.3,0.0,1
2025-08-02 06:27:48.492,100.4,793.94,0.0,1
2025-08-02 06:27:48.635,100.4,793.94,0.0,1
2025-08-02 06:27:48.730,100.4,793.94,0.0,1
2025-08-02 06:27:48.874,100.4,793.76,0.0,1
2025-08-02 06:27:48.941,100.4,793.76,0.0,1
2025-08-02 06:27:49.029,100.4,793.76,0.0,1
2025-08-02 06:27:49.119,100.4,793.76,0.0,1
2025-08-02 06:27:49.266,100.4,793.76,0.0,1
2025-08-02 06:27:49.425,100.4,793.76,0.0,1
2025-08-02 06:27:49.498,100.4,793.58,0.0,1
2025-08-02 06:27:49.597,100.4,793.58,0.0,1
2025-08-02 06:27:49.696,100.4,793.58,0.0,1
2025-08-02 06:27:49.839,100.4,793.4,0.0,1
2025-08-02 06:27:49.994,100.4,793.4,0.0,1
2025-08-02 06:27:50.067,100.4,793.4,0.0,1
2025-08-02 06:27:50.164,100.4,793.22,0.0,1
2025-08-02 06:27:50.313,100.4,793.22,0.0,1
2025-08-02 06:27:50.459,100.4,793.22,0.0,1
2025-08-02 06:27:50.556,100.4,793.04,0.0,1
2025-08-02 06:27:50.625,100.4,793.04,0.0,1
2025-08-02 06:27:50.719,100.4,793.04,0.0,1
2025-08-02 06:27:50.864,100.4,792.86,0.0,1
2025-08-02 06:27:51.014,100.4,792.86,0.0,1
2025-08-02 06:27:51.085,100.4,792.86,0.0,1
2025-08-02 06:27:51.176,100.4,792.86,0.0,1
2025-08-02 06:27:51.246,100.4,792.86,0.0,1
2025-08-02 06:27:51.345,100.4,792.86,0.0,1
2025-08-02 06:27:51.495,100.4,792.68,0.0,1
2025-08-02 06:27:51.727,100.4,792.68,0.0,1
2025-08-02 06:27:51.934,100.4,792.68,0.0,1
2025-08-02 06:27:52.059,100.4,792.32,0.0,1
2025-08-02 06:27:52.207,100.4,792.32,0.0,1
2025-08-02 06:27:52.305,100.4,792.32,0.0,1
2025-08-02 06:27:52.453,100.4,792.14,0.0,1
2025-08-02 06:27:52.602,100.4,792.14,0.0,1
2025-08-02 06:27:52.701,100.4,792.14,0.0,1
2025-08-02 06:27:52.877,100.4,791.96,0.0,1
2025-08-02 06:27:53.029,100.4,791.96,0.0,1
2025-08-02 06:27:53.182,100.4,791.96,0.0,1
2025-08-02 06:27:53.308,100.4,791.78,0.0,1
2025-08-02 06:27:53.404,100.4,791.78,0.0,1
2025-08-02 06:27:53.552,100.4,791.78,0.0,1
2025-08-02 06:27:53.713,100.4,791.6,0.0,1
2025-08-02 06:27:53.900,100.4,791.6,0.0,1
2025-08-02 06:27:54.055,100.4,791.6,0.0,1
2025-08-02 06:27:54.205,100.4,791.42,0.0,1
2025-08-02 06:27:54.374,100.4,791.42,0.0,1
2025-08-02 06:27:54.526,100.4,791.42,0.0,1
2025-08-02 06:27:54.682,100.4,791.24,0.0,1
2025-08-02 06:27:54.856,100.4,791.24,0.0,1
2025-08-02 06:27:55.014,100.4,791.24,0.0,1
2025-08-02 06:27:55.167,100.4,791.06,0.0,1
2025-08-02 06:27:55.321,100.4,791.06,0.0,1
2025-08-02 06:27:55.479,100.4,791.06,0.0,1
2025-08-02 06:27:55.635,100.4,790.7,0.0,1
2025-08-02 06:27:55.709,100.4,790.7,0.0,1
2025-08-02 06:27:55.775,100.4,790.7,0.0,1
2025-08-02 06:27:55.842,100.4,790.7,0.0,1
2025-08-02 06:27:55.933,100.4,790.7,0.0,1
2025-08-02 06:27:56.032,100.4,790.7,0.0,1
2025-08-02 06:27:56.253,100.4,790.7,0.0,1
2025-08-02 06:27:56.350,100.4,790.7,0.0,1
2025-08-02 06:27:56.499,100.4,790.34,0.0,1
2025-08-02 06:27:56.657,102.2,790.34,0.0,1
2025-08-02 06:27:56.859,102.2,790.34,0.0,1
2025-08-02 06:27:57.066,102.2,790.16,0.0,1
2025-08-02 06:27:57.212,102.2,790.16,0.0,1
2025-08-02 06:27:57.310,102.2,790.16,0.0,1
2025-08-02 06:27:57.455,102.2,789.98,0.0,1
2025-08-02 06:27:57.552,102.2,789.98,0.0,1
2025-08-02 06:27:57.696,102.2,789.98,0.0,1
2025-08-02 06:27:57.845,102.2,789.8,0.0,1
2025-08-02 06:27:57.965,102.2,789.8,0.0,1
2025-08-02 06:27:58.090,102.2,789.8,0.0,1
2025-08-02 06:27:58.236,102.2,789.62,0.0,1
2025-08-02 06:27:58.333,102.2,789.62,0.0,1
2025-08-02 06:27:58.477,102.2,789.62,0.0,1
2025-08-02 06:27:58.630,102.2,789.44,0.0,1
2025-08-02 06:27:58.734,102.2,789.44,0.0,1
2025-08-02 06:27:58.880,102.2,789.44,0.0,1
2025-08-02 06:27:59.035,102.2,789.26,0.0,1
2025-08-02 06:27:59.219,102.2,789.26,0.0,1
2025-08-02 06:27:59.351,102.2,789.26,0.0,1
2025-08-02 06:27:59.499,102.2,789.08,0.0,1
2025-08-02 06:27:59.594,102.2,789.08,0.0,1
2025-08-02 06:27:59.742,102.2,789.08,0.0,1
2025-08-02 06:27:59.898,102.2,788.9,0.0,1
2025-08-02 06:28:00.074,102.2,788.9,0.0,1
2025-08-02 06:28:00.232,102.2,788.9,0.0,1
2025-08-02 06:28:00.387,102.2,788.72,0.0,1
2025-08-02 06:28:00.557,102.2,788.72,0.0,1
2025-08-02 06:28:00.707,102.2,788.72,0.0,1
2025-08-02 06:28:00.857,102.2,788.54,0.0,1
2025-08-02 06:28:00.931,102.2,788.54,0.0,1
2025-08-02 06:28:00.997,102.2,788.54,0.0,1
2025-08-02 06:28:01.088,102.2,788.36,0.0,1
2025-08-02 06:28:01.158,102.2,788.36,0.0,1
2025-08-02 06:28:01.223,102.2,788.36,0.0,1
2025-08-02 06:28:01.315,102.2,788.36,0.0,1
2025-08-02 06:28:01.385,102.2,788.36,0.0,1
2025-08-02 06:28:01.486,102.2,788.36,0.0,1
2025-08-02 06:28:01.647,102.2,788.18,0.0,1
2025-08-02 06:28:01.782,102.2,788.18,0.0,1
2025-08-02 06:28:01.982,102.2,788.18,0.0,1
2025-08-02 06:28:02.200,102.2,788.0,0.0,1
2025-08-02 06:28:02.358,102.2,788.0,0.0,1
2025-08-02 06:28:02.649,102.2,788.0,0.0,1
2025-08-02 06:28:02.748,102.2,787.64,0.0,1
2025-08-02 06:28:02.895,102.2,787.64,0.0,1
2025-08-02 06:28:03.048,102.2,787.64,0.0,1
2025-08-02 06:28:03.219,102.2,787.46,0.0,1
2025-08-02 06:28:03.368,102.2,787.46,0.0,1
2025-08-02 06:28:03.519,102.2,787.46,0.0,1
2025-08-02 06:28:03.618,102.2,787.28,0.0,1
2025-08-02 06:28:03.764,102.2,787.28,0.0,1
2025-08-02 06:28:03.917,102.2,787.28,0.0,1
2025-08-02 06:28:04.099,102.2,787.1,0.0,1
2025-08-02 06:28:04.254,102.2,787.1,0.0,1
2025-08-02 06:28:04.397,102.2,787.1,0.0,1
2025-08-02 06:28:04.585,102.2,786.92,0.0,1
2025-08-02 06:28:04.718,102.2,786.92,0.0,1
2025-08-02 06:28:04.810,102.2,786.92,0.0,1
2025-08-02 06:28:04.960,102.2,786.74,0.0,1
2025-08-02 06:28:05.106,102.2,786.74,0.0,1
2025-08-02 06:28:05.177,102.2,786.74,0.0,1
2025-08-02 06:28:05.248,102.2,786.74,0.0,1
2025-08-02 06:28:05.314,102.2,786.74,0.0,1
2025-08-02 06:28:05.403,102.2,786.74,0.0,1
2025-08-02 06:28:05.480,102.2,786.56,0.0,1
2025-08-02 06:28:05.657,102.2,786.56,0.0,1
2025-08-02 06:28:05.811,102.2,786.56,0.0,1
2025-08-02 06:28:05.962,102.2,786.38,0.0,1
2025-08-02 06:28:06.147,102.2,786.38,0.0,1
2025-08-02 06:28:06.273,102.2,786.38,0.0,1
2025-08-02 06:28:06.348,102.2,786.2,0.0,1
2025-08-02 06:28:06.417,102.2,786.2,0.0,1
2025-08-02 06:28:06.516,102.2,786.2,0.0,1
2025-08-02 06:28:06.732,102.2,786.02,0.0,1
2025-08-02 06:28:06.938,104.0,786.02,0.0,1
2025-08-02 06:28:07.068,104.0,786.02,0.0,1
2025-08-02 06:28:07.308,104.0,786.02,0.0,1
2025-08-02 06:28:07.485,104.0,786.02,0.0,1
2025-08-02 06:28:07.637,104.0,785.66,0.0,1
2025-08-02 06:28:07.785,104.0,785.66,0.0,1
2025-08-02 06:28:07.860,104.0,785.66,0.0,1
2025-08-02 06:28:07.963,104.0,785.48,0.0,1
2025-08-02 06:28:08.118,104.0,785.48,0.0,1
2025-08-02 06:28:08.282,104.0,785.48,0.0,1
2025-08-02 06:28:08.428,104.0,785.48,0.0,1
2025-08-02 06:28:08.502,104.0,785.48,0.0,1
2025-08-02 06:28:08.603,104.0,785.48,0.0,1
2025-08-02 06:28:08.749,104.0,785.3,0.0,1
2025-08-02 06:28:08.898,104.0,785.3,0.0,1
2025-08-02 06:28:09.080,104.0,785.3,0.0,1
2025-08-02 06:28:09.238,104.0,785.12,0.0,1
2025-08-02 06:28:09.369,104.0,785.12,0.0,1
2025-08-02 06:28:09.481,104.0,785.12,0.0,1
2025-08-02 06:28:09.643,104.0,784.94,0.0,1
2025-08-02 06:28:09.799,104.0,784.94,0.0,1
2025-08-02 06:28:09.959,104.0,784.94,0.0,1
2025-08-02 06:28:10.115,104.0,784.76,0.0,1
2025-08-02 06:28:10.267,104.0,784.76,0.0,1
2025-08-02 06:28:10.418,104.0,784.76,0.0,1
2025-08-02 06:28:10.523,104.0,784.58,0.0,1
2025-08-02 06:28:10.673,104.0,784.58,0.0,1
2025-08-02 06:28:10.817,104.0,784.58,0.0,1
2025-08-02 06:28:11.049,104.0,784.58,0.0,1
2025-08-02 06:28:11.198,104.0,784.58,0.0,1
2025-08-02 06:28:11.287,104.0,784.4,0.0,1
2025-08-02 06:28:11.354,104.0,784.4,0.0,1
2025-08-02 06:28:11.446,104.0,784.4,0.0,1
2025-08-02 06:28:11.586,104.0,784.22,0.0,1
2025-08-02 06:28:11.792,104.0,784.22,0.0,1
2025-08-02 06:28:11.994,104.0,784.22,0.0,1
2025-08-02 06:28:12.147,104.0,784.04,0.0,1
2025-08-02 06:28:12.218,104.0,784.04,0.0,1
2025-08-02 06:28:12.317,104.0,784.04,0.0,1
2025-08-02 06:28:12.465,104.0,783.86,0.0,1
2025-08-02 06:28:12.542,104.0,783.86,0.0,1
2025-08-02 06:28:12.614,104.0,783.86,0.0,1
2025-08-02 06:28:12.703,104.0,783.86,0.0,1
2025-08-02 06:28:12.845,104.0,783.86,0.0,1
2025-08-02 06:28:13.001,104.0,783.86,0.0,1
2025-08-02 06:28:13.157,104.0,783.68,0.0,1
2025-08-02 06:28:13.328,104.0,783.68,0.0,1
2025-08-02 06:28:13.477,104.0,783.68,0.0,1
2025-08-02 06:28:13.629,104.0,783.5,0.0,1
2025-08-02 06:28:13.724,104.0,783.5,0.0,1
2025-08-02 06:28:13.871,104.0,783.5,0.0,1
2025-08-02 06:28:14.023,104.0,783.32,0.0,1
2025-08-02 06:28:14.198,104.0,783.32,0.0,1
2025-08-02 06:28:14.348,104.0,783.32,0.0,1
2025-08-02 06:28:14.495,104.0,783.14,0.0,1
2025-08-02 06:28:14.603,104.0,783.14,0.0,1
2025-08-02 06:28:14.749,104.0,783.14,0.0,1
2025-08-02 06:28:14.909,104.0,783.14,0.0,1
2025-08-02 06:28:15.029,104.0,783.14,0.0,1
2025-08-02 06:28:15.121,104.0,783.14,0.0,1
2025-08-02 06:28:15.293,104.0,782.96,0.0,1
2025-08-02 06:28:15.423,104.0,782.96,0.0,1
2025-08-02 06:28:15.530,104.0,782.96,0.0,1
2025-08-02 06:28:15.681,104.0,782.78,0.0,1
2025-08-02 06:28:15.825,104.0,782.78,0.0,1
2025-08-02 06:28:15.915,104.0,782.78,0.0,1
2025-08-02 06:28:16.060,104.0,782.6,0.0,1
2025-08-02 06:28:16.157,104.0,782.6,0.0,1
2025-08-02 06:28:16.301,104.0,782.6,0.0,1
2025-08-02 06:28:16.453,104.0,782.6,0.0,1
2025-08-02 06:28:16.573,104.0,782.6,0.0,1
2025-08-02 06:28:16.710,104.0,782.6,0.0,1
2025-08-02 06:28:16.840,104.0,782.42,0.0,1
2025-08-02 06:28:17.051,104.0,782.42,0.0,1
2025-08-02 06:28:17.170,104.0,782.42,0.0,1
2025-08-02 06:28:17.317,104.0,782.24,0.0,1
2025-08-02 06:28:17.468,104.0,782.24,0.0,1
2025-08-02 06:28:17.658,104.0,782.24,0.0,1
2025-08-02 06:28:17.810,104.0,782.06,0.0,1
2025-08-02 06:28:17.964,105.8,782.06,0.0,1
2025-08-02 06:28:18.140,105.8,782.06,0.0,1
2025-08-02 06:28:18.293,105.8,781.88,0.0,1
2025-08-02 06:28:18.423,105.8,781.88,0.0,1
2025-08-02 06:28:18.526,105.8,781.88,0.0,1
2025-08-02 06:28:18.676,105.8,781.7,0.0,1
2025-08-02 06:28:18.825,105.8,781.7,0.0,1
2025-08-02 06:28:19.011,105.8,781.7,0.0,1
2025-08-02 06:28:19.159,105.8,781.52,0.0,1
2025-08-02 06:28:19.306,105.8,781.52,0.0,1
2025-08-02 06:28:19.485,105.8,781.52,0.0,1
2025-08-02 06:28:19.649,105.8,781.34,0.0,1
2025-08-02 06:28:19.781,105.8,781.34,0.0,1
2025-08-02 06:28:19.878,105.8,781.34,0.0,1
2025-08-02 06:28:20.023,105.8,781.34,0.0,1
2025-08-02 06:28:20.172,105.8,781.34,0.0,1
2025-08-02 06:28:20.269,105.8,781.34,0.0,1
2025-08-02 06:28:20.415,105.8,781.16,0.0,1
2025-08-02 06:28:20.569,105.8,781.16,0.0,1
2025-08-02 06:28:20.748,105.8,781.16,0.0,1
2025-08-02 06:28:20.908,105.8,780.98,0.0,1
2025-08-02 06:28:21.033,105.8,780.98,0.0,1
2025-08-02 06:28:21.103,105.8,780.98,0.0,1
2025-08-02 06:28:21.205,105.8,780.8,0.0,1
2025-08-02 06:28:21.328,105.8,780.8,0.0,1
2025-08-02 06:28:21.402,105.8,780.8,0.0,1
2025-08-02 06:28:21.492,105.8,780.8,0.0,1
2025-08-02 06:28:21.656,105.8,780.8,0.0,1
2025-08-02 06:28:21.778,105.8,780.8,0.0,1
2025-08-02 06:28:21.982,105.8,780.62,0.0,1
2025-08-02 06:28:22.125,105.8,780.62,0.0,1
2025-08-02 06:28:22.197,105.8,780.62,0.0,1
2025-08-02 06:28:22.286,105.8,780.44,0.0,1
2025-08-02 06:28:22.455,105.8,780.44,0.0,1
2025-08-02 06:28:22.600,105.8,780.44,0.0,1
2025-08-02 06:28:22.848,105.8,780.44,0.0,1
2025-08-02 06:28:23.003,105.8,780.44,0.0,1
2025-08-02 06:28:23.134,105.8,780.26,0.0,1
2025-08-02 06:28:23.207,105.8,780.26,0.0,1
2025-08-02 06:28:23.282,105.8,780.26,0.0,1
2025-08-02 06:28:23.349,105.8,780.08,0.0,1
2025-08-02 06:28:23.437,105.8,780.08,0.0,1
2025-08-02 06:28:23.505,105.8,780.08,0.0,1
2025-08-02 06:28:23.595,105.8,780.08,0.0,1
2025-08-02 06:28:23.685,105.8,780.08,0.0,1
2025-08-02 06:28:23.762,105.8,780.08,0.0,1
2025-08-02 06:28:23.832,105.8,779.9,0.0,1
2025-08-02 06:28:23.977,105.8,779.9,0.0,1
2025-08-02 06:28:24.078,105.8,779.9,0.0,1
2025-08-02 06:28:24.223,105.8,779.9,0.0,1
2025-08-02 06:28:24.379,105.8,779.9,0.0,1
2025-08-02 06:28:24.554,105.8,779.9,0.0,1
2025-08-02 06:28:24.708,105.8,779.72,0.0,1
2025-08-02 06:28:24.846,105.8,779.72,0.0,1
2025-08-02 06:28:24.937,105.8,779.72,0.0,1
2025-08-02 06:28:25.003,105.8,779.54,0.0,1
2025-08-02 06:28:25.101,105.8,779.54,0.0,1
2025-08-02 06:28:25.249,105.8,779.54,0.0,1
2025-08-02 06:28:25.405,105.8,779.54,0.0,1
2025-08-02 06:28:25.583,105.8,779.54,0.0,1
2025-08-02 06:28:25.708,105.8,779.54,0.0,1
2025-08-02 06:28:25.778,105.8,779.36,0.0,1
2025-08-02 06:28:25.874,105.8,779.36,0.0,1
2025-08-02 06:28:26.021,105.8,779.36,0.0,1
2025-08-02 06:28:26.179,105.8,779.18,0.0,1
2025-08-02 06:28:26.359,105.8,779.18,0.0,1
2025-08-02 06:28:26.513,105.8,779.18,0.0,1
2025-08-02 06:28:26.651,105.8,779.0,0.0,1
2025-08-02 06:28:26.848,105.8,779.0,0.0,1
2025-08-02 06:28:27.117,105.8,779.0,0.0,1
2025-08-02 06:28:27.221,105.8,779.0,0.0,1
2025-08-02 06:28:27.366,105.8,779.0,0.0,1
2025-08-02 06:28:27.464,105.8,779.0,0.0,1
2025-08-02 06:28:27.611,105.8,778.82,0.0,1
2025-08-02 06:28:27.764,105.8,778.82,0.0,1
2025-08-02 06:28:27.844,105.8,778.82,0.0,1
2025-08-02 06:28:27.914,105.8,778.64,0.0,1
2025-08-02 06:28:28.006,105.8,778.64,0.0,1
2025-08-02 06:28:28.078,105.8,778.64,0.0,1
2025-08-02 06:28:28.146,105.8,778.64,0.0,1
2025-08-02 06:28:28.246,107.6,778.64,0.0,1
2025-08-02 06:28:28.398,107.6,778.64,0.0,1
2025-08-02 06:28:28.582,107.6,778.46,0.0,1
2025-08-02 06:28:28.710,107.6,778.46,0.0,1
2025-08-02 06:28:28.781,107.6,778.46,0.0,1
2025-08-02 06:28:28.873,107.6,778.46,0.0,1
2025-08-02 06:28:29.020,107.6,778.46,0.0,1
2025-08-02 06:28:29.181,107.6,778.46,0.0,1
2025-08-02 06:28:29.362,107.6,778.28,0.0,1
2025-08-02 06:28:29.493,107.6,778.28,0.0,1
2025-08-02 06:28:29.567,107.6,778.28,0.0,1
2025-08-02 06:28:29.636,107.6,778.28,0.0,1
2025-08-02 06:28:29.706,107.6,778.28,0.0,1
2025-08-02 06:28:29.797,107.6,778.28,0.0,1
2025-08-02 06:28:29.866,107.6,778.1,0.0,1
2025-08-02 06:28:29.965,107.6,778.1,0.0,1
2025-08-02 06:28:30.138,107.6,778.1,0.0,1
2025-08-02 06:28:30.290,107.6,778.1,0.0,1
2025-08-02 06:28:30.442,107.6,778.1,0.0,1
2025-08-02 06:28:30.614,107.6,778.1,0.0,1
2025-08-02 06:28:30.759,107.6,777.92,0.0,1
2025-08-02 06:28:30.904,107.6,777.92,0.0,1
2025-08-02 06:28:31.001,107.6,777.92,0.0,1
2025-08-02 06:28:31.149,107.6,777.92,0.0,1
2025-08-02 06:28:31.294,107.6,777.92,0.0,1
2025-08-02 06:28:31.394,107.6,777.92,0.0,1
2025-08-02 06:28:31.587,107.6,777.74,0.0,1
2025-08-02 06:28:31.798,107.6,777.74,0.0,1
2025-08-02 06:28:31.925,107.6,777.74,0.0,1
2025-08-02 06:28:32.101,107.6,777.56,0.0,1
2025-08-02 06:28:32.253,107.6,777.56,0.0,1
2025-08-02 06:28:32.408,107.6,777.56,0.0,1
2025-08-02 06:28:32.556,107.6,777.38,0.0,1
2025-08-02 06:28:32.646,107.6,777.38,0.0,1
2025-08-02 06:28:32.793,107.6,777.38,0.0,1
2025-08-02 06:28:32.889,107.6,777.38,0.0,1
2025-08-02 06:28:33.037,107.6,777.38,0.0,1
2025-08-02 06:28:33.188,107.6,777.38,0.0,1
2025-08-02 06:28:33.291,107.6,777.2,0.0,1
2025-08-02 06:28:33.446,107.6,777.2,0.0,1
2025-08-02 06:28:33.574,107.6,777.2,0.0,1
2025-08-02 06:28:33.677,107.6,777.2,0.0,1
2025-08-02 06:28:33.838,107.6,777.2,0.0,1
2025-08-02 06:28:33.960,107.6,777.2,0.0,1
2025-08-02 06:28:34.053,107.6,777.02,0.0,1
2025-08-02 06:28:34.123,107.6,777.02,0.0,1
2025-08-02 06:28:34.219,107.6,777.02,0.0,1
2025-08-02 06:28:34.373,107.6,777.02,0.0,1
2025-08-02 06:28:34.520,107.6,777.02,0.0,1
2025-08-02 06:28:34.693,107.6,777.02,0.0,1
2025-08-02 06:28:34.839,107.6,776.84,0.0,1
2025-08-02 06:28:34.987,107.6,776.84,0.0,1
2025-08-02 06:28:35.090,107.6,776.84,0.0,1
2025-08-02 06:28:35.230,107.6,776.84,0.0,1
2025-08-02 06:28:35.389,107.6,776.84,0.0,1
2025-08-02 06:28:35.514,107.6,776.84,0.0,1
2025-08-02 06:28:35.606,107.6,776.66,0.0,1
2025-08-02 06:28:35.675,107.6,776.66,0.0,1
2025-08-02 06:28:35.776,107.6,776.66,0.0,1
2025-08-02 06:28:35.923,107.6,776.66,0.0,1
2025-08-02 06:28:35.999,107.6,776.66,0.0,1
2025-08-02 06:28:36.067,107.6,776.66,0.0,1
2025-08-02 06:28:36.166,107.6,776.48,0.0,1
2025-08-02 06:28:36.309,107.6,776.48,0.0,1
2025-08-02 06:28:36.389,107.6,776.48,0.0,1
2025-08-02 06:28:36.460,107.6,776.48,0.0,1
2025-08-02 06:28:36.572,107.6,776.48,0.0,1
2025-08-02 06:28:36.785,107.6,776.48,0.0,1
2025-08-02 06:28:36.990,107.6,776.3,0.0,1
2025-08-02 06:28:37.185,107.6,776.3,0.0,1
2025-08-02 06:28:37.339,107.6,776.3,0.0,1
2025-08-02 06:28:37.523,107.6,776.12,0.0,1
2025-08-02 06:28:37.651,107.6,776.12,0.0,1
2025-08-02 06:28:37.723,107.6,776.12,0.0,1
2025-08-02 06:28:37.820,107.6,776.12,0.0,1
2025-08-02 06:28:37.973,107.6,776.12,0.0,1
2025-08-02 06:28:38.104,107.6,776.12,0.0,1
2025-08-02 06:28:38.204,107.6,775.94,0.0,1
2025-08-02 06:28:38.347,107.6,775.94,0.0,1
2025-08-02 06:28:38.561,107.6,775.94,0.0,1
2025-08-02 06:28:38.684,107.6,775.94,0.0,1
2025-08-02 06:28:38.833,107.6,775.94,0.0,1
2025-08-02 06:28:38.983,107.6,775.94,0.0,1
2025-08-02 06:28:39.054,107.6,775.76,0.0,1
2025-08-02 06:28:39.151,107.6,775.76,0.0,1
2025-08-02 06:28:39.298,107.6,775.76,0.0,1
2025-08-02 06:28:39.381,107.6,775.76,0.0,1
2025-08-02 06:28:39.529,107.6,775.76,0.0,1
2025-08-02 06:28:39.703,107.6,775.76,0.0,1
2025-08-02 06:28:39.858,107.6,775.58,0.0,1
2025-08-02 06:28:40.010,109.4,775.58,0.0,1
2025-08-02 06:28:40.177,109.4,775.58,0.0,1
2025-08-02 06:28:40.341,109.4,775.4,0.0,1
2025-08-02 06:28:40.492,109.4,775.4,0.0,1
2025-08-02 06:28:40.668,109.4,775.4,0.0,1
2025-08-02 06:28:40.818,109.4,775.22,0.0,1
2025-08-02 06:28:40.967,109.4,775.22,0.0,1
2025-08-02 06:28:41.142,109.4,775.22,0.0,1
2025-08-02 06:28:41.300,109.4,775.22,0.0,1
2025-08-02 06:28:41.452,109.4,775.22,0.0,1
2025-08-02 06:28:41.638,109.4,775.22,0.0,1
2025-08-02 06:28:41.911,109.4,775.04,0.0,1
2025-08-02 06:28:42.108,109.4,775.04,0.0,1
2025-08-02 06:28:42.265,109.4,775.04,0.0,1
2025-08-02 06:28:42.394,109.4,774.86,0.0,1
2025-08-02 06:28:42.492,109.4,774.86,0.0,1
2025-08-02 06:28:42.643,109.4,774.86,0.0,1
2025-08-02 06:28:42.797,109.4,774.86,0.0,1
2025-08-02 06:28:42.969,109.4,774.86,0.0,1
2025-08-02 06:28:43.119,109.4,774.86,0.0,1
2025-08-02 06:28:43.274,109.4,774.68,0.0,1
2025-08-02 06:28:43.456,109.4,774.68,0.0,1
2025-08-02 06:28:43.611,109.4,774.68,0.0,1
2025-08-02 06:28:43.767,109.4,774.68,0.0,1
2025-08-02 06:28:43.929,109.4,774.68,0.0,1
2025-08-02 06:28:44.077,109.4,774.68,0.0,1
2025-08-02 06:28:44.228,109.4,774.5,0.0,1
2025-08-02 06:28:44.322,109.4,774.5,0.0,1
2025-08-02 06:28:44.466,109.4,774.5,0.0,1
2025-08-02 06:28:44.608,109.4,774.32,0.0,1
2025-08-02 06:28:44.685,109.4,774.32,0.0,1
2025-08-02 06:28:44.775,109.4,774.32,0.0,1
2025-08-02 06:28:44.920,109.4,774.32,0.0,1
2025-08-02 06:28:45.070,109.4,774.32,0.0,1
2025-08-02 06:28:45.169,109.4,774.32,0.0,1
2025-08-02 06:28:45.323,109.4,774.14,0.0,1
2025-08-02 06:28:45.465,109.4,774.14,0.0,1
2025-08-02 06:28:45.551,109.4,774.14,0.0,1
2025-08-02 06:28:45.649,109.4,774.14,0.0,1
2025-08-02 06:28:45.796,109.4,774.14,0.0,1
2025-08-02 06:28:45.952,109.4,774.14,0.0,1
2025-08-02 06:28:46.079,109.4,773.96,0.0,1
2025-08-02 06:28:46.177,109.4,773.96,0.0,1
2025-08-02 06:28:46.269,109.4,773.96,0.0,1
2025-08-02 06:28:46.413,109.4,773.96,0.0,1
2025-08-02 06:28:46.519,109.4,773.96,0.0,1
2025-08-02 06:28:46.657,109.4,773.96,0.0,1
2025-08-02 06:28:46.863,109.4,773.96,0.0,1
2025-08-02 06:28:47.134,109.4,773.96,0.0,1
2025-08-02 06:28:47.231,109.4,773.96,0.0,1
2025-08-02 06:28:47.381,109.4,773.78,0.0,1
2025-08-02 06:28:47.533,109.4,773.78,0.0,1
2025-08-02 06:28:47.682,109.4,773.78,0.0,1
2025-08-02 06:28:47.756,109.4,773.6,0.0,1
2025-08-02 06:28:47.856,109.4,773.6,0.0,1
2025-08-02 06:28:48.018,109.4,773.6,0.0,1
2025-08-02 06:28:48.170,109.4,773.6,0.0,1
2025-08-02 06:28:48.350,109.4,773.6,0.0,1
2025-08-02 06:28:48.503,109.4,773.6,0.0,1
2025-08-02 06:28:48.634,109.4,773.6,0.0,1
2025-08-02 06:28:48.707,109.4,773.6,0.0,1
2025-08-02 06:28:48.776,109.4,773.6,0.0,1
2025-08-02 06:28:48.845,109.4,773.42,0.0,1
2025-08-02 06:28:48.915,109.4,773.42,0.0,1
2025-08-02 06:28:48.983,109.4,773.42,0.0,1
2025-08-02 06:28:49.058,109.4,773.42,0.0,1
2025-08-02 06:28:49.168,109.4,773.42,0.0,1
2025-08-02 06:28:49.294,109.4,773.42,0.0,1
2025-08-02 06:28:49.365,109.4,773.42,0.0,1
2025-08-02 06:28:49.463,109.4,773.42,0.0,1
2025-08-02 06:28:49.626,109.4,773.42,0.0,1
2025-08-02 06:28:49.772,109.4,773.24,0.0,1
2025-08-02 06:28:49.869,109.4,773.24,0.0,1
2025-08-02 06:28:50.015,109.4,773.24,0.0,1
2025-08-02 06:28:50.163,109.4,773.24,0.0,1
2025-08-02 06:28:50.236,109.4,773.24,0.0,1
2025-08-02 06:28:50.326,109.4,773.24,0.0,1
2025-08-02 06:28:50.396,109.4,773.06,0.0,1
2025-08-02 06:28:50.475,109.4,773.06,0.0,1
2025-08-02 06:28:50.541,109.4,773.06,0.0,1
2025-08-02 06:28:50.704,109.4,773.06,0.0,1
2025-08-02 06:28:50.795,109.4,773.06,0.0,1
2025-08-02 06:28:50.887,109.4,773.06,0.0,1
2025-08-02 06:28:51.033,109.4,773.06,0.0,1
2025-08-02 06:28:51.105,109.4,773.06,0.0,1
2025-08-02 06:28:51.172,109.4,773.06,0.0,1
2025-08-02 06:28:51.264,109.4,772.88,0.0,1
2025-08-02 06:28:51.435,109.4,772.88,0.0,1
2025-08-02 06:28:51.652,109.4,772.88,0.0,1
2025-08-02 06:28:51.855,109.4,772.88,0.0,1
2025-08-02 06:28:52.059,109.4,772.88,0.0,1
2025-08-02 06:28:52.239,109.4,772.88,0.0,1
2025-08-02 06:28:52.390,109.4,772.7,0.0,1
2025-08-02 06:28:52.487,111.2,772.7,0.0,1
2025-08-02 06:28:52.634,111.2,772.7,0.0,1
2025-08-02 06:28:52.779,111.2,772.7,0.0,1
2025-08-02 06:28:52.876,111.2,772.7,0.0,1
2025-08-02 06:28:53.010,111.2,772.7,0.0,1
2025-08-02 06:28:53.081,111.2,772.52,0.0,1
2025-08-02 06:28:53.183,111.2,772.52,0.0,1
2025-08-02 06:28:53.329,111.2,772.52,0.0,1
2025-08-02 06:28:53.478,111.2,772.52,0.0,1
2025-08-02 06:28:53.656,111.2,772.52,0.0,1
2025-08-02 06:28:53.809,111.2,772.52,0.0,1
2025-08-02 06:28:53.958,111.2,772.34,0.0,1
2025-08-02 06:28:54.135,111.2,772.34,0.0,1
2025-08-02 06:28:54.286,111.2,772.34,0.0,1
2025-08-02 06:28:54.439,111.2,772.34,0.0,1
2025-08-02 06:28:54.613,111.2,772.34,0.0,1
2025-08-02 06:28:54.761,111.2,772.34,0.0,1
2025-08-02 06:28:54.915,111.2,772.16,0.0,1
2025-08-02 06:28:54.991,111.2,772.16,0.0,1
2025-08-02 06:28:55.091,111.2,772.16,0.0,1
2025-08-02 06:28:55.235,111.2,771.98,0.0,1
2025-08-02 06:28:55.326,111.2,771.98,0.0,1
2025-08-02 06:28:55.392,111.2,771.98,0.0,1
2025-08-02 06:28:55.490,111.2,771.98,0.0,1
2025-08-02 06:28:55.616,111.2,771.98,0.0,1
2025-08-02 06:28:55.692,111.2,771.98,0.0,1
2025-08-02 06:28:55.789,111.2,771.98,0.0,1
2025-08-02 06:28:55.940,111.2,771.98,0.0,1
2025-08-02 06:28:56.065,111.2,771.98,0.0,1
2025-08-02 06:28:56.162,111.2,771.8,0.0,1
2025-08-02 06:28:56.333,111.2,771.8,0.0,1
2025-08-02 06:28:56.462,111.2,771.8,0.0,1
2025-08-02 06:28:56.578,111.2,771.8,0.0,1
2025-08-02 06:28:56.850,111.2,771.8,0.0,1
2025-08-02 06:28:57.055,111.2,771.8,0.0,1
2025-08-02 06:28:57.199,111.2,771.62,0.0,1
2025-08-02 06:28:57.326,111.2,771.62,0.0,1
2025-08-02 06:28:57.400,111.2,771.62,0.0,1
2025-08-02 06:28:57.500,111.2,771.62,0.0,1
2025-08-02 06:28:57.676,111.2,771.62,0.0,1
2025-08-02 06:28:57.830,111.2,771.62,0.0,1
2025-08-02 06:28:57.961,111.2,771.44,0.0,1
2025-08-02 06:28:58.055,111.2,771.44,0.0,1
2025-08-02 06:28:58.131,111.2,771.44,0.0,1
2025-08-02 06:28:58.277,111.2,771.26,0.0,1
2025-08-02 06:28:58.456,111.2,771.26,0.0,1
2025-08-02 06:28:58.608,111.2,771.26,0.0,1
2025-08-02 06:28:58.757,111.2,771.26,0.0,1
2025-08-02 06:28:58.943,111.2,771.26,0.0,1
2025-08-02 06:28:59.072,111.2,771.26,0.0,1
2025-08-02 06:28:59.142,111.2,771.08,0.0,1
2025-08-02 06:28:59.235,111.2,771.08,0.0,1
2025-08-02 06:28:59.384,111.2,771.08,0.0,1
2025-08-02 06:28:59.539,111.2,771.08,0.0,1
2025-08-02 06:28:59.725,111.2,771.08,0.0,1
2025-08-02 06:28:59.846,111.2,771.08,0.0,1
2025-08-02 06:28:59.916,111.2,770.9,0.0,1
2025-08-02 06:28:59.989,111.2,770.9,0.0,1
2025-08-02 06:29:00.059,111.2,770.9,0.0,1
2025-08-02 06:29:00.229,111.2,770.9,0.0,1
2025-08-02 06:29:00.410,111.2,770.9,0.0,1
2025-08-02 06:29:00.545,111.2,770.9,0.0,1
2025-08-02 06:29:00.692,111.2,770.9,0.0,1
2025-08-02 06:29:00.798,111.2,770.9,0.0,1
2025-08-02 06:29:00.950,111.2,770.9,0.0,1
2025-08-02 06:29:01.135,111.2,770.72,0.0,1
2025-08-02 06:29:01.261,111.2,770.72,0.0,1
2025-08-02 06:29:01.330,111.2,770.72,0.0,1
2025-08-02 06:29:01.427,111.2,770.72,0.0,1
2025-08-02 06:29:01.566,111.2,770.72,0.0,1
2025-08-02 06:29:01.776,111.2,770.72,0.0,1
2025-08-02 06:29:01.974,111.2,770.54,0.0,1
2025-08-02 06:29:02.104,111.2,770.54,0.0,1
2025-08-02 06:29:02.253,111.2,770.54,0.0,1
2025-08-02 06:29:02.359,111.2,770.54,0.0,1
2025-08-02 06:29:02.506,111.2,770.54,0.0,1
2025-08-02 06:29:02.658,111.2,770.54,0.0,1
2025-08-02 06:29:02.840,111.2,770.36,0.0,1
2025-08-02 06:29:03.054,111.2,770.36,0.0,1
2025-08-02 06:29:03.125,111.2,770.36,0.0,1
2025-08-02 06:29:03.216,111.2,770.36,0.0,1
2025-08-02 06:29:03.387,111.2,770.36,0.0,1
2025-08-02 06:29:03.524,111.2,770.36,0.0,1
2025-08-02 06:29:03.601,111.2,770.18,0.0,1
2025-08-02 06:29:03.679,111.2,770.18,0.0,1
2025-08-02 06:29:03.780,111.2,770.18,0.0,1
2025-08-02 06:29:03.901,111.2,770.18,0.0,1
2025-08-02 06:29:03.997,111.2,770.18,0.0,1
2025-08-02 06:29:04.094,111.2,770.18,0.0,1
2025-08-02 06:29:04.245,111.2,770.18,0.0,1
2025-08-02 06:29:04.394,111.2,770.18,0.0,1
2025-08-02 06:29:04.526,111.2,770.18,0.0,1
2025-08-02 06:29:04.631,111.2,770.0,0.0,1
2025-08-02 06:29:04.778,111.2,770.0,0.0,1
2025-08-02 06:29:04.874,111.2,770.0,0.0,1
2025-08-02 06:29:05.022,111.2,770.0,0.0,1
2025-08-02 06:29:05.169,111.2,770.0,0.0,1
2025-08-02 06:29:05.322,111.2,770.0,0.0,1
2025-08-02 06:29:05.398,111.2,770.0,0.0,1
2025-08-02 06:29:05.487,111.2,770.0,0.0,1
2025-08-02 06:29:05.559,111.2,770.0,0.0,1
2025-08-02 06:29:05.661,111.2,770.0,0.0,1
2025-08-02 06:29:05.808,111.2,770.0,0.0,1
2025-08-02 06:29:05.957,111.2,770.0,0.0,1
2025-08-02 06:29:06.140,111.2,769.82,0.0,1
2025-08-02 06:29:06.267,113.0,769.82,0.0,1
2025-08-02 06:29:06.336,113.0,769.82,0.0,1
2025-08-02 06:29:06.407,113.0,769.82,0.0,1
2025-08-02 06:29:06.475,113.0,769.82,0.0,1
2025-08-02 06:29:06.588,113.0,769.82,0.0,1
2025-08-02 06:29:06.934,113.0,769.82,0.0,1
2025-08-02 06:29:07.147,113.0,769.82,0.0,1
2025-08-02 06:29:07.276,113.0,769.64,0.0,1
2025-08-02 06:29:07.465,113.0,769.64,0.0,1
2025-08-02 06:29:07.594,113.0,769.64,0.0,1
2025-08-02 06:29:07.687,113.0,769.64,0.0,1
2025-08-02 06:29:07.832,113.0,769.64,0.0,1
2025-08-02 06:29:07.926,113.0,769.64,0.0,1
2025-08-02 06:29:08.077,113.0,769.64,0.0,1
2025-08-02 06:29:08.226,113.0,769.64,0.0,1
2025-08-02 06:29:08.317,113.0,769.64,0.0,1
2025-08-02 06:29:08.477,113.0,769.64,0.0,1
2025-08-02 06:29:08.632,113.0,769.64,0.0,1
2025-08-02 06:29:08.757,113.0,769.64,0.0,1
2025-08-02 06:29:08.851,113.0,769.46,0.0,1
2025-08-02 06:29:08.917,113.0,769.46,0.0,1
2025-08-02 06:29:09.015,113.0,769.46,0.0,1
2025-08-02 06:29:09.161,113.0,769.46,0.0,1
2025-08-02 06:29:09.312,113.0,769.46,0.0,1
2025-08-02 06:29:09.499,113.0,769.46,0.0,1
2025-08-02 06:29:09.657,113.0,769.46,0.0,1
2025-08-02 06:29:09.776,113.0,769.46,0.0,1
2025-08-02 06:29:09.870,113.0,769.46,0.0,1
2025-08-02 06:29:09.941,113.0,769.46,0.0,1
2025-08-02 06:29:10.040,113.0,769.46,0.0,1
2025-08-02 06:29:10.189,113.0,769.46,0.0,1
2025-08-02 06:29:10.315,113.0,769.46,0.0,1
2025-08-02 06:29:10.408,113.0,769.46,0.0,1
2025-08-02 06:29:10.474,113.0,769.46,0.0,1
2025-08-02 06:29:10.563,113.0,769.28,0.0,1
2025-08-02 06:29:10.734,113.0,769.28,0.0,1
2025-08-02 06:29:10.866,113.0,769.28,0.0,1
2025-08-02 06:29:11.027,113.0,769.28,0.0,1
2025-08-02 06:29:11.176,113.0,769.28,0.0,1
2025-08-02 06:29:11.353,113.0,769.28,0.0,1
2025-08-02 06:29:11.499,113.0,769.28,0.0,1
2025-08-02 06:29:11.654,113.0,769.28,0.0,1
2025-08-02 06:29:11.865,113.0,769.28,0.0,1
2025-08-02 06:29:12.066,113.0,769.1,0.0,1
2025-08-02 06:29:12.235,113.0,769.1,0.0,1
2025-08-02 06:29:12.390,113.0,769.1,0.0,1
2025-08-02 06:29:12.524,113.0,769.1,0.0,1
2025-08-02 06:29:12.679,113.0,769.1,0.0,1
2025-08-02 06:29:12.855,113.0,769.1,0.0,1
2025-08-02 06:29:13.004,113.0,769.1,0.0,1
2025-08-02 06:29:13.152,113.0,769.1,0.0,1
2025-08-02 06:29:13.225,113.0,769.1,0.0,1
2025-08-02 06:29:13.347,113.0,769.1,0.0,1
2025-08-02 06:29:13.495,113.0,769.1,0.0,1
2025-08-02 06:29:13.625,113.0,769.1,0.0,1
2025-08-02 06:29:13.776,113.0,769.1,0.0,1
2025-08-02 06:29:13.868,113.0,769.1,0.0,1
2025-08-02 06:29:14.017,113.0,769.1,0.0,1
2025-08-02 06:29:14.165,113.0,768.92,0.0,1
2025-08-02 06:29:14.265,113.0,768.92,0.0,1
2025-08-02 06:29:14.412,113.0,768.92,0.0,1
2025-08-02 06:29:14.589,113.0,768.92,0.0,1
2025-08-02 06:29:14.744,113.0,768.92,0.0,1
2025-08-02 06:29:14.902,113.0,768.92,0.0,1
2025-08-02 06:29:15.082,113.0,768.92,0.0,1
2025-08-02 06:29:15.262,113.0,768.92,0.0,1
2025-08-02 06:29:15.385,113.0,768.92,0.0,1
2025-08-02 06:29:15.530,113.0,768.92,0.0,1
2025-08-02 06:29:15.659,113.0,768.92,0.0,1
2025-08-02 06:29:15.750,113.0,768.92,0.0,1
2025-08-02 06:29:15.818,113.0,768.74,0.0,1
2025-08-02 06:29:15.907,113.0,768.74,0.0,1
2025-08-02 06:29:16.050,113.0,768.74,0.0,1
2025-08-02 06:29:16.125,113.0,768.74,0.0,1
2025-08-02 06:29:16.194,113.0,768.74,0.0,1
2025-08-02 06:29:16.295,113.0,768.74,0.0,1
2025-08-02 06:29:16.439,113.0,768.74,0.0,1
2025-08-02 06:29:16.642,113.0,768.74,0.0,1
2025-08-02 06:29:16.848,113.0,768.74,0.0,1
2025-08-02 06:29:16.981,113.0,768.74,0.0,1
2025-08-02 06:29:17.155,113.0,768.74,0.0,1
2025-08-02 06:29:17.223,113.0,768.74,0.0,1
2025-08-02 06:29:17.289,113.0,768.74,0.0,1
2025-08-02 06:29:17.376,113.0,768.74,0.0,1
2025-08-02 06:29:17.518,113.0,768.74,0.0,1
2025-08-02 06:29:17.584,113.0,768.74,0.0,1
2025-08-02 06:29:17.680,113.0,768.74,0.0,1
2025-08-02 06:29:17.769,113.0,768.74,0.0,1
2025-08-02 06:29:17.909,113.0,768.74,0.0,1
2025-08-02 06:29:17.979,113.0,768.74,0.0,1
2025-08-02 06:29:18.077,113.0,768.74,0.0,1
2025-08-02 06:29:18.195,113.0,768.74,0.0,1
2025-08-02 06:29:18.292,113.0,768.74,0.0,1
2025-08-02 06:29:18.458,113.0,768.74,0.0,1
2025-08-02 06:29:18.614,113.0,768.56,0.0,1
2025-08-02 06:29:18.767,113.0,768.56,0.0,1
2025-08-02 06:29:18.923,113.0,768.56,0.0,1
2025-08-02 06:29:19.103,113.0,768.56,0.0,1
2025-08-02 06:29:19.232,113.0,768.56,0.0,1
2025-08-02 06:29:19.304,113.0,768.56,0.0,1
2025-08-02 06:29:19.370,113.0,768.56,0.0,1
2025-08-02 06:29:19.496,114.8,768.56,0.0,1
2025-08-02 06:29:19.620,114.8,768.56,0.0,1
2025-08-02 06:29:19.769,114.8,768.56,0.0,1
2025-08-02 06:29:19.845,114.8,768.56,0.0,1
2025-08-02 06:29:19.993,114.8,768.56,0.0,1
2025-08-02 06:29:20.071,114.8,768.56,0.0,1
2025-08-02 06:29:20.174,114.8,768.56,0.0,1
2025-08-02 06:29:20.328,114.8,768.56,0.0,1
2025-08-02 06:29:20.505,114.8,768.38,0.0,1
2025-08-02 06:29:20.659,114.8,768.38,0.0,1
2025-08-02 06:29:20.811,114.8,768.38,0.0,1
2025-08-02 06:29:20.939,114.8,768.38,0.0,1
2025-08-02 06:29:21.038,114.8,768.38,0.0,1
2025-08-02 06:29:21.197,114.8,768.38,0.0,1
2025-08-02 06:29:21.375,114.8,768.38,0.0,1
2025-08-02 06:29:21.569,114.8,768.38,0.0,1
2025-08-02 06:29:21.768,114.8,768.38,0.0,1
2025-08-02 06:29:21.905,114.8,768.38,0.0,1
2025-08-02 06:29:22.115,114.8,768.38,0.0,1
2025-08-02 06:29:22.249,114.8,768.38,0.0,1
2025-08-02 06:29:22.401,114.8,768.38,0.0,1
2025-08-02 06:29:22.559,114.8,768.38,0.0,1
2025-08-02 06:29:22.690,114.8,768.38,0.0,1
2025-08-02 06:29:22.786,114.8,768.38,0.0,1
2025-08-02 06:29:22.930,114.8,768.38,0.0,1
2025-08-02 06:29:23.083,114.8,768.38,0.0,1
2025-08-02 06:29:23.188,114.8,768.2,0.0,1
2025-08-02 06:29:23.307,114.8,768.2,0.0,1
2025-08-02 06:29:23.380,114.8,768.2,0.0,1
2025-08-02 06:29:23.476,114.8,768.2,0.0,1
2025-08-02 06:29:23.576,114.8,768.2,0.0,1
2025-08-02 06:29:23.729,114.8,768.2,0.0,1
2025-08-02 06:29:23.854,114.8,768.2,0.0,1
2025-08-02 06:29:23.950,114.8,768.2,0.0,1
2025-08-02 06:29:24.094,114.8,768.2,0.0,1
2025-08-02 06:29:24.190,114.8,768.2,0.0,1
2025-08-02 06:29:24.337,114.8,768.2,0.0,1
2025-08-02 06:29:24.491,114.8,768.2,0.0,1
2025-08-02 06:29:24.640,114.8,768.2,0.0,1
2025-08-02 06:29:24.791,114.8,768.2,0.0,1
2025-08-02 06:29:24.943,114.8,768.2,0.0,1
2025-08-02 06:29:25.083,114.8,768.2,0.0,1
2025-08-02 06:29:25.160,114.8,768.2,0.0,1
2025-08-02 06:29:25.228,114.8,768.2,0.0,1
2025-08-02 06:29:25.297,114.8,768.2,0.0,1
2025-08-02 06:29:25.394,114.8,768.2,0.0,1
2025-08-02 06:29:25.540,114.8,768.2,0.0,1
2025-08-02 06:29:25.702,114.8,768.2,0.0,1
2025-08-02 06:29:25.881,114.8,768.2,0.0,1
2025-08-02 06:29:26.028,114.8,768.2,0.0,1
2025-08-02 06:29:26.185,114.8,768.2,0.0,1
2025-08-02 06:29:26.313,114.8,768.2,0.0,1
2025-08-02 06:29:26.389,114.8,768.2,0.0,1
2025-08-02 06:29:26.465,114.8,768.2,0.0,1
2025-08-02 06:29:26.576,114.8,768.2,0.0,1
2025-08-02 06:29:26.847,114.8,768.2,0.0,1
2025-08-02 06:29:27.057,114.8,768.2,0.0,1
2025-08-02 06:29:27.261,114.8,768.2,0.0,1
2025-08-02 06:29:27.439,114.8,768.2,0.0,1
2025-08-02 06:29:27.568,114.8,768.2,0.0,1
2025-08-02 06:29:27.636,114.8,768.2,0.0,1
2025-08-02 06:29:27.735,114.8,768.2,0.0,1
2025-08-02 06:29:27.880,114.8,768.2,0.0,1
2025-08-02 06:29:28.035,114.8,768.2,0.0,1
2025-08-02 06:29:28.214,114.8,768.2,0.0,1
2025-08-02 06:29:28.367,114.8,768.2,0.0,1
2025-08-02 06:29:28.522,114.8,768.2,0.0,1
2025-08-02 06:29:28.697,114.8,768.2,0.0,1
2025-08-02 06:29:28.849,114.8,768.2,0.0,1
2025-08-02 06:29:28.976,114.8,768.2,0.0,1
2025-08-02 06:29:29.074,114.8,768.2,0.0,1
2025-08-02 06:29:29.168,114.8,768.2,0.0,1
2025-08-02 06:29:29.318,114.8,768.2,0.0,1
2025-08-02 06:29:29.415,114.8,768.2,0.0,1
2025-08-02 06:29:29.571,114.8,768.2,0.0,1
2025-08-02 06:29:29.695,114.8,768.2,0.0,1
2025-08-02 06:29:29.797,114.8,768.2,0.0,1
2025-08-02 06:29:29.888,114.8,768.2,0.0,1
2025-08-02 06:29:30.036,114.8,768.2,0.0,1
2025-08-02 06:29:30.181,114.8,768.2,0.0,1
2025-08-02 06:29:30.277,114.8,768.2,0.0,1
2025-08-02 06:29:30.368,114.8,768.2,0.0,1
2025-08-02 06:29:30.515,114.8,768.2,0.0,1
2025-08-02 06:29:30.620,114.8,768.2,0.0,1
2025-08-02 06:29:30.768,114.8,768.2,0.0,1
2025-08-02 06:29:30.918,114.8,768.2,0.0,1
2025-08-02 06:29:31.097,114.8,768.2,0.0,1
2025-08-02 06:29:31.253,114.8,768.2,0.0,1
2025-08-02 06:29:31.379,114.8,768.2,0.0,1
2025-08-02 06:29:31.490,114.8,768.2,0.0,1
2025-08-02 06:29:31.656,114.8,768.2,0.0,1
2025-08-02 06:29:31.785,114.8,768.2,0.0,1
2025-08-02 06:29:31.920,114.8,768.2,0.0,1
2025-08-02 06:29:32.111,114.8,768.2,0.0,1
2025-08-02 06:29:32.264,114.8,768.2,0.0,1
2025-08-02 06:29:32.425,114.8,768.2,0.0,1
2025-08-02 06:29:32.611,114.8,768.2,0.0,1
2025-08-02 06:29:32.746,114.8,768.2,0.0,1
2025-08-02 06:29:32.897,114.8,768.2,0.0,1
2025-08-02 06:29:33.075,116.6,768.2,0.0,1
2025-08-02 06:29:33.222,116.6,768.2,0.0,1
2025-08-02 06:29:33.376,116.6,768.2,0.0,1
2025-08-02 06:29:33.549,116.6,768.2,0.0,1
2025-08-02 06:29:33.700,116.6,768.2,0.0,1
2025-08-02 06:29:33.856,116.6,768.2,0.0,1
2025-08-02 06:29:34.017,116.6,768.2,0.0,1
2025-08-02 06:29:34.170,116.6,768.2,0.0,1
2025-08-02 06:29:34.243,116.6,768.2,0.0,1
2025-08-02 06:29:34.391,116.6,768.2,0.0,1
2025-08-02 06:29:34.490,116.6,768.2,0.0,1
2025-08-02 06:29:34.637,116.6,768.2,0.0,1
2025-08-02 06:29:34.794,116.6,768.2,0.0,1
2025-08-02 06:29:34.975,116.6,768.2,0.0,1
2025-08-02 06:29:35.106,116.6,768.2,0.0,1
2025-08-02 06:29:35.247,116.6,768.2,0.0,1
2025-08-02 06:29:35.323,116.6,768.2,0.0,1
2025-08-02 06:29:35.420,116.6,768.2,0.0,1
2025-08-02 06:29:35.573,116.6,768.2,0.0,1
2025-08-02 06:29:35.705,116.6,768.2,0.0,1
2025-08-02 06:29:35.805,116.6,768.2,0.0,1
2025-08-02 06:29:35.954,116.6,768.2,0.0,1
2025-08-02 06:29:36.109,116.6,768.2,0.0,1
2025-08-02 06:29:36.288,116.6,768.2,0.0,1
2025-08-02 06:29:36.435,116.6,768.2,0.0,1
2025-08-02 06:29:36.622,116.6,768.2,0.0,1
2025-08-02 06:29:36.821,116.6,768.2,0.0,1
2025-08-02 06:29:36.969,116.6,768.2,0.0,1
2025-08-02 06:29:37.131,116.6,768.2,0.0,1
2025-08-02 06:29:37.313,116.6,768.2,0.0,1
2025-08-02 06:29:37.446,116.6,768.2,0.0,1
2025-08-02 06:29:37.598,116.6,768.2,0.0,1
2025-08-02 06:29:37.759,116.6,768.2,0.0,1
2025-08-02 06:29:37.937,116.6,768.2,0.0,1
2025-08-02 06:29:38.094,116.6,768.2,0.0,1
2025-08-02 06:29:38.227,116.6,768.2,0.0,1
2025-08-02 06:29:38.321,116.6,768.2,0.0,1
2025-08-02 06:29:38.468,116.6,768.2,0.0,1
2025-08-02 06:29:38.619,116.6,768.2,0.0,1
2025-08-02 06:29:38.781,116.6,768.2,0.0,1
2025-08-02 06:29:38.959,116.6,768.2,0.0,1
2025-08-02 06:29:39.092,116.6,768.2,0.0,1
2025-08-02 06:29:39.170,116.6,768.2,0.0,1
2025-08-02 06:29:39.241,116.6,768.2,0.0,1
2025-08-02 06:29:39.307,116.6,768.2,0.0,1
2025-08-02 06:29:39.396,116.6,768.2,0.0,1
2025-08-02 06:29:39.487,116.6,768.2,0.0,1
2025-08-02 06:29:39.643,116.6,768.38,0.0,1
2025-08-02 06:29:39.820,116.6,768.38,0.0,1
2025-08-02 06:29:39.970,116.6,768.38,0.0,1
2025-08-02 06:29:40.174,116.6,768.38,0.0,1
2025-08-02 06:29:40.269,116.6,768.38,0.0,1
2025-08-02 06:29:40.369,116.6,768.38,0.0,1
2025-08-02 06:29:40.516,116.6,768.38,0.0,1
2025-08-02 06:29:40.659,116.6,768.38,0.0,1
2025-08-02 06:29:40.756,116.6,768.38,0.0,1
2025-08-02 06:29:40.902,116.6,768.38,0.0,1
2025-08-02 06:29:41.053,116.6,768.38,0.0,1
2025-08-02 06:29:41.153,116.6,768.38,0.0,1
2025-08-02 06:29:41.294,116.6,768.38,0.0,1
2025-08-02 06:29:41.442,116.6,768.38,0.0,1
2025-08-02 06:29:41.516,116.6,768.38,0.0,1
2025-08-02 06:29:41.735,116.6,768.38,0.0,1
2025-08-02 06:29:41.933,116.6,768.38,0.0,1
2025-08-02 06:29:42.071,116.6,768.38,0.0,1
2025-08-02 06:29:42.259,116.6,768.38,0.0,1
2025-08-02 06:29:42.403,116.6,768.38,0.0,1
2025-08-02 06:29:42.543,116.6,768.38,0.0,1
2025-08-02 06:29:42.632,116.6,768.38,0.0,1
2025-08-02 06:29:42.709,116.6,768.38,0.0,1
2025-08-02 06:29:42.832,116.6,768.38,0.0,1
2025-08-02 06:29:42.975,116.6,768.56,0.0,1
2025-08-02 06:29:43.126,116.6,768.56,0.0,1
2025-08-02 06:29:43.269,116.6,768.56,0.0,1
2025-08-02 06:29:43.369,116.6,768.56,0.0,1
2025-08-02 06:29:43.509,116.6,768.56,0.0,1
2025-08-02 06:29:43.654,116.6,768.56,0.0,1
2025-08-02 06:29:43.754,116.6,768.56,0.0,1
2025-08-02 06:29:43.901,116.6,768.56,0.0,1
2025-08-02 06:29:44.050,116.6,768.56,0.0,1
2025-08-02 06:29:44.151,116.6,768.56,0.0,1
2025-08-02 06:29:44.284,116.6,768.56,0.0,1
2025-08-02 06:29:44.378,116.6,768.56,0.0,1
2025-08-02 06:29:44.531,116.6,768.56,0.0,1
2025-08-02 06:29:44.687,116.6,768.56,0.0,1
2025-08-02 06:29:44.845,116.6,768.56,0.0,1
2025-08-02 06:29:45.024,116.6,768.56,0.0,1
2025-08-02 06:29:45.156,116.6,768.56,0.0,1
2025-08-02 06:29:45.254,116.6,768.56,0.0,1
2025-08-02 06:29:45.403,116.6,768.56,0.0,1
2025-08-02 06:29:45.542,116.6,768.56,0.0,1
2025-08-02 06:29:45.615,116.6,768.56,0.0,1
2025-08-02 06:29:45.684,116.6,768.74,0.0,1
2025-08-02 06:29:45.782,116.6,768.74,0.0,1
2025-08-02 06:29:45.932,116.6,768.74,0.0,1
2025-08-02 06:29:46.083,116.6,768.74,0.0,1
2025-08-02 06:29:46.184,116.6,768.74,0.0,1
2025-08-02 06:29:46.330,116.6,768.74,0.0,1
2025-08-02 06:29:46.476,116.6,768.74,0.0,1
2025-08-02 06:29:46.638,116.6,768.74,0.0,1
2025-08-02 06:29:46.768,116.6,768.74,0.0,1
2025-08-02 06:29:46.898,116.6,768.74,0.0,1
2025-08-02 06:29:47.040,118.4,768.74,0.0,1
2025-08-02 06:29:47.204,118.4,768.74,0.0,1
2025-08-02 06:29:47.274,118.4,768.74,0.0,1
2025-08-02 06:29:47.366,118.4,768.74,0.0,1
2025-08-02 06:29:47.538,118.4,768.74,0.0,1
2025-08-02 06:29:47.688,118.4,768.92,0.0,1
2025-08-02 06:29:47.833,118.4,768.92,0.0,1
2025-08-02 06:29:47.926,118.4,768.92,0.0,1
2025-08-02 06:29:48.074,118.4,768.92,0.0,1
2025-08-02 06:29:48.225,118.4,768.92,0.0,1
2025-08-02 06:29:48.323,118.4,768.92,0.0,1
2025-08-02 06:29:48.472,118.4,768.92,0.0,1
2025-08-02 06:29:48.648,118.4,768.92,0.0,1
2025-08-02 06:29:48.806,118.4,768.92,0.0,1
2025-08-02 06:29:48.931,118.4,768.92,0.0,1
2025-08-02 06:29:49.024,118.4,768.92,0.0,1
2025-08-02 06:29:49.094,118.4,768.92,0.0,1
2025-08-02 06:29:49.195,118.4,768.92,0.0,1
2025-08-02 06:29:49.355,118.4,768.92,0.0,1
2025-08-02 06:29:49.510,118.4,768.92,0.0,1
2025-08-02 06:29:49.659,118.4,769.1,0.0,1
2025-08-02 06:29:49.814,118.4,769.1,0.0,1
2025-08-02 06:29:49.887,118.4,769.1,0.0,1
2025-08-02 06:29:49.959,118.4,769.1,0.0,1
2025-08-02 06:29:50.058,118.4,769.1,0.0,1
2025-08-02 06:29:50.210,118.4,769.1,0.0,1
2025-08-02 06:29:50.407,118.4,769.1,0.0,1
2025-08-02 06:29:50.506,118.4,769.1,0.0,1
2025-08-02 06:29:50.664,118.4,769.1,0.0,1
2025-08-02 06:29:50.793,118.4,769.1,0.0,1
2025-08-02 06:29:50.863,118.4,769.1,0.0,1
2025-08-02 06:29:50.956,118.4,769.1,0.0,1
2025-08-02 06:29:51.106,118.4,769.1,0.0,1
2025-08-02 06:29:51.260,118.4,769.1,0.0,1
2025-08-02 06:29:51.480,118.4,769.1,0.0,1
2025-08-02 06:29:51.577,118.4,769.1,0.0,1
2025-08-02 06:29:51.775,118.4,769.28,0.0,1
2025-08-02 06:29:51.978,118.4,769.28,0.0,1
2025-08-02 06:29:52.225,118.4,769.28,0.0,1
2025-08-02 06:29:52.427,118.4,769.28,0.0,1
2025-08-02 06:29:52.552,118.4,769.28,0.0,1
2025-08-02 06:29:52.743,118.4,769.28,0.0,1
2025-08-02 06:29:52.848,118.4,769.28,0.0,1
2025-08-02 06:29:52.999,118.4,769.28,0.0,1
2025-08-02 06:29:53.165,118.4,769.28,0.0,1
2025-08-02 06:29:53.315,118.4,769.28,0.0,1
2025-08-02 06:29:53.466,118.4,769.28,0.0,1
2025-08-02 06:29:53.641,118.4,769.28,0.0,1
2025-08-02 06:29:53.765,118.4,769.28,0.0,1
2025-08-02 06:29:53.839,118.4,769.28,0.0,1
2025-08-02 06:29:53.908,118.4,769.28,0.0,1
2025-08-02 06:29:53.975,118.4,769.28,0.0,1
2025-08-02 06:29:54.134,118.4,769.28,0.0,1
2025-08-02 06:29:54.309,118.4,769.28,0.0,1
2025-08-02 06:29:54.450,118.4,769.46,0.0,1
2025-08-02 06:29:54.596,118.4,769.46,0.0,1
2025-08-02 06:29:54.688,118.4,769.46,0.0,1
2025-08-02 06:29:54.859,118.4,769.46,0.0,1
2025-08-02 06:29:54.990,118.4,769.46,0.0,1
2025-08-02 06:29:55.062,118.4,769.46,0.0,1
2025-08-02 06:29:55.153,118.4,769.46,0.0,1
2025-08-02 06:29:55.301,118.4,769.46,0.0,1
2025-08-02 06:29:55.453,118.4,769.46,0.0,1
2025-08-02 06:29:55.529,118.4,769.46,0.0,1
2025-08-02 06:29:55.601,118.4,769.46,0.0,1
2025-08-02 06:29:55.695,118.4,769.64,0.0,1
2025-08-02 06:29:55.832,118.4,769.64,0.0,1
2025-08-02 06:29:55.908,118.4,769.64,0.0,1
2025-08-02 06:29:55.977,118.4,769.64,0.0,1
2025-08-02 06:29:56.047,118.4,769.64,0.0,1
2025-08-02 06:29:56.185,118.4,769.64,0.0,1
2025-08-02 06:29:56.279,118.4,769.64,0.0,1
2025-08-02 06:29:56.454,118.4,769.64,0.0,1
2025-08-02 06:29:56.645,118.4,769.64,0.0,1
2025-08-02 06:29:56.844,118.4,769.64,0.0,1
2025-08-02 06:29:57.055,118.4,769.64,0.0,1
2025-08-02 06:29:57.249,118.4,769.64,0.0,1
2025-08-02 06:29:57.401,118.4,769.64,0.0,1
2025-08-02 06:29:57.550,118.4,769.64,0.0,1
2025-08-02 06:29:57.626,118.4,769.82,0.0,1
2025-08-02 06:29:57.727,118.4,769.82,0.0,1
2025-08-02 06:29:57.874,118.4,769.82,0.0,1
2025-08-02 06:29:57.968,118.4,769.82,0.0,1
2025-08-02 06:29:58.123,118.4,769.82,0.0,1
2025-08-02 06:29:58.292,118.4,769.82,0.0,1
2025-08-02 06:29:58.515,118.4,769.82,0.0,1
2025-08-02 06:29:58.749,118.4,769.82,0.0,1
2025-08-02 06:29:58.902,118.4,769.82,0.0,1
2025-08-02 06:29:59.088,118.4,769.82,0.0,1
2025-08-02 06:29:59.244,118.4,770.0,0.0,1
2025-08-02 06:29:59.366,118.4,770.0,0.0,1
2025-08-02 06:29:59.459,118.4,770.0,0.0,1
2025-08-02 06:29:59.618,118.4,770.0,0.0,1
2025-08-02 06:29:59.767,118.4,770.0,0.0,1
2025-08-02 06:29:59.871,118.4,770.0,0.0,1
2025-08-02 06:30:00.049,118.4,770.0,0.0,1
2025-08-02 06:30:00.202,120.2,770.0,0.0,1
2025-08-02 06:30:00.326,120.2,770.0,0.0,1
2025-08-02 06:30:00.428,120.2,770.0,0.0,1
2025-08-02 06:30:00.578,120.2,770.0,0.0,1
2025-08-02 06:30:00.731,120.2,770.0,0.0,1
2025-08-02 06:30:00.808,120.2,770.0,0.0,1
2025-08-02 06:30:00.908,120.2,770.0,0.0,1
2025-08-02 06:30:01.061,120.2,770.0,0.0,1
2025-08-02 06:30:01.139,120.2,770.18,0.0,1
2025-08-02 06:30:01.290,120.2,770.18,0.0,1
2025-08-02 06:30:01.474,120.2,770.18,0.0,1
2025-08-02 06:30:01.780,120.2,770.18,0.0,1
2025-08-02 06:30:01.987,120.2,770.18,0.0,1
2025-08-02 06:30:02.212,120.2,770.18,0.0,1
2025-08-02 06:30:02.343,120.2,770.18,0.0,1
2025-08-02 06:30:02.439,120.2,770.18,0.0,1
2025-08-02 06:30:02.565,120.2,770.18,0.0,1
2025-08-02 06:30:02.715,120.2,770.18,0.0,1
2025-08-02 06:30:02.888,120.2,770.18,0.0,1
2025-08-02 06:30:03.041,120.2,770.36,0.0,1
2025-08-02 06:30:03.195,120.2,770.36,0.0,1
2025-08-02 06:30:03.435,120.2,770.36,0.0,1
2025-08-02 06:30:03.589,120.2,770.36,0.0,1
2025-08-02 06:30:03.740,120.2,770.36,0.0,1
2025-08-02 06:30:03.922,120.2,770.36,0.0,1
2025-08-02 06:30:04.077,120.2,770.36,0.0,1
2025-08-02 06:30:04.201,120.2,770.36,0.0,1
2025-08-02 06:30:04.275,120.2,770.36,0.0,1
2025-08-02 06:30:04.341,120.2,770.36,0.0,1
2025-08-02 06:30:04.468,120.2,770.36,0.0,1
2025-08-02 06:30:04.590,120.2,770.36,0.0,1
2025-08-02 06:30:04.686,120.2,770.36,0.0,1
2025-08-02 06:30:04.838,120.2,770.36,0.0,1
2025-08-02 06:30:05.046,120.2,770.36,0.0,1
2025-08-02 06:30:05.172,120.2,770.36,0.0,1
2025-08-02 06:30:05.333,120.2,770.36,0.0,1
2025-08-02 06:30:05.486,120.2,770.54,0.0,1
2025-08-02 06:30:05.660,120.2,770.54,0.0,1
2025-08-02 06:30:05.811,120.2,770.54,0.0,1
2025-08-02 06:30:05.975,120.2,770.54,0.0,1
2025-08-02 06:30:06.282,120.2,770.54,0.0,1
2025-08-02 06:30:06.433,120.2,770.54,0.0,1
2025-08-02 06:30:06.655,120.2,770.54,0.0,1
2025-08-02 06:30:06.857,120.2,770.54,0.0,1
2025-08-02 06:30:07.053,120.2,770.54,0.0,1
2025-08-02 06:30:07.256,120.2,770.54,0.0,1
2025-08-02 06:30:07.378,120.2,770.54,0.0,1
2025-08-02 06:30:07.470,120.2,770.54,0.0,1
2025-08-02 06:30:07.539,120.2,770.54,0.0,1
2025-08-02 06:30:07.629,120.2,770.54,0.0,1
2025-08-02 06:30:07.776,120.2,770.54,0.0,1
2025-08-02 06:30:07.924,120.2,770.54,0.0,1
2025-08-02 06:30:08.028,120.2,770.72,0.0,1
2025-08-02 06:30:08.129,120.2,770.72,0.0,1
2025-08-02 06:30:08.195,120.2,770.72,0.0,1
2025-08-02 06:30:08.382,120.2,770.72,0.0,1
2025-08-02 06:30:08.529,120.2,770.72,0.0,1
2025-08-02 06:30:08.669,120.2,770.72,0.0,1
2025-08-02 06:30:08.767,120.2,770.72,0.0,1
2025-08-02 06:30:08.857,120.2,770.72,0.0,1
2025-08-02 06:30:08.999,120.2,770.72,0.0,1
2025-08-02 06:30:09.146,120.2,770.72,0.0,1
2025-08-02 06:30:09.213,120.2,770.72,0.0,1
2025-08-02 06:30:09.314,120.2,770.72,0.0,1
2025-08-02 06:30:09.459,120.2,770.72,0.0,1
2025-08-02 06:30:09.558,120.2,770.72,0.0,1
2025-08-02 06:30:09.700,120.2,770.72,0.0,1
2025-08-02 06:30:09.858,120.2,770.72,0.0,1
2025-08-02 06:30:10.078,120.2,770.72,0.0,1
2025-08-02 06:30:10.148,120.2,770.72,0.0,1
2025-08-02 06:30:10.248,120.2,770.72,0.0,1
2025-08-02 06:30:10.396,120.2,770.72,0.0,1
2025-08-02 06:30:10.540,120.2,770.72,0.0,1
2025-08-02 06:30:10.699,120.2,770.72,0.0,1
2025-08-02 06:30:10.839,120.2,770.72,0.0,1
2025-08-02 06:30:10.927,120.2,770.72,0.0,1
2025-08-02 06:30:11.089,120.2,770.72,0.0,1
2025-08-02 06:30:11.233,120.2,770.72,0.0,1
2025-08-02 06:30:11.413,120.2,770.72,0.0,1
2025-08-02 06:30:11.578,120.2,770.72,0.0,1
2025-08-02 06:30:11.712,120.2,770.72,0.0,1
2025-08-02 06:30:11.842,120.2,770.72,0.0,1
2025-08-02 06:30:12.053,120.2,770.9,0.0,1
2025-08-02 06:30:12.248,120.2,770.9,0.0,1
2025-08-02 06:30:12.369,120.2,770.9,0.0,1
2025-08-02 06:30:12.491,120.2,770.9,0.0,1
2025-08-02 06:30:12.635,120.2,770.9,0.0,1
2025-08-02 06:30:12.730,120.2,770.9,0.0,1
2025-08-02 06:30:12.872,120.2,770.9,0.0,1
2025-08-02 06:30:12.943,120.2,770.9,0.0,1
2025-08-02 06:30:13.042,120.2,770.9,0.0,1
2025-08-02 06:30:13.188,120.2,770.9,0.0,1
2025-08-02 06:30:13.360,120.2,770.9,0.0,1
2025-08-02 06:30:13.508,120.2,770.9,0.0,1
2025-08-02 06:30:13.605,120.2,770.9,0.0,1
2025-08-02 06:30:13.746,120.2,770.9,0.0,1
2025-08-02 06:30:13.836,120.2,770.9,0.0,1
2025-08-02 06:30:13.959,120.2,770.9,0.0,1
2025-08-02 06:30:14.059,120.2,770.9,0.0,1
2025-08-02 06:30:14.205,120.2,770.9,0.0,1
2025-08-02 06:30:14.350,120.2,770.9,0.0,1
2025-08-02 06:30:14.443,120.2,770.9,0.0,1
2025-08-02 06:30:14.588,120.2,770.9,0.0,1
2025-08-02 06:30:14.738,120.2,770.9,0.0,1
2025-08-02 06:30:14.841,120.2,770.9,0.0,1
2025-08-02 06:30:14.976,120.2,770.9,0.0,1
2025-08-02 06:30:15.069,120.2,770.9,0.0,1
2025-08-02 06:30:15.218,120.2,770.9,0.0,1
2025-08-02 06:30:15.362,120.2,770.9,0.0,1
2025-08-02 06:30:15.430,120.2,770.9,0.0,1
2025-08-02 06:30:15.527,120.2,770.9,0.0,1
2025-08-02 06:30:15.594,120.2,770.9,0.0,1
2025-08-02 06:30:15.692,120.2,771.08,0.0,1
2025-08-02 06:30:16.715,122.0,771.08,0.0,1
2025-08-02 06:30:17.047,122.0,771.08,0.0,1
2025-08-02 06:30:17.209,122.0,771.08,0.0,1
2025-08-02 06:30:17.407,122.0,771.08,0.0,1
2025-08-02 06:30:17.487,122.0,771.08,0.0,1
2025-08-02 06:30:17.587,122.0,771.08,0.0,1
2025-08-02 06:30:17.684,122.0,771.08,0.0,1
2025-08-02 06:30:17.834,122.0,771.08,0.0,1
2025-08-02 06:30:17.988,122.0,771.08,0.0,1
2025-08-02 06:30:18.171,122.0,771.08,0.0,1
2025-08-02 06:30:18.318,122.0,771.08,0.0,1
2025-08-02 06:30:18.471,122.0,771.08,0.0,1
2025-08-02 06:30:18.645,122.0,771.08,0.0,1
2025-08-02 06:30:18.796,122.0,771.08,0.0,1
2025-08-02 06:30:18.946,122.0,771.08,0.0,1
2025-08-02 06:30:19.132,122.0,771.08,0.0,1
2025-08-02 06:30:19.259,122.0,771.08,0.0,1
2025-08-02 06:30:19.337,122.0,771.08,0.0,1
2025-08-02 06:30:19.410,122.0,771.08,0.0,1
2025-08-02 06:30:19.479,122.0,771.08,0.0,1
2025-08-02 06:30:19.624,122.0,771.08,0.0,1
2025-08-02 06:30:19.730,122.0,771.08,0.0,1
2025-08-02 06:30:19.872,122.0,771.08,0.0,1
2025-08-02 06:30:20.021,122.0,771.08,0.0,1
2025-08-02 06:30:20.214,122.0,771.08,0.0,1
2025-08-02 06:30:20.336,122.0,771.08,0.0,1
2025-08-02 06:30:20.405,122.0,771.08,0.0,1
2025-08-02 06:30:20.509,122.0,771.08,0.0,1
2025-08-02 06:30:20.635,122.0,771.08,0.0,1
2025-08-02 06:30:20.855,122.0,771.08,0.0,1
2025-08-02 06:30:21.008,122.0,771.08,0.0,1
2025-08-02 06:30:21.107,122.0,771.08,0.0,1
2025-08-02 06:30:21.254,122.0,771.08,0.0,1
2025-08-02 06:30:21.407,122.0,771.08,0.0,1
2025-08-02 06:30:21.577,122.0,771.08,0.0,1
2025-08-02 06:30:21.781,122.0,771.08,0.0,1
2025-08-02 06:30:21.988,122.0,771.08,0.0,1
2025-08-02 06:30:22.118,122.0,771.08,0.0,1
2025-08-02 06:30:22.267,122.0,771.08,0.0,1
2025-08-02 06:30:22.423,122.0,771.08,0.0,1
2025-08-02 06:30:22.498,122.0,771.08,0.0,1
2025-08-02 06:30:22.566,122.0,771.08,0.0,1
2025-08-02 06:30:22.657,122.0,771.08,0.0,1
2025-08-02 06:30:22.806,122.0,771.08,0.0,1
2025-08-02 06:30:22.961,122.0,771.08,0.0,1
2025-08-02 06:30:23.059,122.0,771.08,0.0,1
2025-08-02 06:30:23.206,122.0,771.08,0.0,1
2025-08-02 06:30:23.382,122.0,771.08,0.0,1
2025-08-02 06:30:23.536,122.0,771.08,0.0,1
2025-08-02 06:30:23.690,122.0,771.08,0.0,1
2025-08-02 06:30:23.865,122.0,771.08,0.0,1
2025-08-02 06:30:24.023,122.0,771.08,0.0,1
2025-08-02 06:30:24.172,122.0,771.08,0.0,1
2025-08-02 06:30:24.349,122.0,771.08,0.0,1
2025-08-02 06:30:24.502,122.0,771.08,0.0,1
2025-08-02 06:30:24.635,122.0,771.08,0.0,1
2025-08-02 06:30:24.735,122.0,771.08,0.0,1
2025-08-02 06:30:24.880,122.0,771.08,0.0,1
2025-08-02 06:30:25.041,122.0,771.08,0.0,1
2025-08-02 06:30:25.215,122.0,771.08,0.0,1
2025-08-02 06:30:25.357,122.0,771.08,0.0,1
2025-08-02 06:30:25.445,122.0,771.08,0.0,1
2025-08-02 06:30:25.593,122.0,771.08,0.0,1
2025-08-02 06:30:25.750,122.0,771.08,0.0,1
2025-08-02 06:30:25.827,122.0,771.08,0.0,1
2025-08-02 06:30:25.927,122.0,771.08,0.0,1
2025-08-02 06:30:26.077,122.0,771.08,0.0,1
2025-08-02 06:30:26.175,122.0,771.08,0.0,1
2025-08-02 06:30:26.319,122.0,771.08,0.0,1
2025-08-02 06:30:26.477,122.0,771.08,0.0,1
2025-08-02 06:30:26.848,122.0,771.08,0.0,1
2025-08-02 06:30:27.051,122.0,771.08,0.0,1
2025-08-02 06:30:27.186,122.0,771.08,0.0,1
2025-08-02 06:30:27.347,122.0,771.08,0.0,1
2025-08-02 06:30:27.521,122.0,771.08,0.0,1
2025-08-02 06:30:27.680,122.0,771.08,0.0,1
2025-08-02 06:30:27.834,122.0,771.08,0.0,1
2025-08-02 06:30:27.966,122.0,771.08,0.0,1
2025-08-02 06:30:28.068,122.0,771.08,0.0,1
2025-08-02 06:30:28.214,122.0,771.08,0.0,1
2025-08-02 06:30:28.367,122.0,771.08,0.0,1
2025-08-02 06:30:28.547,122.0,771.08,0.0,1
2025-08-02 06:30:28.697,122.0,771.08,0.0,1
2025-08-02 06:30:28.857,122.0,771.08,0.0,1
2025-08-02 06:30:29.005,122.0,771.08,0.0,1
2025-08-02 06:30:29.076,122.0,771.08,0.0,1
2025-08-02 06:30:29.165,122.0,771.08,0.0,1
2025-08-02 06:30:29.260,122.0,771.08,0.0,1
2025-08-02 06:30:29.387,122.0,771.08,0.0,1
2025-08-02 06:30:29.562,122.0,771.08,0.0,1
2025-08-02 06:30:29.715,122.0,771.08,0.0,1
2025-08-02 06:30:29.864,122.0,771.08,0.0,1
2025-08-02 06:30:29.958,122.0,771.08,0.0,1
2025-08-02 06:30:30.128,122.0,771.08,0.0,1
2025-08-02 06:30:30.358,122.0,771.08,0.0,1
2025-08-02 06:30:30.429,122.0,771.08,0.0,1
2025-08-02 06:30:30.529,122.0,771.08,0.0,1
2025-08-02 06:30:30.678,122.0,771.08,0.0,1
2025-08-02 06:30:30.819,122.0,771.08,0.0,1
2025-08-02 06:30:30.909,122.0,771.08,0.0,1
2025-08-02 06:30:31.051,122.0,771.08,0.0,1
2025-08-02 06:30:31.197,122.0,771.08,0.0,1
2025-08-02 06:30:31.278,122.0,771.26,0.0,1
2025-08-02 06:30:31.429,123.8,771.26,0.0,1
2025-08-02 06:30:31.639,123.8,771.26,0.0,1
2025-08-02 06:30:31.847,123.8,771.26,0.0,1
2025-08-02 06:30:31.973,123.8,771.26,0.0,1
2025-08-02 06:30:32.152,123.8,771.26,0.0,1
2025-08-02 06:30:32.280,123.8,771.26,0.0,1
2025-08-02 06:30:32.376,123.8,771.26,0.0,1
2025-08-02 06:30:32.470,123.8,771.26,0.0,1
2025-08-02 06:30:32.618,123.8,771.26,0.0,1
2025-08-02 06:30:32.693,123.8,771.26,0.0,1
2025-08-02 06:30:32.784,123.8,771.26,0.0,1
2025-08-02 06:30:32.954,123.8,771.26,0.0,1
2025-08-02 06:30:33.103,123.8,771.26,0.0,1
2025-08-02 06:30:33.279,123.8,771.26,0.0,1
2025-08-02 06:30:33.436,123.8,771.26,0.0,1
2025-08-02 06:30:33.594,123.8,771.26,0.0,1
2025-08-02 06:30:33.745,123.8,771.26,0.0,1
2025-08-02 06:30:33.917,123.8,771.26,0.0,1
2025-08-02 06:30:34.069,123.8,771.26,0.0,1
2025-08-02 06:30:34.234,123.8,771.26,0.0,1
2025-08-02 06:30:34.385,123.8,771.26,0.0,1
2025-08-02 06:30:34.537,123.8,771.26,0.0,1
2025-08-02 06:30:34.634,123.8,771.26,0.0,1
2025-08-02 06:30:34.778,123.8,771.26,0.0,1
2025-08-02 06:30:34.931,123.8,771.26,0.0,1
2025-08-02 06:30:35.003,123.8,771.26,0.0,1
2025-08-02 06:30:35.104,123.8,771.26,0.0,1
2025-08-02 06:30:35.254,123.8,771.26,0.0,1
2025-08-02 06:30:35.351,123.8,771.26,0.0,1
2025-08-02 06:30:35.515,123.8,771.26,0.0,1
2025-08-02 06:30:35.669,123.8,771.26,0.0,1
2025-08-02 06:30:35.814,123.8,771.26,0.0,1
2025-08-02 06:30:35.888,123.8,771.26,0.0,1
2025-08-02 06:30:35.987,123.8,771.26,0.0,1
2025-08-02 06:30:36.139,123.8,771.26,0.0,1
2025-08-02 06:30:36.293,123.8,771.26,0.0,1
2025-08-02 06:30:36.471,123.8,771.26,0.0,1
2025-08-02 06:30:36.665,123.8,771.26,0.0,1
2025-08-02 06:30:36.871,123.8,771.44,0.0,1
2025-08-02 06:30:37.133,123.8,771.44,0.0,1
2025-08-02 06:30:37.232,123.8,771.44,0.0,1
2025-08-02 06:30:37.299,123.8,771.44,0.0,1
2025-08-02 06:30:37.445,123.8,771.44,0.0,1
2025-08-02 06:30:37.547,123.8,771.44,0.0,1
2025-08-02 06:30:37.691,123.8,771.44,0.0,1
2025-08-02 06:30:37.849,123.8,771.44,0.0,1
2025-08-02 06:30:38.022,123.8,771.44,0.0,1
2025-08-02 06:30:38.183,123.8,771.44,0.0,1
2025-08-02 06:30:38.304,123.8,771.44,0.0,1
2025-08-02 06:30:38.396,123.8,771.44,0.0,1
2025-08-02 06:30:38.567,123.8,771.44,0.0,1
2025-08-02 06:30:38.718,123.8,771.44,0.0,1
2025-08-02 06:30:38.892,123.8,771.44,0.0,1
2025-08-02 06:30:39.047,123.8,771.44,0.0,1
2025-08-02 06:30:39.201,123.8,771.44,0.0,1
2025-08-02 06:30:39.379,123.8,771.44,0.0,1
2025-08-02 06:30:39.531,123.8,771.44,0.0,1
2025-08-02 06:30:39.659,123.8,771.44,0.0,1
2025-08-02 06:30:39.750,123.8,771.44,0.0,1
2025-08-02 06:30:39.817,123.8,771.44,0.0,1
2025-08-02 06:30:39.918,123.8,771.44,0.0,1
2025-08-02 06:30:40.071,123.8,771.44,0.0,1
2025-08-02 06:30:40.191,123.8,771.44,0.0,1
2025-08-02 06:30:40.309,123.8,771.44,0.0,1
2025-08-02 06:30:40.449,123.8,771.44,0.0,1
2025-08-02 06:30:40.604,123.8,771.44,0.0,1
2025-08-02 06:30:40.670,123.8,771.44,0.0,1
2025-08-02 06:30:40.783,123.8,771.44,0.0,1
2025-08-02 06:30:40.927,123.8,771.44,0.0,1
2025-08-02 06:30:41.165,123.8,771.44,0.0,1
2025-08-02 06:30:41.265,123.8,771.44,0.0,1
2025-08-02 06:30:41.413,123.8,771.44,0.0,1
2025-08-02 06:30:41.573,123.8,771.44,0.0,1
2025-08-02 06:30:41.780,123.8,771.44,0.0,1
2025-08-02 06:30:41.988,123.8,771.44,0.0,1
2025-08-02 06:30:42.121,123.8,771.44,0.0,1
2025-08-02 06:30:42.289,123.8,771.44,0.0,1
2025-08-02 06:30:42.440,123.8,771.44,0.0,1
2025-08-02 06:30:42.587,123.8,771.44,0.0,1
2025-08-02 06:30:42.755,123.8,771.62,0.0,1
2025-08-02 06:30:42.899,123.8,771.62,0.0,1
2025-08-02 06:30:43.047,123.8,771.62,0.0,1
2025-08-02 06:30:43.263,123.8,771.62,0.0,1
2025-08-02 06:30:43.362,123.8,771.62,0.0,1
2025-08-02 06:30:43.514,123.8,771.62,0.0,1
2025-08-02 06:30:43.587,123.8,771.62,0.0,1
2025-08-02 06:30:43.656,123.8,771.62,0.0,1
2025-08-02 06:30:43.746,123.8,771.62,0.0,1
2025-08-02 06:30:43.894,123.8,771.62,0.0,1
2025-08-02 06:30:43.986,123.8,771.62,0.0,1
2025-08-02 06:30:44.140,123.8,771.62,0.0,1
2025-08-02 06:30:44.234,123.8,771.62,0.0,1
2025-08-02 06:30:44.370,123.8,771.62,0.0,1
2025-08-02 06:30:44.440,123.8,771.62,0.0,1
2025-08-02 06:30:44.587,123.8,771.62,0.0,1
2025-08-02 06:30:44.689,123.8,771.62,0.0,1
2025-08-02 06:30:44.845,123.8,771.62,0.0,1
2025-08-02 06:30:44.973,123.8,771.62,0.0,1
2025-08-02 06:30:45.042,123.8,771.62,0.0,1
2025-08-02 06:30:45.141,123.8,771.62,0.0,1
2025-08-02 06:30:45.292,123.8,771.62,0.0,1
2025-08-02 06:30:45.422,123.8,771.62,0.0,1
2025-08-02 06:30:45.518,123.8,771.62,0.0,1
2025-08-02 06:30:45.679,123.8,771.62,0.0,1
2025-08-02 06:30:45.857,123.8,771.62,0.0,1
2025-08-02 06:30:46.007,123.8,771.62,0.0,1
2025-08-02 06:30:46.163,123.8,771.62,0.0,1
2025-08-02 06:30:46.317,123.8,771.62,0.0,1
2025-08-02 06:30:46.468,123.8,771.62,0.0,1
2025-08-02 06:30:46.589,123.8,771.62,0.0,1
2025-08-02 06:30:46.791,125.6,771.62,0.0,1
2025-08-02 06:30:46.926,125.6,771.62,0.0,1
2025-08-02 06:30:47.120,125.6,771.62,0.0,1
2025-08-02 06:30:47.254,125.6,771.62,0.0,1
2025-08-02 06:30:47.406,125.6,771.62,0.0,1
2025-08-02 06:30:47.553,125.6,771.62,0.0,1
2025-08-02 06:30:47.651,125.6,771.62,0.0,1
2025-08-02 06:30:47.797,125.6,771.62,0.0,1
2025-08-02 06:30:47.948,125.6,771.62,0.0,1
2025-08-02 06:30:48.049,125.6,771.62,0.0,1
2025-08-02 06:30:48.214,125.6,771.62,0.0,1
2025-08-02 06:30:48.339,125.6,771.62,0.0,1
2025-08-02 06:30:48.439,125.6,771.62,0.0,1
2025-08-02 06:30:48.585,125.6,771.62,0.0,1
2025-08-02 06:30:48.736,125.6,771.62,0.0,1
2025-08-02 06:30:48.916,125.6,771.62,0.0,1
2025-08-02 06:30:49.066,125.6,771.62,0.0,1
2025-08-02 06:30:49.290,125.6,771.62,0.0,1
2025-08-02 06:30:49.449,125.6,771.62,0.0,1
2025-08-02 06:30:49.615,125.6,771.62,0.0,1
2025-08-02 06:30:49.791,125.6,771.62,0.0,1
2025-08-02 06:30:49.948,125.6,771.62,0.0,1
2025-08-02 06:30:50.076,125.6,771.62,0.0,1
2025-08-02 06:30:50.171,125.6,771.62,0.0,1
2025-08-02 06:30:50.317,125.6,771.62,0.0,1
2025-08-02 06:30:50.478,125.6,771.62,0.0,1
2025-08-02 06:30:50.626,125.6,771.62,0.0,1
2025-08-02 06:30:50.802,125.6,771.62,0.0,1
2025-08-02 06:30:50.952,125.6,771.62,0.0,1
2025-08-02 06:30:51.101,125.6,771.62,0.0,1
2025-08-02 06:30:51.180,125.6,771.62,0.0,1
2025-08-02 06:30:51.247,125.6,771.62,0.0,1
2025-08-02 06:30:51.336,125.6,771.62,0.0,1
2025-08-02 06:30:51.482,125.6,771.62,0.0,1
2025-08-02 06:30:51.644,125.6,771.62,0.0,1
2025-08-02 06:30:51.854,125.6,771.62,0.0,1
2025-08-02 06:30:52.049,125.6,771.62,0.0,1
2025-08-02 06:30:52.211,125.6,771.62,0.0,1
2025-08-02 06:30:52.358,125.6,771.62,0.0,1
2025-08-02 06:30:52.452,125.6,771.62,0.0,1
2025-08-02 06:30:52.596,125.6,771.8,0.0,1
2025-08-02 06:30:52.750,125.6,771.8,0.0,1
2025-08-02 06:30:52.829,125.6,771.8,0.0,1
2025-08-02 06:30:52.903,125.6,771.8,0.0,1
2025-08-02 06:30:52.975,125.6,771.8,0.0,1
2025-08-02 06:30:53.074,125.6,771.8,0.0,1
2025-08-02 06:30:53.228,125.6,771.8,0.0,1
2025-08-02 06:30:53.385,125.6,771.8,0.0,1
2025-08-02 06:30:53.560,125.6,771.8,0.0,1
2025-08-02 06:30:53.705,125.6,771.8,0.0,1
2025-08-02 06:30:53.799,125.6,771.8,0.0,1
2025-08-02 06:30:53.949,125.6,771.8,0.0,1
2025-08-02 06:30:54.101,125.6,771.8,0.0,1
2025-08-02 06:30:54.252,125.6,771.8,0.0,1
2025-08-02 06:30:54.323,125.6,771.8,0.0,1
2025-08-02 06:30:54.425,125.6,771.8,0.0,1
2025-08-02 06:30:54.579,125.6,771.8,0.0,1
2025-08-02 06:30:54.746,125.6,771.8,0.0,1
2025-08-02 06:30:54.925,125.6,771.8,0.0,1
2025-08-02 06:30:55.047,125.6,771.8,0.0,1
2025-08-02 06:30:55.115,125.6,771.8,0.0,1
2025-08-02 06:30:55.213,125.6,771.8,0.0,1
2025-08-02 06:30:55.362,125.6,771.8,0.0,1
2025-08-02 06:30:55.438,125.6,771.8,0.0,1
2025-08-02 06:30:55.541,125.6,771.8,0.0,1
2025-08-02 06:30:55.701,125.6,771.8,0.0,1
2025-08-02 06:30:55.892,125.6,771.8,0.0,1
2025-08-02 06:30:56.023,125.6,771.8,0.0,1
2025-08-02 06:30:56.179,125.6,771.8,0.0,1
2025-08-02 06:30:56.356,125.6,771.8,0.0,1
2025-08-02 06:30:56.511,125.6,771.8,0.0,1
2025-08-02 06:30:56.657,125.6,771.8,0.0,1
2025-08-02 06:30:56.784,125.6,771.8,0.0,1
2025-08-02 06:30:56.999,125.6,771.8,0.0,1
2025-08-02 06:30:57.200,125.6,771.8,0.0,1
2025-08-02 06:30:57.383,125.6,771.8,0.0,1
2025-08-02 06:30:57.538,125.6,771.8,0.0,1
2025-08-02 06:30:57.669,125.6,771.8,0.0,1
2025-08-02 06:30:57.817,125.6,771.8,0.0,1
2025-08-02 06:30:57.913,125.6,771.8,0.0,1
2025-08-02 06:30:58.058,125.6,771.8,0.0,1
2025-08-02 06:30:58.212,125.6,771.8,0.0,1
2025-08-02 06:30:58.361,125.6,771.8,0.0,1
2025-08-02 06:30:58.447,125.6,771.8,0.0,1
2025-08-02 06:30:58.547,125.6,771.8,0.0,1
2025-08-02 06:30:58.694,125.6,771.98,0.0,1
2025-08-02 06:30:58.845,125.6,771.98,0.0,1
2025-08-02 06:30:59.022,125.6,771.98,0.0,1
2025-08-02 06:30:59.184,125.6,771.98,0.0,1
2025-08-02 06:30:59.308,125.6,771.98,0.0,1
2025-08-02 06:30:59.407,125.6,771.98,0.0,1
2025-08-02 06:30:59.559,125.6,771.98,0.0,1
2025-08-02 06:30:59.636,125.6,771.98,0.0,1
2025-08-02 06:30:59.730,125.6,771.98,0.0,1
2025-08-02 06:30:59.883,125.6,771.98,0.0,1
2025-08-02 06:31:00.036,125.6,771.98,0.0,1
2025-08-02 06:31:00.185,125.6,771.98,0.0,1
2025-08-02 06:31:00.334,125.6,771.98,0.0,1
2025-08-02 06:31:00.428,125.6,771.98,0.0,1
2025-08-02 06:31:00.581,125.6,771.98,0.0,1
2025-08-02 06:31:00.762,125.6,771.98,0.0,1
2025-08-02 06:31:00.922,125.6,771.98,0.0,1
2025-08-02 06:31:01.064,125.6,771.98,0.0,1
2025-08-02 06:31:01.243,125.6,771.98,0.0,1
2025-08-02 06:31:01.399,125.6,771.98,0.0,1
2025-08-02 06:31:01.567,125.6,771.98,0.0,1
2025-08-02 06:31:01.706,125.6,771.98,0.0,1
2025-08-02 06:31:01.837,125.6,771.98,0.0,1
2025-08-02 06:31:02.042,125.6,771.98,0.0,1
2025-08-02 06:31:02.166,125.6,771.98,0.0,1
2025-08-02 06:31:02.317,127.4,771.98,0.0,1
2025-08-02 06:31:02.413,127.4,771.98,0.0,1
2025-08-02 06:31:02.557,127.4,771.98,0.0,1
2025-08-02 06:31:02.715,127.4,771.98,0.0,1
2025-08-02 06:31:02.890,127.4,771.98,0.0,1
2025-08-02 06:31:03.045,127.4,771.98,0.0,1
2025-08-02 06:31:03.177,127.4,771.98,0.0,1
2025-08-02 06:31:03.278,127.4,771.98,0.0,1
2025-08-02 06:31:03.424,127.4,771.98,0.0,1
2025-08-02 06:31:03.520,127.4,771.98,0.0,1
2025-08-02 06:31:03.675,127.4,771.98,0.0,1
2025-08-02 06:31:03.826,127.4,771.98,0.0,1
2025-08-02 06:31:04.008,127.4,771.98,0.0,1
2025-08-02 06:31:04.160,127.4,771.98,0.0,1
2025-08-02 06:31:04.292,127.4,772.88,0.0,1
2025-08-02 06:31:04.398,127.4,772.88,0.0,1
2025-08-02 06:31:04.556,127.4,772.88,0.0,1
2025-08-02 06:31:04.710,127.4,772.16,0.0,1
2025-08-02 06:31:04.872,127.4,772.16,0.0,1
2025-08-02 06:31:05.023,127.4,772.16,0.0,1
2025-08-02 06:31:05.094,127.4,772.16,0.0,1
2025-08-02 06:31:05.160,127.4,772.16,0.0,1
2025-08-02 06:31:05.228,127.4,772.16,0.0,1
2025-08-02 06:31:05.327,127.4,772.16,0.0,1
2025-08-02 06:31:05.482,127.4,772.16,0.0,1
2025-08-02 06:31:05.604,127.4,772.16,0.0,1
2025-08-02 06:31:05.695,127.4,772.16,0.0,1
2025-08-02 06:31:05.863,127.4,772.16,0.0,1
2025-08-02 06:31:06.045,127.4,772.16,0.0,1
2025-08-02 06:31:06.182,127.4,772.16,0.0,1
2025-08-02 06:31:06.276,127.4,772.16,0.0,1
2025-08-02 06:31:06.373,127.4,772.16,0.0,1
2025-08-02 06:31:06.518,127.4,772.16,0.0,1
2025-08-02 06:31:06.658,127.4,772.16,0.0,1
2025-08-02 06:31:06.863,127.4,772.16,0.0,1
2025-08-02 06:31:06.994,127.4,772.16,0.0,1
2025-08-02 06:31:07.151,127.4,772.16,0.0,1
2025-08-02 06:31:07.337,127.4,772.16,0.0,1
2025-08-02 06:31:07.490,127.4,772.16,0.0,1
2025-08-02 06:31:07.646,127.4,772.16,0.0,1
2025-08-02 06:31:07.823,127.4,772.16,0.0,1
2025-08-02 06:31:07.955,127.4,772.16,0.0,1
2025-08-02 06:31:08.048,127.4,772.16,0.0,1
2025-08-02 06:31:08.195,127.4,772.16,0.0,1
2025-08-02 06:31:08.352,127.4,772.16,0.0,1
2025-08-02 06:31:08.504,127.4,772.16,0.0,1
2025-08-02 06:31:08.577,127.4,772.16,0.0,1
2025-08-02 06:31:08.722,127.4,772.16,0.0,1
2025-08-02 06:31:08.815,127.4,772.16,0.0,1
2025-08-02 06:31:08.886,127.4,772.16,0.0,1
2025-08-02 06:31:08.983,127.4,772.16,0.0,1
2025-08-02 06:31:09.127,127.4,772.16,0.0,1
2025-08-02 06:31:09.277,127.4,772.16,0.0,1
2025-08-02 06:31:09.376,127.4,772.16,0.0,1
2025-08-02 06:31:09.519,127.4,772.16,0.0,1
2025-08-02 06:31:09.672,127.4,772.16,0.0,1
2025-08-02 06:31:09.770,127.4,772.16,0.0,1
2025-08-02 06:31:09.917,127.4,772.16,0.0,1
2025-08-02 06:31:10.103,127.4,772.16,0.0,1
2025-08-02 06:31:10.239,127.4,772.16,0.0,1
2025-08-02 06:31:10.393,127.4,772.16,0.0,1
2025-08-02 06:31:10.490,127.4,772.16,0.0,1
2025-08-02 06:31:10.640,127.4,772.16,0.0,1
2025-08-02 06:31:10.766,127.4,772.16,0.0,1
2025-08-02 06:31:10.861,127.4,772.16,0.0,1
2025-08-02 06:31:10.959,127.4,772.16,0.0,1
2025-08-02 06:31:11.115,127.4,772.16,0.0,1
2025-08-02 06:31:11.251,127.4,772.16,0.0,1
2025-08-02 06:31:11.346,127.4,772.16,0.0,1
2025-08-02 06:31:11.447,127.4,772.16,0.0,1
2025-08-02 06:31:11.583,127.4,772.16,0.0,1
2025-08-02 06:31:11.797,127.4,772.16,0.0,1
2025-08-02 06:31:11.991,127.4,772.16,0.0,1
2025-08-02 06:31:12.119,127.4,772.16,0.0,1
2025-08-02 06:31:12.214,127.4,772.16,0.0,1
2025-08-02 06:31:12.285,127.4,772.16,0.0,1
2025-08-02 06:31:12.355,127.4,772.16,0.0,1
2025-08-02 06:31:12.446,127.4,772.16,0.0,1
2025-08-02 06:31:12.526,127.4,772.16,0.0,1
2025-08-02 06:31:12.591,127.4,772.16,0.0,1
2025-08-02 06:31:12.690,127.4,772.16,0.0,1
2025-08-02 06:31:12.843,127.4,772.16,0.0,1
2025-08-02 06:31:13.003,127.4,772.16,0.0,1
2025-08-02 06:31:13.079,127.4,772.16,0.0,1
2025-08-02 06:31:13.150,127.4,772.16,0.0,1
2025-08-02 06:31:13.243,127.4,772.16,0.0,1
2025-08-02 06:31:13.389,127.4,772.16,0.0,1
2025-08-02 06:31:13.552,127.4,772.16,0.0,1
2025-08-02 06:31:13.739,127.4,772.16,0.0,1
2025-08-02 06:31:13.861,127.4,772.34,0.0,1
2025-08-02 06:31:13.964,127.4,772.34,0.0,1
2025-08-02 06:31:14.110,127.4,772.34,0.0,1
2025-08-02 06:31:14.184,127.4,772.34,0.0,1
2025-08-02 06:31:14.284,127.4,772.34,0.0,1
2025-08-02 06:31:14.426,127.4,772.34,0.0,1
2025-08-02 06:31:14.495,127.4,772.34,0.0,1
2025-08-02 06:31:14.583,127.4,772.34,0.0,1
2025-08-02 06:31:14.681,127.4,772.34,0.0,1
2025-08-02 06:31:14.821,127.4,772.34,0.0,1
2025-08-02 06:31:14.913,127.4,772.34,0.0,1
2025-08-02 06:31:15.054,127.4,772.34,0.0,1
2025-08-02 06:31:15.222,127.4,772.34,0.0,1
2025-08-02 06:31:15.313,127.4,772.34,0.0,1
2025-08-02 06:31:15.457,127.4,772.34,0.0,1
2025-08-02 06:31:15.606,127.4,772.34,0.0,1
2025-08-02 06:31:15.698,127.4,772.34,0.0,1
2025-08-02 06:31:15.840,127.4,772.34,0.0,1
2025-08-02 06:31:15.910,127.4,772.34,0.0,1
2025-08-02 06:31:16.009,127.4,772.34,0.0,1
2025-08-02 06:31:16.155,127.4,772.34,0.0,1
2025-08-02 06:31:16.312,127.4,772.34,0.0,1
2025-08-02 06:31:16.465,127.4,772.34,0.0,1
2025-08-02 06:31:16.654,127.4,772.34,0.0,1
2025-08-02 06:31:16.792,127.4,772.34,0.0,1
2025-08-02 06:31:16.993,127.4,772.34,0.0,1
2025-08-02 06:31:17.214,127.4,772.34,0.0,1
2025-08-02 06:31:17.334,127.4,772.34,0.0,1
2025-08-02 06:31:17.427,129.2,772.34,0.0,1
2025-08-02 06:31:17.496,129.2,772.34,0.0,1
2025-08-02 06:31:17.587,129.2,772.34,0.0,1
2025-08-02 06:31:17.750,129.2,772.34,0.0,1
2025-08-02 06:31:17.874,129.2,772.34,0.0,1
2025-08-02 06:31:17.975,129.2,772.34,0.0,1
2025-08-02 06:31:18.073,129.2,772.34,0.0,1
2025-08-02 06:31:18.222,129.2,772.34,0.0,1
2025-08-02 06:31:18.295,129.2,772.34,0.0,1
2025-08-02 06:31:18.362,129.2,772.34,0.0,1
2025-08-02 06:31:18.453,129.2,772.34,0.0,1
2025-08-02 06:31:18.522,129.2,772.34,0.0,1
2025-08-02 06:31:18.647,129.2,772.34,0.0,1
2025-08-02 06:31:18.774,129.2,772.34,0.0,1
2025-08-02 06:31:18.877,129.2,772.34,0.0,1
2025-08-02 06:31:18.976,129.2,772.34,0.0,1
2025-08-02 06:31:19.119,129.2,772.34,0.0,1
2025-08-02 06:31:19.271,129.2,772.34,0.0,1
2025-08-02 06:31:19.425,129.2,772.34,0.0,1
2025-08-02 06:31:19.609,129.2,772.34,0.0,1
2025-08-02 06:31:19.762,129.2,772.34,0.0,1
2025-08-02 06:31:19.892,129.2,772.34,0.0,1
2025-08-02 06:31:19.958,129.2,772.34,0.0,1
2025-08-02 06:31:20.059,129.2,772.34,0.0,1
2025-08-02 06:31:20.232,129.2,772.34,0.0,1
2025-08-02 06:31:20.358,129.2,772.34,0.0,1
2025-08-02 06:31:20.536,129.2,772.34,0.0,1
2025-08-02 06:31:20.688,129.2,772.34,0.0,1
2025-08-02 06:31:20.816,129.2,772.34,0.0,1
2025-08-02 06:31:20.981,129.2,772.34,0.0,1
2025-08-02 06:31:21.137,129.2,772.34,0.0,1
2025-08-02 06:31:21.316,129.2,772.34,0.0,1
2025-08-02 06:31:21.489,129.2,772.34,0.0,1
2025-08-02 06:31:21.648,129.2,772.34,0.0,1
2025-08-02 06:31:21.850,129.2,772.34,0.0,1
2025-08-02 06:31:22.052,129.2,772.34,0.0,1
2025-08-02 06:31:22.153,129.2,772.34,0.0,1
2025-08-02 06:31:22.223,129.2,772.34,0.0,1
2025-08-02 06:31:22.293,129.2,772.34,0.0,1
2025-08-02 06:31:22.361,129.2,772.34,0.0,1
2025-08-02 06:31:22.457,129.2,772.34,0.0,1
2025-08-02 06:31:22.608,129.2,772.34,0.0,1
2025-08-02 06:31:22.742,129.2,772.34,0.0,1
2025-08-02 06:31:22.825,129.2,772.34,0.0,1
2025-08-02 06:31:22.894,129.2,772.34,0.0,1
2025-08-02 06:31:22.987,129.2,772.34,0.0,1
2025-08-02 06:31:23.085,129.2,772.34,0.0,1
2025-08-02 06:31:23.232,129.2,772.34,0.0,1
2025-08-02 06:31:23.381,129.2,772.34,0.0,1
2025-08-02 06:31:23.457,129.2,772.34,0.0,1
2025-08-02 06:31:23.523,129.2,772.34,0.0,1
2025-08-02 06:31:23.621,129.2,772.34,0.0,1
2025-08-02 06:31:23.775,129.2,772.34,0.0,1
2025-08-02 06:31:23.950,129.2,772.34,0.0,1
2025-08-02 06:31:24.102,129.2,772.34,0.0,1
2025-08-02 06:31:24.252,129.2,772.52,0.0,1
2025-08-02 06:31:24.325,129.2,772.52,0.0,1
2025-08-02 06:31:24.395,129.2,772.52,0.0,1
2025-08-02 06:31:24.500,129.2,772.52,0.0,1
2025-08-02 06:31:24.628,129.2,772.52,0.0,1
2025-08-02 06:31:24.697,129.2,772.52,0.0,1
2025-08-02 06:31:24.798,129.2,772.52,0.0,1
2025-08-02 06:31:24.952,129.2,772.52,0.0,1
2025-08-02 06:31:25.124,129.2,772.52,0.0,1
2025-08-02 06:31:25.273,129.2,772.52,0.0,1
2025-08-02 06:31:25.428,129.2,772.52,0.0,1
2025-08-02 06:31:25.614,129.2,772.52,0.0,1
2025-08-02 06:31:25.735,129.2,772.52,0.0,1
2025-08-02 06:31:25.804,129.2,772.52,0.0,1
2025-08-02 06:31:25.874,129.2,772.52,0.0,1
2025-08-02 06:31:25.947,129.2,772.52,0.0,1
2025-08-02 06:31:26.021,129.2,772.52,0.0,1
2025-08-02 06:31:26.161,129.2,772.52,0.0,1
2025-08-02 06:31:26.262,129.2,772.52,0.0,1
2025-08-02 06:31:26.418,129.2,772.52,0.0,1
2025-08-02 06:31:26.591,129.2,772.52,0.0,1
2025-08-02 06:31:26.716,129.2,772.52,0.0,1
2025-08-02 06:31:26.859,129.2,772.52,0.0,1
2025-08-02 06:31:27.061,129.2,772.52,0.0,1
2025-08-02 06:31:27.274,129.2,772.52,0.0,1
2025-08-02 06:31:27.424,129.2,772.52,0.0,1
2025-08-02 06:31:27.577,129.2,772.52,0.0,1
2025-08-02 06:31:27.726,129.2,772.52,0.0,1
2025-08-02 06:31:27.819,129.2,772.52,0.0,1
2025-08-02 06:31:27.962,129.2,772.52,0.0,1
2025-08-02 06:31:28.064,129.2,772.52,0.0,1
2025-08-02 06:31:28.211,129.2,772.52,0.0,1
2025-08-02 06:31:28.359,129.2,772.52,0.0,1
2025-08-02 06:31:28.432,129.2,772.52,0.0,1
2025-08-02 06:31:28.532,129.2,772.52,0.0,1
2025-08-02 06:31:28.687,129.2,772.52,0.0,1
2025-08-02 06:31:28.833,129.2,772.52,0.0,1
2025-08-02 06:31:28.935,129.2,772.52,0.0,1
2025-08-02 06:31:29.082,129.2,772.52,0.0,1
2025-08-02 06:31:29.220,129.2,772.52,0.0,1
2025-08-02 06:31:29.322,129.2,772.52,0.0,1
2025-08-02 06:31:29.467,129.2,772.52,0.0,1
2025-08-02 06:31:29.630,129.2,772.52,0.0,1
2025-08-02 06:31:29.810,129.2,772.52,0.0,1
2025-08-02 06:31:29.943,129.2,772.52,0.0,1
2025-08-02 06:31:30.094,129.2,772.52,0.0,1
2025-08-02 06:31:30.187,129.2,772.52,0.0,1
2025-08-02 06:31:30.329,129.2,772.52,0.0,1
2025-08-02 06:31:30.444,129.2,772.52,0.0,1
2025-08-02 06:31:30.571,129.2,772.52,0.0,1
2025-08-02 06:31:30.677,129.2,772.52,0.0,1
2025-08-02 06:31:30.821,129.2,772.52,0.0,1
2025-08-02 06:31:30.895,129.2,772.52,0.0,1
2025-08-02 06:31:30.987,129.2,772.52,0.0,1
2025-08-02 06:31:31.058,129.2,772.52,0.0,1
2025-08-02 06:31:31.148,129.2,772.52,0.0,1
2025-08-02 06:31:31.293,129.2,772.52,0.0,1
2025-08-02 06:31:31.443,129.2,772.52,0.0,1
2025-08-02 06:31:31.583,129.2,772.52,0.0,1
2025-08-02 06:31:31.795,129.2,772.7,0.0,1
2025-08-02 06:31:31.924,129.2,772.7,0.0,1
2025-08-02 06:31:32.126,129.2,772.7,0.0,1
2025-08-02 06:31:32.348,129.2,772.7,0.0,1
2025-08-02 06:31:32.481,131.0,772.7,0.0,1
2025-08-02 06:31:32.633,131.0,772.7,0.0,1
2025-08-02 06:31:32.749,131.0,772.7,0.0,1
2025-08-02 06:31:32.876,131.0,772.7,0.0,1
2025-08-02 06:31:33.014,131.0,772.7,0.0,1
2025-08-02 06:31:33.194,131.0,772.7,0.0,1
2025-08-02 06:31:33.348,131.0,772.7,0.0,1
2025-08-02 06:31:33.499,131.0,772.7,0.0,1
2025-08-02 06:31:33.684,131.0,772.7,0.0,1
2025-08-02 06:31:33.835,131.0,772.7,0.0,1
2025-08-02 06:31:33.963,131.0,772.7,0.0,1
2025-08-02 06:31:34.030,131.0,772.7,0.0,1
2025-08-02 06:31:34.128,131.0,772.7,0.0,1
2025-08-02 06:31:34.295,131.0,772.7,0.0,1
2025-08-02 06:31:34.425,131.0,772.7,0.0,1
2025-08-02 06:31:34.502,131.0,772.7,0.0,1
2025-08-02 06:31:34.608,131.0,772.7,0.0,1
2025-08-02 06:31:34.758,131.0,772.7,0.0,1
2025-08-02 06:31:34.905,131.0,772.7,0.0,1
2025-08-02 06:31:35.092,131.0,772.7,0.0,1
2025-08-02 06:31:35.292,131.0,772.7,0.0,1
2025-08-02 06:31:35.365,131.0,772.7,0.0,1
2025-08-02 06:31:35.434,131.0,772.7,0.0,1
2025-08-02 06:31:35.525,131.0,772.7,0.0,1
2025-08-02 06:31:35.616,131.0,772.7,0.0,1
2025-08-02 06:31:35.708,131.0,772.88,0.0,1
2025-08-02 06:31:35.862,131.0,772.88,0.0,1
2025-08-02 06:31:35.933,131.0,772.88,0.0,1
2025-08-02 06:31:36.030,131.0,772.88,0.0,1
2025-08-02 06:31:36.182,131.0,772.88,0.0,1
2025-08-02 06:31:36.334,131.0,772.88,0.0,1
2025-08-02 06:31:36.442,131.0,772.88,0.0,1
2025-08-02 06:31:36.580,131.0,772.88,0.0,1
2025-08-02 06:31:36.719,131.0,772.88,0.0,1
2025-08-02 06:31:36.922,131.0,772.88,0.0,1
2025-08-02 06:31:37.130,131.0,772.88,0.0,1
2025-08-02 06:31:37.309,131.0,772.88,0.0,1
2025-08-02 06:31:37.439,131.0,772.88,0.0,1
2025-08-02 06:31:37.508,131.0,772.88,0.0,1
2025-08-02 06:31:37.598,131.0,772.88,0.0,1
2025-08-02 06:31:37.749,131.0,772.88,0.0,1
2025-08-02 06:31:37.901,131.0,772.88,0.0,1
2025-08-02 06:31:37.978,131.0,772.88,0.0,1
2025-08-02 06:31:38.076,131.0,773.06,0.0,1
2025-08-02 06:31:38.174,131.0,773.06,0.0,1
2025-08-02 06:31:38.321,131.0,773.06,0.0,1
2025-08-02 06:31:38.473,131.0,773.06,0.0,1
2025-08-02 06:31:38.547,131.0,773.06,0.0,1
2025-08-02 06:31:38.625,131.0,773.06,0.0,1
2025-08-02 06:31:38.695,131.0,773.06,0.0,1
2025-08-02 06:31:38.763,131.0,773.06,0.0,1
2025-08-02 06:31:38.863,131.0,773.06,0.0,1
2025-08-02 06:31:39.018,131.0,773.06,0.0,1
2025-08-02 06:31:39.207,131.0,773.06,0.0,1
2025-08-02 06:31:39.329,131.0,773.06,0.0,1
2025-08-02 06:31:39.404,131.0,773.06,0.0,1
2025-08-02 06:31:39.475,131.0,773.06,0.0,1
2025-08-02 06:31:39.575,131.0,773.06,0.0,1
2025-08-02 06:31:39.819,131.0,773.06,0.0,1
2025-08-02 06:31:39.971,131.0,773.06,0.0,1
2025-08-02 06:31:40.122,131.0,773.06,0.0,1
2025-08-02 06:31:40.217,131.0,773.06,0.0,1
2025-08-02 06:31:40.359,131.0,773.06,0.0,1
2025-08-02 06:31:40.511,131.0,773.06,0.0,1
2025-08-02 06:31:40.590,131.0,773.06,0.0,1
2025-08-02 06:31:40.659,131.0,773.06,0.0,1
2025-08-02 06:31:40.847,131.0,773.06,0.0,1
2025-08-02 06:31:41.003,131.0,773.06,0.0,1
2025-08-02 06:31:41.208,131.0,773.06,0.0,1
2025-08-02 06:31:41.285,131.0,773.06,0.0,1
2025-08-02 06:31:41.377,131.0,773.06,0.0,1
2025-08-02 06:31:41.573,131.0,773.06,0.0,1
2025-08-02 06:31:41.778,131.0,773.06,0.0,1
2025-08-02 06:31:41.968,131.0,773.06,0.0,1
2025-08-02 06:31:42.187,131.0,773.06,0.0,1
2025-08-02 06:31:42.347,131.0,773.06,0.0,1
2025-08-02 06:31:42.498,131.0,773.06,0.0,1
2025-08-02 06:31:42.682,131.0,773.24,0.0,1
2025-08-02 06:31:42.828,131.0,773.24,0.0,1
2025-08-02 06:31:42.981,131.0,773.24,0.0,1
2025-08-02 06:31:43.115,131.0,773.24,0.0,1
2025-08-02 06:31:43.212,131.0,773.24,0.0,1
2025-08-02 06:31:43.361,131.0,773.24,0.0,1
2025-08-02 06:31:43.514,131.0,773.24,0.0,1
2025-08-02 06:31:43.694,131.0,773.24,0.0,1
2025-08-02 06:31:43.856,131.0,773.24,0.0,1
2025-08-02 06:31:43.976,131.0,773.24,0.0,1
2025-08-02 06:31:44.069,131.0,773.24,0.0,1
2025-08-02 06:31:44.245,131.0,773.24,0.0,1
2025-08-02 06:31:44.373,131.0,773.24,0.0,1
2025-08-02 06:31:44.443,131.0,773.24,0.0,1
2025-08-02 06:31:44.528,131.0,773.24,0.0,1
2025-08-02 06:31:44.700,131.0,773.24,0.0,1
2025-08-02 06:31:44.847,131.0,773.24,0.0,1
2025-08-02 06:31:45.003,131.0,773.24,0.0,1
2025-08-02 06:31:45.159,131.0,773.24,0.0,1
2025-08-02 06:31:45.260,131.0,773.24,0.0,1
2025-08-02 06:31:45.409,131.0,773.24,0.0,1
2025-08-02 06:31:45.587,131.0,773.24,0.0,1
2025-08-02 06:31:45.744,131.0,773.24,0.0,1
2025-08-02 06:31:45.888,131.0,773.24,0.0,1
2025-08-02 06:31:46.044,131.0,773.42,0.0,1
2025-08-02 06:31:46.167,131.0,773.42,0.0,1
2025-08-02 06:31:46.258,131.0,773.42,0.0,1
2025-08-02 06:31:46.441,131.0,773.42,0.0,1
2025-08-02 06:31:46.586,131.0,773.42,0.0,1
2025-08-02 06:31:46.723,131.0,773.42,0.0,1
2025-08-02 06:31:46.929,131.0,773.42,0.0,1
2025-08-02 06:31:47.116,131.0,773.42,0.0,1
2025-08-02 06:31:47.301,131.0,773.42,0.0,1
2025-08-02 06:31:47.435,131.0,773.42,0.0,1
2025-08-02 06:31:47.596,132.8,773.42,0.0,1
2025-08-02 06:31:47.772,132.8,773.42,0.0,1
2025-08-02 06:31:47.925,132.8,773.42,0.0,1
2025-08-02 06:31:48.074,132.8,773.42,0.0,1
2025-08-02 06:31:48.254,132.8,773.42,0.0,1
2025-08-02 06:31:48.390,132.8,773.42,0.0,1
2025-08-02 06:31:48.486,132.8,773.42,0.0,1
2025-08-02 06:31:48.576,132.8,773.42,0.0,1
2025-08-02 06:31:48.664,132.8,773.42,0.0,1
2025-08-02 06:31:48.734,132.8,773.42,0.0,1
2025-08-02 06:31:48.805,132.8,773.42,0.0,1
2025-08-02 06:31:48.906,132.8,773.42,0.0,1
2025-08-02 06:31:49.059,132.8,773.42,0.0,1
2025-08-02 06:31:49.211,132.8,773.42,0.0,1
2025-08-02 06:31:49.305,132.8,773.6,0.0,1
2025-08-02 06:31:49.451,132.8,773.6,0.0,1
2025-08-02 06:31:49.601,132.8,773.6,0.0,1
2025-08-02 06:31:49.696,132.8,773.6,0.0,1
2025-08-02 06:31:49.843,132.8,773.6,0.0,1
2025-08-02 06:31:49.916,132.8,773.6,0.0,1
2025-08-02 06:31:49.982,132.8,773.6,0.0,1
2025-08-02 06:31:50.073,132.8,773.6,0.0,1
2025-08-02 06:31:50.142,132.8,773.6,0.0,1
2025-08-02 06:31:50.291,132.8,773.6,0.0,1
2025-08-02 06:31:50.368,132.8,773.6,0.0,1
2025-08-02 06:31:50.460,132.8,773.6,0.0,1
2025-08-02 06:31:50.527,132.8,773.6,0.0,1
2025-08-02 06:31:50.627,132.8,773.6,0.0,1
2025-08-02 06:31:50.797,132.8,773.6,0.0,1
2025-08-02 06:31:50.950,132.8,773.6,0.0,1
2025-08-02 06:31:51.102,132.8,773.6,0.0,1
2025-08-02 06:31:51.178,132.8,773.6,0.0,1
2025-08-02 06:31:51.253,132.8,773.6,0.0,1
2025-08-02 06:31:51.345,132.8,773.6,0.0,1
2025-08-02 06:31:51.493,132.8,773.6,0.0,1
2025-08-02 06:31:51.651,132.8,773.6,0.0,1
2025-08-02 06:31:51.789,132.8,773.6,0.0,1
2025-08-02 06:31:51.995,132.8,773.6,0.0,1
2025-08-02 06:31:52.217,132.8,773.78,0.0,1
2025-08-02 06:31:52.346,132.8,773.78,0.0,1
2025-08-02 06:31:52.416,132.8,773.78,0.0,1
2025-08-02 06:31:52.515,132.8,773.78,0.0,1
2025-08-02 06:31:52.660,132.8,773.78,0.0,1
2025-08-02 06:31:52.813,132.8,773.78,0.0,1
2025-08-02 06:31:52.967,132.8,773.78,0.0,1
2025-08-02 06:31:53.142,132.8,773.78,0.0,1
2025-08-02 06:31:53.294,132.8,773.78,0.0,1
2025-08-02 06:31:53.450,132.8,773.78,0.0,1
2025-08-02 06:31:53.615,132.8,773.78,0.0,1
2025-08-02 06:31:53.765,132.8,773.78,0.0,1
2025-08-02 06:31:53.919,132.8,773.78,0.0,1
2025-08-02 06:31:54.103,132.8,773.78,0.0,1
2025-08-02 06:31:54.256,132.8,773.78,0.0,1
2025-08-02 06:31:54.404,132.8,773.78,0.0,1
2025-08-02 06:31:54.589,132.8,773.78,0.0,1
2025-08-02 06:31:54.723,132.8,773.78,0.0,1
2025-08-02 06:31:54.869,132.8,773.78,0.0,1
2025-08-02 06:31:54.971,132.8,773.78,0.0,1
2025-08-02 06:31:55.121,132.8,773.78,0.0,1
2025-08-02 06:31:55.203,132.8,773.78,0.0,1
2025-08-02 06:31:55.364,132.8,773.78,0.0,1
2025-08-02 06:31:55.551,132.8,773.78,0.0,1
2025-08-02 06:31:55.680,132.8,773.96,0.0,1
2025-08-02 06:31:55.752,132.8,773.96,0.0,1
2025-08-02 06:31:55.902,132.8,773.96,0.0,1
2025-08-02 06:31:56.077,132.8,773.96,0.0,1
2025-08-02 06:31:56.224,132.8,773.96,0.0,1
2025-08-02 06:31:56.381,132.8,773.96,0.0,1
2025-08-02 06:31:56.584,132.8,773.96,0.0,1
2025-08-02 06:31:56.842,132.8,773.96,0.0,1
2025-08-02 06:31:57.053,132.8,773.96,0.0,1
2025-08-02 06:31:57.192,132.8,773.96,0.0,1
2025-08-02 06:31:57.333,132.8,773.96,0.0,1
2025-08-02 06:31:57.549,132.8,773.96,0.0,1
2025-08-02 06:31:57.643,132.8,773.96,0.0,1
2025-08-02 06:31:57.716,132.8,773.96,0.0,1
2025-08-02 06:31:57.784,132.8,773.96,0.0,1
2025-08-02 06:31:57.874,132.8,773.96,0.0,1
2025-08-02 06:31:57.964,132.8,773.96,0.0,1
2025-08-02 06:31:58.033,132.8,773.96,0.0,1
2025-08-02 06:31:58.099,132.8,773.96,0.0,1
2025-08-02 06:31:58.220,132.8,773.96,0.0,1
2025-08-02 06:31:58.347,132.8,773.96,0.0,1
2025-08-02 06:31:58.441,132.8,773.96,0.0,1
2025-08-02 06:31:58.541,132.8,773.96,0.0,1
2025-08-02 06:31:58.681,132.8,773.96,0.0,1
2025-08-02 06:31:58.779,132.8,773.96,0.0,1
2025-08-02 06:31:58.927,132.8,773.96,0.0,1
2025-08-02 06:31:59.000,132.8,773.96,0.0,1
2025-08-02 06:31:59.090,132.8,774.14,0.0,1
2025-08-02 06:31:59.239,132.8,774.14,0.0,1
2025-08-02 06:31:59.424,132.8,774.14,0.0,1
2025-08-02 06:31:59.555,132.8,774.14,0.0,1
2025-08-02 06:31:59.646,132.8,774.14,0.0,1
2025-08-02 06:31:59.744,132.8,774.14,0.0,1
2025-08-02 06:31:59.896,132.8,774.14,0.0,1
2025-08-02 06:32:00.070,132.8,774.14,0.0,1
2025-08-02 06:32:00.228,132.8,774.14,0.0,1
2025-08-02 06:32:00.355,132.8,774.14,0.0,1
2025-08-02 06:32:00.447,132.8,774.14,0.0,1
2025-08-02 06:32:00.596,132.8,774.14,0.0,1
2025-08-02 06:32:00.672,132.8,774.14,0.0,1
2025-08-02 06:32:00.743,132.8,774.14,0.0,1
2025-08-02 06:32:00.814,132.8,774.14,0.0,1
2025-08-02 06:32:00.881,132.8,774.14,0.0,1
2025-08-02 06:32:00.983,132.8,774.14,0.0,1
2025-08-02 06:32:01.103,132.8,774.14,0.0,1
2025-08-02 06:32:01.167,132.8,774.14,0.0,1
2025-08-02 06:32:01.239,132.8,774.14,0.0,1
2025-08-02 06:32:01.332,132.8,774.14,0.0,1
2025-08-02 06:32:01.400,132.8,774.14,0.0,1
2025-08-02 06:32:01.594,132.8,774.14,0.0,1
2025-08-02 06:32:01.795,132.8,774.14,0.0,1
2025-08-02 06:32:02.000,132.8,774.32,0.0,1
2025-08-02 06:32:02.131,132.8,774.32,0.0,1
2025-08-02 06:32:02.279,132.8,774.32,0.0,1
2025-08-02 06:32:02.356,132.8,774.32,0.0,1
2025-08-02 06:32:02.445,132.8,774.32,0.0,1
2025-08-02 06:32:02.593,132.8,774.32,0.0,1
2025-08-02 06:32:02.773,132.8,774.32,0.0,1
2025-08-02 06:32:02.922,132.8,774.32,0.0,1
2025-08-02 06:32:03.072,132.8,774.32,0.0,1
2025-08-02 06:32:03.150,132.8,774.32,0.0,1
2025-08-02 06:32:03.217,132.8,774.32,0.0,1
2025-08-02 06:32:03.317,132.8,774.32,0.0,1
2025-08-02 06:32:03.460,132.8,774.32,0.0,1
2025-08-02 06:32:03.612,132.8,774.32,0.0,1
2025-08-02 06:32:03.756,132.8,774.32,0.0,1
2025-08-02 06:32:03.852,132.8,774.32,0.0,1
2025-08-02 06:32:03.998,134.6,774.32,0.0,1
2025-08-02 06:32:04.621,134.6,774.5,0.0,1
2025-08-02 06:32:04.726,134.6,774.5,0.0,1
2025-08-02 06:32:04.874,134.6,774.5,0.0,1
2025-08-02 06:32:05.010,134.6,774.5,0.0,1
2025-08-02 06:32:05.088,134.6,774.5,0.0,1
2025-08-02 06:32:05.156,134.6,774.5,0.0,1
2025-08-02 06:32:05.223,134.6,774.5,0.0,1
2025-08-02 06:32:05.290,134.6,774.5,0.0,1
2025-08-02 06:32:05.438,134.6,774.5,0.0,1
2025-08-02 06:32:05.511,134.6,774.5,0.0,1
2025-08-02 06:32:05.577,134.6,774.5,0.0,1
2025-08-02 06:32:05.669,134.6,774.5,0.0,1
2025-08-02 06:32:05.740,134.6,774.5,0.0,1
2025-08-02 06:32:05.831,134.6,774.5,0.0,1
2025-08-02 06:32:05.980,134.6,774.5,0.0,1
2025-08-02 06:32:06.131,134.6,774.5,0.0,1
2025-08-02 06:32:06.295,134.6,774.5,0.0,1
2025-08-02 06:32:06.469,134.6,774.5,0.0,1
2025-08-02 06:32:06.665,134.6,774.5,0.0,1
2025-08-02 06:32:06.856,134.6,774.5,0.0,1
2025-08-02 06:32:06.993,134.6,774.5,0.0,1
2025-08-02 06:32:07.186,134.6,774.68,0.0,1
2025-08-02 06:32:07.317,134.6,774.68,0.0,1
2025-08-02 06:32:07.390,134.6,774.68,0.0,1
2025-08-02 06:32:07.483,134.6,774.68,0.0,1
2025-08-02 06:32:07.620,134.6,774.68,0.0,1
2025-08-02 06:32:07.725,134.6,774.68,0.0,1
2025-08-02 06:32:07.873,134.6,774.68,0.0,1
2025-08-02 06:32:07.944,134.6,774.68,0.0,1
2025-08-02 06:32:08.064,134.6,774.68,0.0,1
2025-08-02 06:32:08.204,134.6,774.68,0.0,1
2025-08-02 06:32:08.346,134.6,774.68,0.0,1
2025-08-02 06:32:08.494,134.6,774.68,0.0,1
2025-08-02 06:32:08.589,134.6,774.68,0.0,1
2025-08-02 06:32:08.775,134.6,774.68,0.0,1
2025-08-02 06:32:08.897,134.6,774.68,0.0,1
2025-08-02 06:32:09.045,134.6,774.68,0.0,1
2025-08-02 06:32:09.227,134.6,774.68,0.0,1
2025-08-02 06:32:09.379,134.6,774.68,0.0,1
2025-08-02 06:32:09.507,134.6,774.86,0.0,1
2025-08-02 06:32:09.583,134.6,774.86,0.0,1
2025-08-02 06:32:09.651,134.6,774.86,0.0,1
2025-08-02 06:32:09.753,134.6,774.86,0.0,1
2025-08-02 06:32:09.905,134.6,774.86,0.0,1
2025-08-02 06:32:10.056,134.6,774.86,0.0,1
2025-08-02 06:32:10.152,134.6,774.86,0.0,1
2025-08-02 06:32:10.300,134.6,774.86,0.0,1
2025-08-02 06:32:10.451,134.6,774.86,0.0,1
2025-08-02 06:32:10.613,134.6,774.86,0.0,1
2025-08-02 06:32:10.796,134.6,774.86,0.0,1
2025-08-02 06:32:10.925,134.6,774.86,0.0,1
2025-08-02 06:32:11.020,134.6,774.86,0.0,1
2025-08-02 06:32:11.169,134.6,774.86,0.0,1
2025-08-02 06:32:11.320,134.6,774.86,0.0,1
2025-08-02 06:32:11.407,134.6,774.86,0.0,1
2025-08-02 06:32:11.507,134.6,774.86,0.0,1
2025-08-02 06:32:11.657,134.6,774.86,0.0,1
2025-08-02 06:32:11.788,134.6,775.04,0.0,1
2025-08-02 06:32:12.001,134.6,775.04,0.0,1
2025-08-02 06:32:12.224,134.6,775.04,0.0,1
2025-08-02 06:32:12.375,134.6,775.04,0.0,1
2025-08-02 06:32:12.519,134.6,775.04,0.0,1
2025-08-02 06:32:12.598,134.6,775.04,0.0,1
2025-08-02 06:32:12.688,134.6,775.04,0.0,1
2025-08-02 06:32:12.853,134.6,775.04,0.0,1
2025-08-02 06:32:13.006,134.6,775.04,0.0,1
2025-08-02 06:32:13.147,134.6,775.04,0.0,1
2025-08-02 06:32:13.238,134.6,775.04,0.0,1
2025-08-02 06:32:13.383,134.6,775.04,0.0,1
2025-08-02 06:32:13.538,134.6,775.04,0.0,1
2025-08-02 06:32:13.720,134.6,775.04,0.0,1
2025-08-02 06:32:13.871,134.6,775.04,0.0,1
2025-08-02 06:32:14.028,134.6,775.22,0.0,1
2025-08-02 06:32:14.196,134.6,775.22,0.0,1
2025-08-02 06:32:14.338,134.6,775.22,0.0,1
2025-08-02 06:32:14.562,134.6,775.22,0.0,1
2025-08-02 06:32:14.633,134.6,775.22,0.0,1
2025-08-02 06:32:14.699,134.6,775.22,0.0,1
2025-08-02 06:32:14.767,134.6,775.22,0.0,1
2025-08-02 06:32:14.866,134.6,775.22,0.0,1
2025-08-02 06:32:15.016,134.6,775.22,0.0,1
2025-08-02 06:32:15.172,134.6,775.22,0.0,1
2025-08-02 06:32:15.345,134.6,775.22,0.0,1
2025-08-02 06:32:15.494,134.6,775.22,0.0,1
2025-08-02 06:32:15.639,134.6,775.22,0.0,1
2025-08-02 06:32:15.709,134.6,775.22,0.0,1
2025-08-02 06:32:15.778,134.6,775.22,0.0,1
2025-08-02 06:32:15.846,134.6,775.22,0.0,1
2025-08-02 06:32:15.947,134.6,775.22,0.0,1
2025-08-02 06:32:16.101,134.6,775.4,0.0,1
2025-08-02 06:32:16.230,134.6,775.4,0.0,1
2025-08-02 06:32:16.331,134.6,775.4,0.0,1
2025-08-02 06:32:16.473,134.6,775.4,0.0,1
2025-08-02 06:32:16.554,134.6,775.4,0.0,1
2025-08-02 06:32:16.760,134.6,775.4,0.0,1
2025-08-02 06:32:16.971,134.6,775.4,0.0,1
2025-08-02 06:32:17.149,134.6,775.4,0.0,1
2025-08-02 06:32:17.291,134.6,775.4,0.0,1
2025-08-02 06:32:17.433,134.6,775.4,0.0,1
2025-08-02 06:32:17.503,134.6,775.4,0.0,1
2025-08-02 06:32:17.581,134.6,775.4,0.0,1
2025-08-02 06:32:17.653,134.6,775.58,0.0,1
2025-08-02 06:32:17.813,134.6,775.58,0.0,1
2025-08-02 06:32:17.990,134.6,775.58,0.0,1
2025-08-02 06:32:18.119,134.6,775.58,0.0,1
2025-08-02 06:32:18.224,136.4,775.58,0.0,1
2025-08-02 06:32:18.368,136.4,775.58,0.0,1
2025-08-02 06:32:18.517,136.4,775.58,0.0,1
2025-08-02 06:32:18.612,134.6,775.58,0.0,1
2025-08-02 06:32:18.757,134.6,775.58,0.0,1
2025-08-02 06:32:18.907,134.6,775.58,0.0,1
2025-08-02 06:32:18.984,136.4,775.58,0.0,1
2025-08-02 06:32:19.053,136.4,775.58,0.0,1
2025-08-02 06:32:19.246,136.4,775.76,0.0,1
2025-08-02 06:32:19.404,136.4,775.76,0.0,1
2025-08-02 06:32:19.529,136.4,775.76,0.0,1
2025-08-02 06:32:19.628,136.4,775.76,0.0,1
2025-08-02 06:32:19.781,136.4,775.76,0.0,1
2025-08-02 06:32:19.855,136.4,775.76,0.0,1
2025-08-02 06:32:19.923,136.4,775.76,0.0,1
2025-08-02 06:32:20.024,136.4,775.76,0.0,1
2025-08-02 06:32:20.173,136.4,775.76,0.0,1
2025-08-02 06:32:20.328,136.4,775.76,0.0,1
2025-08-02 06:32:20.503,136.4,775.76,0.0,1
2025-08-02 06:32:20.658,136.4,775.76,0.0,1
2025-08-02 06:32:20.880,136.4,775.76,0.0,1
2025-08-02 06:32:20.948,136.4,775.76,0.0,1
2025-08-02 06:32:21.046,136.4,775.76,0.0,1
2025-08-02 06:32:21.197,136.4,775.94,0.0,1
2025-08-02 06:32:21.322,136.4,775.94,0.0,1
2025-08-02 06:32:21.411,136.4,775.94,0.0,1
2025-08-02 06:32:21.504,136.4,775.94,0.0,1
2025-08-02 06:32:21.586,136.4,775.94,0.0,1
2025-08-02 06:32:21.795,136.4,775.94,0.0,1
2025-08-02 06:32:22.004,136.4,775.94,0.0,1
2025-08-02 06:32:22.160,136.4,775.94,0.0,1
2025-08-02 06:32:22.294,136.4,775.94,0.0,1
2025-08-02 06:32:22.387,136.4,775.94,0.0,1
2025-08-02 06:32:22.546,136.4,775.94,0.0,1
2025-08-02 06:32:22.706,136.4,775.94,0.0,1
2025-08-02 06:32:22.831,136.4,775.94,0.0,1
2025-08-02 06:32:22.926,136.4,775.94,0.0,1
2025-08-02 06:32:23.016,136.4,775.94,0.0,1
2025-08-02 06:32:23.164,136.4,776.12,0.0,1
2025-08-02 06:32:23.319,136.4,776.12,0.0,1
2025-08-02 06:32:23.420,136.4,776.12,0.0,1
2025-08-02 06:32:23.565,136.4,776.12,0.0,1
2025-08-02 06:32:23.707,136.4,776.12,0.0,1
2025-08-02 06:32:23.799,136.4,776.12,0.0,1
2025-08-02 06:32:23.942,136.4,776.12,0.0,1
2025-08-02 06:32:24.096,136.4,776.12,0.0,1
2025-08-02 06:32:24.208,136.4,776.12,0.0,1
2025-08-02 06:32:24.433,136.4,776.12,0.0,1
2025-08-02 06:32:24.568,136.4,776.12,0.0,1
2025-08-02 06:32:24.647,136.4,776.12,0.0,1
2025-08-02 06:32:24.721,136.4,776.12,0.0,1
2025-08-02 06:32:24.792,136.4,776.12,0.0,1
2025-08-02 06:32:24.884,136.4,776.12,0.0,1
2025-08-02 06:32:25.036,136.4,776.12,0.0,1
2025-08-02 06:32:25.161,136.4,776.12,0.0,1
2025-08-02 06:32:25.333,136.4,776.12,0.0,1
2025-08-02 06:32:25.399,136.4,776.12,0.0,1
2025-08-02 06:32:25.510,136.4,776.12,0.0,1
2025-08-02 06:32:25.659,136.4,776.3,0.0,1
2025-08-02 06:32:25.754,136.4,776.3,0.0,1
2025-08-02 06:32:25.900,136.4,776.3,0.0,1
2025-08-02 06:32:26.056,136.4,776.3,0.0,1
2025-08-02 06:32:26.232,136.4,776.3,0.0,1
2025-08-02 06:32:26.384,136.4,776.3,0.0,1
2025-08-02 06:32:26.585,136.4,776.3,0.0,1
2025-08-02 06:32:26.791,136.4,776.3,0.0,1
2025-08-02 06:32:26.921,136.4,776.3,0.0,1
2025-08-02 06:32:27.122,136.4,776.3,0.0,1
2025-08-02 06:32:27.252,136.4,776.3,0.0,1
2025-08-02 06:32:27.407,136.4,776.3,0.0,1
2025-08-02 06:32:27.597,136.4,776.3,0.0,1
2025-08-02 06:32:27.727,136.4,776.3,0.0,1
2025-08-02 06:32:27.883,136.4,776.3,0.0,1
2025-08-02 06:32:28.054,136.4,776.3,0.0,1
2025-08-02 06:32:28.210,136.4,776.3,0.0,1
2025-08-02 06:32:28.362,136.4,776.3,0.0,1
2025-08-02 06:32:28.432,136.4,776.3,0.0,1
2025-08-02 06:32:28.523,136.4,776.3,0.0,1
2025-08-02 06:32:28.688,136.4,776.48,0.0,1
2025-08-02 06:32:28.839,136.4,776.48,0.0,1
2025-08-02 06:32:28.993,136.4,776.48,0.0,1
2025-08-02 06:32:29.147,136.4,776.48,0.0,1
2025-08-02 06:32:29.331,136.4,776.48,0.0,1
2025-08-02 06:32:29.477,136.4,776.48,0.0,1
2025-08-02 06:32:29.609,136.4,776.48,0.0,1
2025-08-02 06:32:29.709,136.4,776.48,0.0,1
2025-08-02 06:32:29.859,136.4,776.48,0.0,1
2025-08-02 06:32:29.937,136.4,776.48,0.0,1
2025-08-02 06:32:30.035,136.4,776.48,0.0,1
2025-08-02 06:32:30.125,136.4,776.48,0.0,1
2025-08-02 06:32:30.219,136.4,776.48,0.0,1
2025-08-02 06:32:30.374,136.4,776.48,0.0,1
2025-08-02 06:32:30.557,136.4,776.48,0.0,1
2025-08-02 06:32:30.686,136.4,776.48,0.0,1
2025-08-02 06:32:30.844,136.4,776.48,0.0,1
2025-08-02 06:32:30.993,136.4,776.48,0.0,1
2025-08-02 06:32:31.144,136.4,776.48,0.0,1
2025-08-02 06:32:31.405,136.4,776.48,0.0,1
2025-08-02 06:32:31.583,136.4,776.48,0.0,1
2025-08-02 06:32:31.786,136.4,776.48,0.0,1
2025-08-02 06:32:31.985,136.4,776.48,0.0,1
2025-08-02 06:32:32.166,136.4,776.48,0.0,1
2025-08-02 06:32:32.326,136.4,776.48,0.0,1
2025-08-02 06:32:32.481,136.4,776.48,0.0,1
2025-08-02 06:32:32.657,136.4,776.48,0.0,1
2025-08-02 06:32:32.806,136.4,776.48,0.0,1
2025-08-02 06:32:32.963,136.4,776.66,0.0,1
2025-08-02 06:32:33.093,136.4,776.66,0.0,1
2025-08-02 06:32:33.190,136.4,776.66,0.0,1
2025-08-02 06:32:33.345,136.4,776.66,0.0,1
2025-08-02 06:32:33.493,136.4,776.66,0.0,1
2025-08-02 06:32:33.795,136.4,776.66,0.0,1
2025-08-02 06:32:33.895,136.4,776.66,0.0,1
2025-08-02 06:32:34.011,136.4,776.66,0.0,1
2025-08-02 06:32:34.082,136.4,776.66,0.0,1
2025-08-02 06:32:34.180,136.4,776.66,0.0,1
2025-08-02 06:32:34.332,136.4,776.66,0.0,1
2025-08-02 06:32:34.445,136.4,776.66,0.0,1
2025-08-02 06:32:34.571,136.4,776.66,0.0,1
2025-08-02 06:32:34.722,136.4,776.66,0.0,1
2025-08-02 06:32:34.909,136.4,776.66,0.0,1
2025-08-02 06:32:35.039,136.4,776.66,0.0,1
2025-08-02 06:32:35.116,136.4,776.66,0.0,1
2025-08-02 06:32:35.210,136.4,776.66,0.0,1
2025-08-02 06:32:35.364,136.4,776.66,0.0,1
2025-08-02 06:32:35.486,136.4,776.66,0.0,1
2025-08-02 06:32:35.580,136.4,776.66,0.0,1
2025-08-02 06:32:35.650,136.4,776.66,0.0,1
2025-08-02 06:32:35.811,136.4,776.66,0.0,1
2025-08-02 06:32:35.987,136.4,776.66,0.0,1
2025-08-02 06:32:36.140,136.4,776.66,0.0,1
2025-08-02 06:32:36.286,136.4,776.66,0.0,1
2025-08-02 06:32:36.457,136.4,776.66,0.0,1
2025-08-02 06:32:36.648,136.4,776.66,0.0,1
2025-08-02 06:32:36.854,138.2,776.66,0.0,1
2025-08-02 06:32:37.054,138.2,776.66,0.0,1
2025-08-02 06:32:37.232,138.2,776.66,0.0,1
2025-08-02 06:32:37.331,138.2,776.66,0.0,1
2025-08-02 06:32:37.474,138.2,776.66,0.0,1
2025-08-02 06:32:37.637,138.2,776.66,0.0,1
2025-08-02 06:32:37.794,138.2,776.66,0.0,1
2025-08-02 06:32:37.971,138.2,776.66,0.0,1
2025-08-02 06:32:38.103,138.2,776.66,0.0,1
2025-08-02 06:32:38.198,138.2,776.66,0.0,1
2025-08-02 06:32:38.366,138.2,776.66,0.0,1
2025-08-02 06:32:38.539,138.2,776.66,0.0,1
2025-08-02 06:32:38.670,138.2,776.66,0.0,1
2025-08-02 06:32:38.823,138.2,776.66,0.0,1
2025-08-02 06:32:38.980,138.2,776.66,0.0,1
2025-08-02 06:32:39.076,138.2,776.66,0.0,1
2025-08-02 06:32:39.222,138.2,776.66,0.0,1
2025-08-02 06:32:39.373,138.2,776.66,0.0,1
2025-08-02 06:32:39.468,138.2,776.66,0.0,1
2025-08-02 06:32:39.625,138.2,776.66,0.0,1
2025-08-02 06:32:39.753,138.2,776.66,0.0,1
2025-08-02 06:32:39.852,138.2,776.66,0.0,1
2025-08-02 06:32:40.001,138.2,776.66,0.0,1
2025-08-02 06:32:40.164,138.2,776.84,0.0,1
2025-08-02 06:32:40.339,138.2,776.84,0.0,1
2025-08-02 06:32:40.488,138.2,776.84,0.0,1
2025-08-02 06:32:40.618,138.2,776.84,0.0,1
2025-08-02 06:32:40.696,138.2,776.84,0.0,1
2025-08-02 06:32:40.794,138.2,776.84,0.0,1
2025-08-02 06:32:40.928,138.2,776.84,0.0,1
2025-08-02 06:32:41.022,138.2,776.84,0.0,1
2025-08-02 06:32:41.166,138.2,776.84,0.0,1
2025-08-02 06:32:41.317,138.2,776.84,0.0,1
2025-08-02 06:32:41.421,138.2,776.84,0.0,1
2025-08-02 06:32:41.593,138.2,776.84,0.0,1
2025-08-02 06:32:41.795,138.2,776.84,0.0,1
2025-08-02 06:32:42.000,138.2,776.84,0.0,1
2025-08-02 06:32:42.157,138.2,776.84,0.0,1
2025-08-02 06:32:42.254,138.2,776.84,0.0,1
2025-08-02 06:32:42.399,138.2,776.84,0.0,1
2025-08-02 06:32:42.653,138.2,776.84,0.0,1
2025-08-02 06:32:42.782,138.2,776.84,0.0,1
2025-08-02 06:32:42.884,138.2,776.84,0.0,1
2025-08-02 06:32:43.035,138.2,776.84,0.0,1
2025-08-02 06:32:43.182,138.2,776.84,0.0,1
2025-08-02 06:32:43.256,138.2,776.84,0.0,1
2025-08-02 06:32:43.325,138.2,776.84,0.0,1
2025-08-02 06:32:43.404,138.2,776.84,0.0,1
2025-08-02 06:32:43.472,138.2,776.84,0.0,1
2025-08-02 06:32:43.539,138.2,776.84,0.0,1
2025-08-02 06:32:43.709,138.2,776.84,0.0,1
2025-08-02 06:32:43.784,138.2,776.84,0.0,1
2025-08-02 06:32:43.855,138.2,776.84,0.0,1
2025-08-02 06:32:43.928,138.2,776.84,0.0,1
2025-08-02 06:32:44.028,138.2,776.84,0.0,1
2025-08-02 06:32:44.182,138.2,776.84,0.0,1
2025-08-02 06:32:44.307,138.2,776.84,0.0,1
2025-08-02 06:32:44.407,138.2,776.84,0.0,1
2025-08-02 06:32:44.561,138.2,776.84,0.0,1
2025-08-02 06:32:44.742,138.2,776.84,0.0,1
2025-08-02 06:32:44.891,138.2,776.84,0.0,1
2025-08-02 06:32:45.042,138.2,776.84,0.0,1
2025-08-02 06:32:45.222,138.2,776.84,0.0,1
2025-08-02 06:32:45.375,138.2,776.84,0.0,1
2025-08-02 06:32:45.528,138.2,776.84,0.0,1
2025-08-02 06:32:45.702,138.2,776.84,0.0,1
2025-08-02 06:32:45.849,138.2,776.84,0.0,1
2025-08-02 06:32:45.998,138.2,777.02,0.0,1
2025-08-02 06:32:46.097,138.2,777.02,0.0,1
2025-08-02 06:32:46.419,138.2,777.02,0.0,1
2025-08-02 06:32:46.594,138.2,777.02,0.0,1
2025-08-02 06:32:46.787,138.2,777.02,0.0,1
2025-08-02 06:32:46.995,138.2,777.02,0.0,1
2025-08-02 06:32:47.198,138.2,777.02,0.0,1
2025-08-02 06:32:47.346,138.2,777.02,0.0,1
2025-08-02 06:32:47.501,138.2,777.02,0.0,1
2025-08-02 06:32:47.579,138.2,777.02,0.0,1
2025-08-02 06:32:47.650,138.2,777.02,0.0,1
2025-08-02 06:32:47.794,138.2,777.02,0.0,1
2025-08-02 06:32:47.897,138.2,777.02,0.0,1
2025-08-02 06:32:48.043,138.2,777.02,0.0,1
2025-08-02 06:32:48.201,138.2,777.02,0.0,1
2025-08-02 06:32:48.320,138.2,777.02,0.0,1
2025-08-02 06:32:48.440,138.2,777.02,0.0,1
2025-08-02 06:32:48.587,138.2,777.02,0.0,1
2025-08-02 06:32:48.737,138.2,777.02,0.0,1
2025-08-02 06:32:48.884,138.2,777.02,0.0,1
2025-08-02 06:32:48.955,138.2,777.02,0.0,1
2025-08-02 06:32:49.053,138.2,777.02,0.0,1
2025-08-02 06:32:49.203,138.2,777.02,0.0,1
2025-08-02 06:32:49.303,138.2,777.02,0.0,1
2025-08-02 06:32:49.452,138.2,777.02,0.0,1
2025-08-02 06:32:49.530,138.2,777.02,0.0,1
2025-08-02 06:32:49.633,138.2,777.02,0.0,1
2025-08-02 06:32:49.778,138.2,777.02,0.0,1
2025-08-02 06:32:49.963,138.2,777.02,0.0,1
2025-08-02 06:32:50.115,138.2,777.02,0.0,1
2025-08-02 06:32:50.265,138.2,777.02,0.0,1
2025-08-02 06:32:50.441,138.2,777.02,0.0,1
2025-08-02 06:32:50.596,138.2,777.02,0.0,1
2025-08-02 06:32:50.753,138.2,777.02,0.0,1
2025-08-02 06:32:50.929,138.2,777.02,0.0,1
2025-08-02 06:32:51.096,138.2,777.02,0.0,1
2025-08-02 06:32:51.218,138.2,777.02,0.0,1
2025-08-02 06:32:51.313,138.2,777.02,0.0,1
2025-08-02 06:32:51.458,138.2,777.02,0.0,1
2025-08-02 06:32:51.649,138.2,777.2,0.0,1
2025-08-02 06:32:51.847,138.2,777.2,0.0,1
2025-08-02 06:32:52.058,138.2,777.2,0.0,1
2025-08-02 06:32:52.182,138.2,777.2,0.0,1
2025-08-02 06:32:52.331,138.2,777.2,0.0,1
2025-08-02 06:32:52.479,138.2,777.2,0.0,1
2025-08-02 06:32:52.560,138.2,777.2,0.0,1
2025-08-02 06:32:52.630,138.2,777.2,0.0,1
2025-08-02 06:32:52.699,138.2,777.2,0.0,1
2025-08-02 06:32:52.881,138.2,777.2,0.0,1
2025-08-02 06:32:53.004,140.0,777.2,0.0,1
2025-08-02 06:32:53.073,140.0,777.2,0.0,1
2025-08-02 06:32:53.139,140.0,777.2,0.0,1
2025-08-02 06:32:53.235,138.2,777.2,0.0,1
2025-08-02 06:32:53.378,138.2,777.2,0.0,1
2025-08-02 06:32:53.530,138.2,777.2,0.0,1
2025-08-02 06:32:53.672,140.0,777.2,0.0,1
2025-08-02 06:32:53.768,140.0,777.2,0.0,1
2025-08-02 06:32:53.914,140.0,777.2,0.0,1
2025-08-02 06:32:54.068,140.0,777.2,0.0,1
2025-08-02 06:32:54.226,140.0,777.2,0.0,1
2025-08-02 06:32:54.410,140.0,777.2,0.0,1
2025-08-02 06:32:54.530,140.0,777.2,0.0,1
2025-08-02 06:32:54.653,140.0,777.2,0.0,1
2025-08-02 06:32:54.771,140.0,777.2,0.0,1
2025-08-02 06:32:54.869,140.0,777.2,0.0,1
2025-08-02 06:32:55.028,140.0,777.2,0.0,1
2025-08-02 06:32:55.182,140.0,777.2,0.0,1
2025-08-02 06:32:55.256,140.0,777.2,0.0,1
2025-08-02 06:32:55.330,140.0,777.2,0.0,1
2025-08-02 06:32:55.426,140.0,777.2,0.0,1
2025-08-02 06:32:55.573,140.0,777.2,0.0,1
2025-08-02 06:32:55.727,140.0,777.2,0.0,1
2025-08-02 06:32:55.913,140.0,777.2,0.0,1
2025-08-02 06:32:56.040,140.0,777.2,0.0,1
2025-08-02 06:32:56.214,140.0,777.2,0.0,1
2025-08-02 06:32:56.367,140.0,777.2,0.0,1
2025-08-02 06:32:56.515,140.0,777.2,0.0,1
2025-08-02 06:32:56.722,140.0,777.2,0.0,1
2025-08-02 06:32:56.931,140.0,777.2,0.0,1
2025-08-02 06:32:57.118,140.0,777.2,0.0,1
2025-08-02 06:32:57.243,140.0,777.2,0.0,1
2025-08-02 06:32:57.337,140.0,777.2,0.0,1
2025-08-02 06:32:57.487,140.0,777.2,0.0,1
2025-08-02 06:32:57.559,140.0,777.2,0.0,1
2025-08-02 06:32:57.627,140.0,777.2,0.0,1
2025-08-02 06:32:57.696,140.0,777.2,0.0,1
2025-08-02 06:32:57.796,140.0,777.2,0.0,1
2025-08-02 06:32:57.944,140.0,777.2,0.0,1
2025-08-02 06:32:58.091,140.0,777.2,0.0,1
2025-08-02 06:32:58.240,140.0,777.2,0.0,1
2025-08-02 06:32:58.313,140.0,777.2,0.0,1
2025-08-02 06:32:58.381,140.0,777.2,0.0,1
2025-08-02 06:32:58.479,140.0,777.2,0.0,1
2025-08-02 06:32:58.627,140.0,777.2,0.0,1
2025-08-02 06:32:58.768,140.0,777.2,0.0,1
2025-08-02 06:32:58.965,140.0,777.2,0.0,1
2025-08-02 06:32:59.111,140.0,777.2,0.0,1
2025-08-02 06:32:59.271,140.0,777.2,0.0,1
2025-08-02 06:32:59.451,140.0,777.2,0.0,1
2025-08-02 06:32:59.580,140.0,777.2,0.0,1
2025-08-02 06:32:59.678,140.0,777.2,0.0,1
2025-08-02 06:32:59.824,140.0,777.2,0.0,1
2025-08-02 06:32:59.975,140.0,777.38,0.0,1
2025-08-02 06:33:00.069,140.0,777.38,0.0,1
2025-08-02 06:33:00.222,140.0,777.38,0.0,1
2025-08-02 06:33:00.375,140.0,777.38,0.0,1
2025-08-02 06:33:00.527,140.0,777.38,0.0,1
2025-08-02 06:33:00.708,140.0,777.38,0.0,1
2025-08-02 06:33:00.861,140.0,777.38,0.0,1
2025-08-02 06:33:00.989,140.0,777.38,0.0,1
2025-08-02 06:33:01.080,140.0,777.38,0.0,1
2025-08-02 06:33:01.250,140.0,777.38,0.0,1
2025-08-02 06:33:01.432,140.0,777.38,0.0,1
2025-08-02 06:33:01.587,140.0,777.38,0.0,1
2025-08-02 06:33:01.772,140.0,777.38,0.0,1
2025-08-02 06:33:01.985,140.0,777.38,0.0,1
2025-08-02 06:33:02.270,140.0,777.38,0.0,1
2025-08-02 06:33:02.391,140.0,777.38,0.0,1
2025-08-02 06:33:02.473,140.0,777.38,0.0,1
2025-08-02 06:33:02.569,140.0,777.38,0.0,1
2025-08-02 06:33:02.722,140.0,777.38,0.0,1
2025-08-02 06:33:02.847,140.0,777.38,0.0,1
2025-08-02 06:33:02.944,140.0,777.38,0.0,1
2025-08-02 06:33:03.037,140.0,777.38,0.0,1
2025-08-02 06:33:03.191,140.0,777.38,0.0,1
2025-08-02 06:33:03.371,140.0,777.38,0.0,1
2025-08-02 06:33:03.521,140.0,777.38,0.0,1
2025-08-02 06:33:03.672,140.0,777.38,0.0,1
2025-08-02 06:33:03.821,140.0,777.38,0.0,1
2025-08-02 06:33:03.918,140.0,777.38,0.0,1
2025-08-02 06:33:04.066,140.0,777.38,0.0,1
2025-08-02 06:33:04.242,140.0,777.38,0.0,1
2025-08-02 06:33:04.391,140.0,777.38,0.0,1
2025-08-02 06:33:04.544,140.0,777.38,0.0,1
2025-08-02 06:33:04.697,140.0,777.38,0.0,1
2025-08-02 06:33:04.871,140.0,777.38,0.0,1
2025-08-02 06:33:05.029,140.0,777.38,0.0,1
2025-08-02 06:33:05.169,140.0,777.38,0.0,1
2025-08-02 06:33:05.316,140.0,777.38,0.0,1
2025-08-02 06:33:05.413,140.0,777.38,0.0,1
2025-08-02 06:33:05.559,140.0,777.38,0.0,1
2025-08-02 06:33:05.708,140.0,777.38,0.0,1
2025-08-02 06:33:05.863,140.0,777.38,0.0,1
2025-08-02 06:33:06.044,140.0,777.38,0.0,1
2025-08-02 06:33:06.200,140.0,777.38,0.0,1
2025-08-02 06:33:06.455,140.0,777.38,0.0,1
2025-08-02 06:33:06.577,140.0,777.38,0.0,1
2025-08-02 06:33:06.787,140.0,777.38,0.0,1
2025-08-02 06:33:07.059,140.0,777.38,0.0,1
2025-08-02 06:33:07.233,140.0,777.38,0.0,1
2025-08-02 06:33:07.389,140.0,777.38,0.0,1
2025-08-02 06:33:07.543,140.0,777.38,0.0,1
2025-08-02 06:33:07.617,140.0,777.38,0.0,1
2025-08-02 06:33:07.686,140.0,777.38,0.0,1
2025-08-02 06:33:07.777,140.0,777.38,0.0,1
2025-08-02 06:33:07.925,140.0,777.38,0.0,1
2025-08-02 06:33:08.075,140.0,777.38,0.0,1
2025-08-02 06:33:08.177,140.0,777.38,0.0,1
2025-08-02 06:33:08.322,140.0,777.38,0.0,1
2025-08-02 06:33:08.477,140.0,777.38,0.0,1
2025-08-02 06:33:08.702,140.0,777.38,0.0,1
2025-08-02 06:33:08.861,140.0,777.38,0.0,1
2025-08-02 06:33:08.940,140.0,777.38,0.0,1
2025-08-02 06:33:09.008,140.0,777.38,0.0,1
2025-08-02 06:33:09.155,140.0,777.38,0.0,1
2025-08-02 06:33:09.259,140.0,777.38,0.0,1
2025-08-02 06:33:09.404,140.0,777.38,0.0,1
2025-08-02 06:33:09.554,140.0,777.38,0.0,1
2025-08-02 06:33:09.701,140.0,777.38,0.0,1
2025-08-02 06:33:09.887,140.0,777.38,0.0,1
2025-08-02 06:33:10.039,140.0,777.38,0.0,1
2025-08-02 06:33:10.195,140.0,777.38,0.0,1
2025-08-02 06:33:10.372,140.0,777.38,0.0,1
2025-08-02 06:33:10.502,140.0,777.38,0.0,1
2025-08-02 06:33:10.596,140.0,777.38,0.0,1
2025-08-02 06:33:10.741,141.8,777.38,0.0,1
2025-08-02 06:33:10.841,141.8,777.38,0.0,1
2025-08-02 06:33:10.987,141.8,777.38,0.0,1
2025-08-02 06:33:11.141,141.8,777.38,0.0,1
2025-08-02 06:33:11.209,141.8,777.38,0.0,1
2025-08-02 06:33:11.332,141.8,777.38,0.0,1
2025-08-02 06:33:11.489,141.8,777.38,0.0,1
2025-08-02 06:33:11.648,141.8,777.38,0.0,1
2025-08-02 06:33:11.784,141.8,777.38,0.0,1
2025-08-02 06:33:11.989,141.8,777.38,0.0,1
2025-08-02 06:33:12.180,141.8,777.38,0.0,1
2025-08-02 06:33:12.428,141.8,777.38,0.0,1
2025-08-02 06:33:12.576,141.8,777.38,0.0,1
2025-08-02 06:33:12.671,141.8,777.38,0.0,1
2025-08-02 06:33:12.821,141.8,777.38,0.0,1
2025-08-02 06:33:12.958,141.8,777.38,0.0,1
2025-08-02 06:33:13.029,141.8,777.38,0.0,1
2025-08-02 06:33:13.097,141.8,777.38,0.0,1
2025-08-02 06:33:13.266,141.8,777.38,0.0,1
2025-08-02 06:33:13.409,141.8,777.38,0.0,1
2025-08-02 06:33:13.557,141.8,777.38,0.0,1
2025-08-02 06:33:13.630,141.8,777.38,0.0,1
2025-08-02 06:33:13.698,141.8,777.38,0.0,1
2025-08-02 06:33:13.768,141.8,777.38,0.0,1
2025-08-02 06:33:13.836,141.8,777.38,0.0,1
2025-08-02 06:33:13.935,141.8,777.38,0.0,1
2025-08-02 06:33:14.084,141.8,777.38,0.0,1
2025-08-02 06:33:14.236,141.8,777.38,0.0,1
2025-08-02 06:33:14.383,141.8,777.38,0.0,1
2025-08-02 06:33:14.454,141.8,777.38,0.0,1
2025-08-02 06:33:14.520,141.8,777.38,0.0,1
2025-08-02 06:33:14.617,141.8,777.38,0.0,1
2025-08-02 06:33:14.768,141.8,777.38,0.0,1
2025-08-02 06:33:14.919,141.8,777.38,0.0,1
2025-08-02 06:33:14.989,141.8,777.38,0.0,1
2025-08-02 06:33:15.064,141.8,777.38,0.0,1
2025-08-02 06:33:15.166,141.8,777.38,0.0,1
2025-08-02 06:33:15.315,141.8,777.38,0.0,1
2025-08-02 06:33:15.456,141.8,777.38,0.0,1
2025-08-02 06:33:15.553,141.8,777.38,0.0,1
2025-08-02 06:33:15.698,141.8,777.38,0.0,1
2025-08-02 06:33:15.849,141.8,777.38,0.0,1
2025-08-02 06:33:15.921,141.8,777.38,0.0,1
2025-08-02 06:33:16.042,141.8,777.38,0.0,1
2025-08-02 06:33:16.171,141.8,777.38,0.0,1
2025-08-02 06:33:16.315,141.8,777.38,0.0,1
2025-08-02 06:33:16.385,141.8,777.38,0.0,1
2025-08-02 06:33:16.477,141.8,777.38,0.0,1
2025-08-02 06:33:16.634,141.8,777.38,0.0,1
2025-08-02 06:33:16.768,141.8,777.38,0.0,1
2025-08-02 06:33:16.973,141.8,777.38,0.0,1
2025-08-02 06:33:17.108,141.8,777.38,0.0,1
2025-08-02 06:33:17.256,141.8,777.38,0.0,1
2025-08-02 06:33:17.357,141.8,777.38,0.0,1
2025-08-02 06:33:17.502,141.8,777.38,0.0,1
2025-08-02 06:33:17.658,141.8,777.38,0.0,1
2025-08-02 06:33:17.837,141.8,777.38,0.0,1
2025-08-02 06:33:17.968,141.8,777.38,0.0,1
2025-08-02 06:33:18.125,141.8,777.38,0.0,1
2025-08-02 06:33:18.278,141.8,777.38,0.0,1
2025-08-02 06:33:18.350,141.8,777.38,0.0,1
2025-08-02 06:33:18.442,141.8,777.38,0.0,1
2025-08-02 06:33:18.511,141.8,777.38,0.0,1
2025-08-02 06:33:18.605,141.8,777.38,0.0,1
2025-08-02 06:33:18.750,141.8,777.38,0.0,1
2025-08-02 06:33:18.904,141.8,777.38,0.0,1
2025-08-02 06:33:19.054,141.8,777.38,0.0,1
2025-08-02 06:33:19.154,141.8,777.38,0.0,1
2025-08-02 06:33:19.299,141.8,777.38,0.0,1
2025-08-02 06:33:19.455,141.8,777.38,0.0,1
2025-08-02 06:33:19.634,141.8,777.38,0.0,1
2025-08-02 06:33:19.786,141.8,777.38,0.0,1
2025-08-02 06:33:19.933,141.8,777.38,0.0,1
2025-08-02 06:33:20.085,141.8,777.38,0.0,1
2025-08-02 06:33:20.262,141.8,777.38,0.0,1
2025-08-02 06:33:20.414,141.8,777.38,0.0,1
2025-08-02 06:33:20.651,141.8,777.38,0.0,1
2025-08-02 06:33:20.812,141.8,777.38,0.0,1
2025-08-02 06:33:20.945,141.8,777.38,0.0,1
2025-08-02 06:33:21.099,141.8,777.38,0.0,1
2025-08-02 06:33:21.245,141.8,777.38,0.0,1
2025-08-02 06:33:21.342,141.8,777.38,0.0,1
2025-08-02 06:33:21.491,141.8,777.38,0.0,1
2025-08-02 06:33:21.653,141.8,777.38,0.0,1
2025-08-02 06:33:21.864,141.8,777.38,0.0,1
2025-08-02 06:33:22.061,141.8,777.38,0.0,1
2025-08-02 06:33:22.205,141.8,777.38,0.0,1
2025-08-02 06:33:22.356,141.8,777.38,0.0,1
2025-08-02 06:33:22.450,141.8,777.38,0.0,1
2025-08-02 06:33:22.600,141.8,777.38,0.0,1
2025-08-02 06:33:22.752,141.8,777.38,0.0,1
2025-08-02 06:33:22.846,141.8,777.38,0.0,1
2025-08-02 06:33:22.995,141.8,777.38,0.0,1
2025-08-02 06:33:23.139,141.8,777.38,0.0,1
2025-08-02 06:33:23.213,141.8,777.38,0.0,1
2025-08-02 06:33:23.313,141.8,777.38,0.0,1
2025-08-02 06:33:23.465,141.8,777.38,0.0,1
2025-08-02 06:33:23.616,141.8,777.38,0.0,1
2025-08-02 06:33:23.713,141.8,777.38,0.0,1
2025-08-02 06:33:23.857,141.8,777.38,0.0,1
2025-08-02 06:33:24.007,141.8,777.38,0.0,1
2025-08-02 06:33:24.106,141.8,777.38,0.0,1
2025-08-02 06:33:24.255,141.8,777.38,0.0,1
2025-08-02 06:33:24.401,141.8,777.38,0.0,1
2025-08-02 06:33:24.626,141.8,777.38,0.0,1
2025-08-02 06:33:24.727,141.8,777.38,0.0,1
2025-08-02 06:33:24.875,141.8,777.38,0.0,1
2025-08-02 06:33:25.026,141.8,777.38,0.0,1
2025-08-02 06:33:25.176,141.8,777.38,0.0,1
2025-08-02 06:33:25.274,141.8,777.38,0.0,1
2025-08-02 06:33:25.431,141.8,777.38,0.0,1
2025-08-02 06:33:25.561,141.8,777.38,0.0,1
2025-08-02 06:33:25.826,141.8,777.38,0.0,1
2025-08-02 06:33:25.946,141.8,777.38,0.0,1
2025-08-02 06:33:26.143,141.8,777.38,0.0,1
2025-08-02 06:33:26.289,141.8,777.38,0.0,1
2025-08-02 06:33:26.445,141.8,777.38,0.0,1
2025-08-02 06:33:26.663,143.6,777.38,0.0,1
2025-08-02 06:33:26.861,143.6,777.38,0.0,1
2025-08-02 06:33:26.990,143.6,777.38,0.0,1
2025-08-02 06:33:27.173,143.6,777.38,0.0,1
2025-08-02 06:33:27.303,143.6,777.38,0.0,1
2025-08-02 06:33:27.397,143.6,777.38,0.0,1
2025-08-02 06:33:27.543,143.6,777.38,0.0,1
2025-08-02 06:33:27.697,143.6,777.38,0.0,1
2025-08-02 06:33:27.774,143.6,777.38,0.0,1
2025-08-02 06:33:27.873,143.6,777.38,0.0,1
2025-08-02 06:33:28.028,143.6,777.38,0.0,1
2025-08-02 06:33:28.185,143.6,777.38,0.0,1
2025-08-02 06:33:28.367,143.6,777.38,0.0,1
2025-08-02 06:33:28.513,143.6,777.38,0.0,1
2025-08-02 06:33:28.665,143.6,777.38,0.0,1
2025-08-02 06:33:28.841,143.6,777.38,0.0,1
2025-08-02 06:33:28.994,143.6,777.38,0.0,1
2025-08-02 06:33:29.147,143.6,777.38,0.0,1
2025-08-02 06:33:29.330,143.6,777.38,0.0,1
2025-08-02 06:33:29.458,143.6,777.38,0.0,1
2025-08-02 06:33:29.621,143.6,777.38,0.0,1
2025-08-02 06:33:29.803,143.6,777.38,0.0,1
2025-08-02 06:33:29.956,143.6,777.38,0.0,1
2025-08-02 06:33:30.110,143.6,777.38,0.0,1
2025-08-02 06:33:30.293,143.6,777.38,0.0,1
2025-08-02 06:33:30.420,143.6,777.38,0.0,1
2025-08-02 06:33:30.494,143.6,777.38,0.0,1
2025-08-02 06:33:30.594,143.6,777.38,0.0,1
2025-08-02 06:33:30.722,143.6,777.38,0.0,1
2025-08-02 06:33:30.876,143.6,777.56,0.0,1
2025-08-02 06:33:30.980,143.6,777.56,0.0,1
2025-08-02 06:33:31.122,143.6,777.56,0.0,1
2025-08-02 06:33:31.273,143.6,777.56,0.0,1
2025-08-02 06:33:31.447,143.6,777.56,0.0,1
2025-08-02 06:33:31.649,143.6,777.56,0.0,1
2025-08-02 06:33:31.853,143.6,777.56,0.0,1
2025-08-02 06:33:31.981,143.6,777.56,0.0,1
2025-08-02 06:33:32.133,143.6,777.56,0.0,1
2025-08-02 06:33:32.289,143.6,777.56,0.0,1
2025-08-02 06:33:32.442,143.6,777.56,0.0,1
2025-08-02 06:33:32.619,143.6,777.56,0.0,1
2025-08-02 06:33:32.774,143.6,777.56,0.0,1
2025-08-02 06:33:32.924,143.6,777.56,0.0,1
2025-08-02 06:33:33.077,143.6,777.56,0.0,1
2025-08-02 06:33:33.256,143.6,777.56,0.0,1
2025-08-02 06:33:33.404,143.6,777.56,0.0,1
2025-08-02 06:33:33.557,143.6,777.56,0.0,1
2025-08-02 06:33:33.685,143.6,777.56,0.0,1
2025-08-02 06:33:33.780,143.6,777.56,0.0,1
2025-08-02 06:33:33.847,143.6,777.56,0.0,1
2025-08-02 06:33:33.993,143.6,777.56,0.0,1
2025-08-02 06:33:34.086,143.6,777.56,0.0,1
2025-08-02 06:33:34.231,143.6,777.56,0.0,1
2025-08-02 06:33:34.384,143.6,777.56,0.0,1
2025-08-02 06:33:34.478,143.6,777.56,0.0,1
2025-08-02 06:33:34.637,143.6,777.56,0.0,1
2025-08-02 06:33:34.788,143.6,777.56,0.0,1
2025-08-02 06:33:34.939,143.6,777.56,0.0,1
2025-08-02 06:33:35.112,143.6,777.56,0.0,1
2025-08-02 06:33:35.258,143.6,777.56,0.0,1
2025-08-02 06:33:35.408,143.6,777.56,0.0,1
2025-08-02 06:33:35.489,143.6,777.56,0.0,1
2025-08-02 06:33:35.555,143.6,777.56,0.0,1
2025-08-02 06:33:35.645,143.6,777.56,0.0,1
2025-08-02 06:33:35.795,143.6,777.56,0.0,1
2025-08-02 06:33:35.948,143.6,777.56,0.0,1
2025-08-02 06:33:36.100,143.6,777.56,0.0,1
2025-08-02 06:33:36.178,143.6,777.56,0.0,1
2025-08-02 06:33:36.248,143.6,777.56,0.0,1
2025-08-02 06:33:36.394,143.6,777.56,0.0,1
2025-08-02 06:33:36.493,143.6,777.56,0.0,1
2025-08-02 06:33:36.653,143.6,777.56,0.0,1
2025-08-02 06:33:36.784,143.6,777.56,0.0,1
2025-08-02 06:33:36.990,143.6,777.56,0.0,1
2025-08-02 06:33:37.199,143.6,777.56,0.0,1
2025-08-02 06:33:37.349,143.6,777.56,0.0,1
2025-08-02 06:33:37.450,143.6,777.56,0.0,1
2025-08-02 06:33:37.599,143.6,777.56,0.0,1
2025-08-02 06:33:38.373,143.6,777.56,0.0,1
2025-08-02 06:33:38.477,143.6,777.74,0.0,1
2025-08-02 06:33:38.623,143.6,777.74,0.0,1
2025-08-02 06:33:38.772,143.6,777.74,0.0,1
2025-08-02 06:33:38.846,143.6,777.74,0.0,1
2025-08-02 06:33:38.919,143.6,777.74,0.0,1
2025-08-02 06:33:39.067,143.6,777.74,0.0,1
2025-08-02 06:33:39.162,143.6,777.74,0.0,1
2025-08-02 06:33:39.310,143.6,777.74,0.0,1
2025-08-02 06:33:39.468,143.6,777.74,0.0,1
2025-08-02 06:33:39.656,143.6,777.74,0.0,1
2025-08-02 06:33:39.777,143.6,777.74,0.0,1
2025-08-02 06:33:39.848,143.6,777.74,0.0,1
2025-08-02 06:33:39.940,143.6,777.74,0.0,1
2025-08-02 06:33:40.089,143.6,777.74,0.0,1
2025-08-02 06:33:40.247,143.6,777.74,0.0,1
2025-08-02 06:33:40.426,143.6,777.74,0.0,1
2025-08-02 06:33:40.583,143.6,777.74,0.0,1
2025-08-02 06:33:40.708,143.6,777.74,0.0,1
2025-08-02 06:33:40.799,143.6,777.74,0.0,1
2025-08-02 06:33:40.867,143.6,777.74,0.0,1
2025-08-02 06:33:40.962,143.6,777.74,0.0,1
2025-08-02 06:33:41.118,143.6,777.74,0.0,1
2025-08-02 06:33:41.266,143.6,777.74,0.0,1
2025-08-02 06:33:41.446,143.6,777.74,0.0,1
2025-08-02 06:33:41.585,143.6,777.74,0.0,1
2025-08-02 06:33:41.731,143.6,777.74,0.0,1
2025-08-02 06:33:41.933,143.6,777.74,0.0,1
2025-08-02 06:33:42.064,143.6,777.74,0.0,1
2025-08-02 06:33:42.225,143.6,777.74,0.0,1
2025-08-02 06:33:42.367,143.6,777.74,0.0,1
2025-08-02 06:33:42.463,143.6,777.74,0.0,1
2025-08-02 06:33:42.613,143.6,777.74,0.0,1
2025-08-02 06:33:42.768,143.6,777.74,0.0,1
2025-08-02 06:33:42.951,143.6,777.74,0.0,1
2025-08-02 06:33:43.084,143.6,777.74,0.0,1
2025-08-02 06:33:43.234,143.6,777.74,0.0,1
2025-08-02 06:33:43.326,143.6,777.74,0.0,1
2025-08-02 06:33:43.469,143.6,777.74,0.0,1
2025-08-02 06:33:43.574,143.6,777.74,0.0,1
2025-08-02 06:33:43.721,143.6,777.74,0.0,1
2025-08-02 06:33:43.799,143.6,777.74,0.0,1
2025-08-02 06:33:43.871,143.6,777.74,0.0,1
2025-08-02 06:33:43.973,143.6,777.74,0.0,1
2025-08-02 06:33:44.104,143.6,777.74,0.0,1
2025-08-02 06:33:44.257,143.6,777.74,0.0,1
2025-08-02 06:33:44.334,143.6,777.74,0.0,1
2025-08-02 06:33:44.399,143.6,777.74,0.0,1
2025-08-02 06:33:44.465,143.6,777.74,0.0,1
2025-08-02 06:33:44.564,143.6,777.74,0.0,1
2025-08-02 06:33:44.717,143.6,777.74,0.0,1
2025-08-02 06:33:44.902,143.6,777.74,0.0,1
2025-08-02 06:33:45.052,143.6,777.74,0.0,1
2025-08-02 06:33:45.180,145.4,777.74,0.0,1
2025-08-02 06:33:45.274,145.4,777.74,0.0,1
2025-08-02 06:33:45.376,145.4,777.74,0.0,1
2025-08-02 06:33:45.533,145.4,777.74,0.0,1
2025-08-02 06:33:45.712,145.4,777.74,0.0,1
2025-08-02 06:33:45.845,145.4,777.74,0.0,1
2025-08-02 06:33:46.000,145.4,777.74,0.0,1
2025-08-02 06:33:46.185,145.4,777.74,0.0,1
2025-08-02 06:33:46.338,145.4,777.74,0.0,1
2025-08-02 06:33:46.493,145.4,777.74,0.0,1
2025-08-02 06:33:46.658,145.4,777.74,0.0,1
2025-08-02 06:33:46.856,145.4,777.74,0.0,1
2025-08-02 06:33:47.056,145.4,777.74,0.0,1
2025-08-02 06:33:47.191,145.4,777.74,0.0,1
2025-08-02 06:33:47.285,145.4,777.74,0.0,1
2025-08-02 06:33:47.436,145.4,777.74,0.0,1
2025-08-02 06:33:47.537,145.4,777.74,0.0,1
2025-08-02 06:33:47.687,145.4,777.74,0.0,1
2025-08-02 06:33:47.844,145.4,777.74,0.0,1
2025-08-02 06:33:48.020,145.4,777.74,0.0,1
2025-08-02 06:33:48.177,145.4,777.74,0.0,1
2025-08-02 06:33:48.306,145.4,777.74,0.0,1
2025-08-02 06:33:48.457,145.4,777.74,0.0,1
2025-08-02 06:33:48.556,145.4,777.74,0.0,1
2025-08-02 06:33:48.692,145.4,777.74,0.0,1
2025-08-02 06:33:48.789,145.4,777.74,0.0,1
2025-08-02 06:33:48.939,145.4,777.74,0.0,1
2025-08-02 06:33:49.016,145.4,777.74,0.0,1
2025-08-02 06:33:49.083,145.4,777.74,0.0,1
2025-08-02 06:33:49.183,145.4,777.74,0.0,1
2025-08-02 06:33:49.343,145.4,777.74,0.0,1
2025-08-02 06:33:49.496,145.4,777.74,0.0,1
2025-08-02 06:33:49.669,145.4,777.74,0.0,1
2025-08-02 06:33:49.793,145.4,777.74,0.0,1
2025-08-02 06:33:49.864,145.4,777.74,0.0,1
2025-08-02 06:33:49.973,145.4,777.74,0.0,1
2025-08-02 06:33:50.097,145.4,777.74,0.0,1
2025-08-02 06:33:50.171,145.4,777.74,0.0,1
2025-08-02 06:33:50.241,145.4,777.74,0.0,1
2025-08-02 06:33:50.362,145.4,777.74,0.0,1
2025-08-02 06:33:50.493,145.4,777.74,0.0,1
2025-08-02 06:33:50.640,145.4,777.74,0.0,1
2025-08-02 06:33:50.707,145.4,777.74,0.0,1
2025-08-02 06:33:50.852,145.4,777.74,0.0,1
2025-08-02 06:33:50.948,145.4,777.74,0.0,1
2025-08-02 06:33:51.093,145.4,777.74,0.0,1
2025-08-02 06:33:51.248,145.4,777.74,0.0,1
2025-08-02 06:33:51.401,145.4,777.74,0.0,1
2025-08-02 06:33:51.479,145.4,777.74,0.0,1
2025-08-02 06:33:51.569,145.4,777.74,0.0,1
2025-08-02 06:33:51.701,145.4,777.74,0.0,1
2025-08-02 06:33:51.913,145.4,777.74,0.0,1
2025-08-02 06:33:52.115,145.4,777.74,0.0,1
2025-08-02 06:33:52.276,145.4,777.74,0.0,1
2025-08-02 06:33:52.426,145.4,777.74,0.0,1
2025-08-02 06:33:52.611,145.4,777.74,0.0,1
2025-08-02 06:33:52.743,145.4,777.56,0.0,1
2025-08-02 06:33:52.837,145.4,777.56,0.0,1
2025-08-02 06:33:52.981,145.4,777.56,0.0,1
2025-08-02 06:33:53.082,145.4,777.56,0.0,1
2025-08-02 06:33:53.227,145.4,777.56,0.0,1
2025-08-02 06:33:53.322,145.4,777.56,0.0,1
2025-08-02 06:33:53.469,145.4,777.56,0.0,1
2025-08-02 06:33:53.619,145.4,777.56,0.0,1
2025-08-02 06:33:53.689,145.4,777.56,0.0,1
2025-08-02 06:33:53.755,145.4,777.56,0.0,1
2025-08-02 06:33:53.835,145.4,777.56,0.0,1
2025-08-02 06:33:53.901,145.4,777.56,0.0,1
2025-08-02 06:33:53.990,145.4,777.56,0.0,1
2025-08-02 06:33:54.088,145.4,777.56,0.0,1
2025-08-02 06:33:54.237,145.4,777.56,0.0,1
2025-08-02 06:33:54.346,145.4,777.56,0.0,1
2025-08-02 06:33:54.496,145.4,777.56,0.0,1
2025-08-02 06:33:54.649,145.4,777.56,0.0,1
2025-08-02 06:33:54.824,145.4,777.56,0.0,1
2025-08-02 06:33:54.983,145.4,777.56,0.0,1
2025-08-02 06:33:55.112,145.4,777.56,0.0,1
2025-08-02 06:33:55.204,145.4,777.56,0.0,1
2025-08-02 06:33:55.294,145.4,777.56,0.0,1
2025-08-02 06:33:55.444,145.4,777.56,0.0,1
2025-08-02 06:33:55.606,145.4,777.56,0.0,1
2025-08-02 06:33:55.788,145.4,777.56,0.0,1
2025-08-02 06:33:55.917,145.4,777.56,0.0,1
2025-08-02 06:33:55.996,145.4,777.38,0.0,1
2025-08-02 06:33:56.063,145.4,777.38,0.0,1
2025-08-02 06:33:56.165,145.4,777.38,0.0,1
2025-08-02 06:33:56.316,145.4,777.38,0.0,1
2025-08-02 06:33:56.399,145.4,777.38,0.0,1
2025-08-02 06:33:56.471,145.4,777.38,0.0,1
2025-08-02 06:33:56.583,145.4,777.38,0.0,1
2025-08-02 06:33:56.792,145.4,777.38,0.0,1
2025-08-02 06:33:56.993,145.4,777.38,0.0,1
2025-08-02 06:33:57.202,145.4,777.38,0.0,1
2025-08-02 06:33:57.326,145.4,777.38,0.0,1
2025-08-02 06:33:57.421,145.4,777.38,0.0,1
2025-08-02 06:33:57.564,145.4,777.38,0.0,1
2025-08-02 06:33:57.650,145.4,777.38,0.0,1
2025-08-02 06:33:57.821,145.4,777.38,0.0,1
2025-08-02 06:33:57.975,145.4,777.38,0.0,1
2025-08-02 06:33:58.134,145.4,777.38,0.0,1
2025-08-02 06:33:58.283,145.4,777.38,0.0,1
2025-08-02 06:33:58.360,145.4,777.38,0.0,1
2025-08-02 06:33:58.462,145.4,777.38,0.0,1
2025-08-02 06:33:58.614,145.4,777.38,0.0,1
2025-08-02 06:33:58.742,145.4,777.38,0.0,1
2025-08-02 06:33:58.894,145.4,777.38,0.0,1
2025-08-02 06:33:59.085,145.4,777.38,0.0,1
2025-08-02 06:33:59.235,145.4,777.38,0.0,1
2025-08-02 06:33:59.385,145.4,777.38,0.0,1
2025-08-02 06:33:59.557,145.4,777.38,0.0,1
2025-08-02 06:33:59.707,145.4,777.38,0.0,1
2025-08-02 06:33:59.859,145.4,777.38,0.0,1
2025-08-02 06:33:59.937,145.4,777.38,0.0,1
2025-08-02 06:34:00.008,145.4,777.38,0.0,1
2025-08-02 06:34:00.097,145.4,777.38,0.0,1
2025-08-02 06:34:00.267,145.4,777.38,0.0,1
2025-08-02 06:34:00.397,145.4,777.38,0.0,1
2025-08-02 06:34:00.492,145.4,777.38,0.0,1
2025-08-02 06:34:00.637,145.4,777.38,0.0,1
2025-08-02 06:34:00.788,145.4,777.38,0.0,1
2025-08-02 06:34:00.944,145.4,777.38,0.0,1
2025-08-02 06:34:01.121,145.4,777.38,0.0,1
2025-08-02 06:34:01.275,145.4,777.38,0.0,1
2025-08-02 06:34:01.429,145.4,777.38,0.0,1
2025-08-02 06:34:01.653,145.4,777.38,0.0,1
2025-08-02 06:34:01.852,145.4,777.38,0.0,1
2025-08-02 06:34:01.988,145.4,777.38,0.0,1
2025-08-02 06:34:02.151,145.4,777.38,0.0,1
2025-08-02 06:34:02.280,145.4,777.38,0.0,1
2025-08-02 06:34:02.374,145.4,777.38,0.0,1
2025-08-02 06:34:02.465,145.4,777.38,0.0,1
2025-08-02 06:34:02.556,147.2,777.38,0.0,1
2025-08-02 06:34:02.651,147.2,777.38,0.0,1
2025-08-02 06:34:02.796,147.2,777.38,0.0,1
2025-08-02 06:34:03.089,147.2,777.38,0.0,1
2025-08-02 06:34:03.187,147.2,777.38,0.0,1
2025-08-02 06:34:03.438,147.2,777.38,0.0,1
2025-08-02 06:34:03.665,147.2,777.38,0.0,1
2025-08-02 06:34:03.821,147.2,777.38,0.0,1
2025-08-02 06:34:03.998,147.2,777.38,0.0,1
2025-08-02 06:34:04.148,147.2,777.38,0.0,1
2025-08-02 06:34:04.303,147.2,777.38,0.0,1
2025-08-02 06:34:04.476,147.2,777.38,0.0,1
2025-08-02 06:34:04.631,147.2,777.38,0.0,1
2025-08-02 06:34:04.786,147.2,777.38,0.0,1
2025-08-02 06:34:04.962,147.2,777.38,0.0,1
2025-08-02 06:34:05.111,147.2,777.38,0.0,1
2025-08-02 06:34:05.261,147.2,777.38,0.0,1
2025-08-02 06:34:05.428,147.2,777.38,0.0,1
2025-08-02 06:34:05.576,147.2,777.38,0.0,1
2025-08-02 06:34:05.642,147.2,777.38,0.0,1
2025-08-02 06:34:05.738,147.2,777.38,0.0,1
2025-08-02 06:34:05.885,147.2,777.38,0.0,1
2025-08-02 06:34:05.979,147.2,777.38,0.0,1
2025-08-02 06:34:06.124,147.2,777.38,0.0,1
2025-08-02 06:34:06.276,147.2,777.38,0.0,1
2025-08-02 06:34:06.430,147.2,777.38,0.0,1
2025-08-02 06:34:06.651,147.2,777.38,0.0,1
2025-08-02 06:34:06.848,147.2,777.38,0.0,1
2025-08-02 06:34:06.982,147.2,777.38,0.0,1
2025-08-02 06:34:07.121,147.2,777.38,0.0,1
2025-08-02 06:34:07.276,147.2,777.38,0.0,1
2025-08-02 06:34:07.431,147.2,777.38,0.0,1
2025-08-02 06:34:07.607,147.2,777.38,0.0,1
2025-08-02 06:34:07.747,147.2,777.38,0.0,1
2025-08-02 06:34:07.888,147.2,777.38,0.0,1
2025-08-02 06:34:07.988,147.2,777.38,0.0,1
2025-08-02 06:34:08.130,147.2,777.38,0.0,1
2025-08-02 06:34:08.234,147.2,777.38,0.0,1
2025-08-02 06:34:08.389,147.2,777.38,0.0,1
2025-08-02 06:34:08.523,147.2,777.56,0.0,1
2025-08-02 06:34:08.618,147.2,777.56,0.0,1
2025-08-02 06:34:08.760,147.2,777.56,0.0,1
2025-08-02 06:34:08.855,147.2,777.56,0.0,1
2025-08-02 06:34:08.954,147.2,777.56,0.0,1
2025-08-02 06:34:09.101,147.2,777.56,0.0,1
2025-08-02 06:34:09.246,147.2,777.56,0.0,1
2025-08-02 06:34:09.398,147.2,777.56,0.0,1
2025-08-02 06:34:09.583,147.2,777.56,0.0,1
2025-08-02 06:34:09.740,147.2,777.56,0.0,1
2025-08-02 06:34:09.869,147.2,777.56,0.0,1
2025-08-02 06:34:09.960,147.2,777.56,0.0,1
2025-08-02 06:34:10.027,147.2,777.56,0.0,1
2025-08-02 06:34:10.129,147.2,777.56,0.0,1
2025-08-02 06:34:10.278,147.2,777.56,0.0,1
2025-08-02 06:34:10.455,147.2,777.56,0.0,1
2025-08-02 06:34:10.601,147.2,777.56,0.0,1
2025-08-02 06:34:10.752,147.2,777.56,0.0,1
2025-08-02 06:34:10.904,147.2,777.56,0.0,1
2025-08-02 06:34:11.079,147.2,777.56,0.0,1
2025-08-02 06:34:11.230,147.2,777.56,0.0,1
2025-08-02 06:34:11.381,147.2,777.56,0.0,1
2025-08-02 06:34:11.459,147.2,777.56,0.0,1
2025-08-02 06:34:11.571,147.2,777.56,0.0,1
2025-08-02 06:34:11.783,147.2,777.74,0.0,1
2025-08-02 06:34:11.906,147.2,777.74,0.0,1
2025-08-02 06:34:12.117,147.2,777.74,0.0,1
2025-08-02 06:34:12.244,147.2,777.74,0.0,1
2025-08-02 06:34:12.398,147.2,777.74,0.0,1
2025-08-02 06:34:12.467,147.2,777.74,0.0,1
2025-08-02 06:34:12.545,147.2,777.74,0.0,1
2025-08-02 06:34:12.648,147.2,777.74,0.0,1
2025-08-02 06:34:12.800,147.2,777.74,0.0,1
2025-08-02 06:34:12.924,147.2,777.74,0.0,1
2025-08-02 06:34:13.029,147.2,777.74,0.0,1
2025-08-02 06:34:13.178,147.2,777.74,0.0,1
2025-08-02 06:34:13.333,147.2,777.92,0.0,1
2025-08-02 06:34:13.487,147.2,777.92,0.0,1
2025-08-02 06:34:13.672,147.2,777.92,0.0,1
2025-08-02 06:34:13.815,147.2,777.92,0.0,1
2025-08-02 06:34:13.963,147.2,777.92,0.0,1
2025-08-02 06:34:14.033,147.2,777.92,0.0,1
2025-08-02 06:34:14.102,147.2,777.92,0.0,1
2025-08-02 06:34:14.273,147.2,777.92,0.0,1
2025-08-02 06:34:14.393,147.2,777.92,0.0,1
2025-08-02 06:34:14.462,147.2,777.92,0.0,1
2025-08-02 06:34:14.562,147.2,777.92,0.0,1
2025-08-02 06:34:14.710,147.2,777.92,0.0,1
2025-08-02 06:34:14.863,147.2,777.92,0.0,1
2025-08-02 06:34:14.937,147.2,777.92,0.0,1
2025-08-02 06:34:15.005,147.2,778.1,0.0,1
2025-08-02 06:34:15.107,147.2,778.1,0.0,1
2025-08-02 06:34:15.260,147.2,778.1,0.0,1
2025-08-02 06:34:15.388,147.2,778.1,0.0,1
2025-08-02 06:34:15.489,147.2,778.1,0.0,1
2025-08-02 06:34:15.644,147.2,778.1,0.0,1
2025-08-02 06:34:15.823,147.2,778.1,0.0,1
2025-08-02 06:34:15.973,147.2,778.1,0.0,1
2025-08-02 06:34:16.128,147.2,778.1,0.0,1
2025-08-02 06:34:16.304,147.2,778.1,0.0,1
2025-08-02 06:34:16.441,147.2,778.1,0.0,1
2025-08-02 06:34:16.586,147.2,778.1,0.0,1
2025-08-02 06:34:16.787,147.2,778.28,0.0,1
2025-08-02 06:34:16.918,147.2,778.28,0.0,1
2025-08-02 06:34:17.126,147.2,778.28,0.0,1
2025-08-02 06:34:17.230,147.2,778.28,0.0,1
2025-08-02 06:34:17.382,149.0,778.28,0.0,1
2025-08-02 06:34:17.458,149.0,778.28,0.0,1
2025-08-02 06:34:17.532,149.0,778.28,0.0,1
2025-08-02 06:34:17.678,149.0,778.28,0.0,1
2025-08-02 06:34:20.310,149.0,778.64,0.0,1
2025-08-02 06:34:20.413,149.0,778.64,0.0,1
2025-08-02 06:34:20.558,149.0,778.64,0.0,1
2025-08-02 06:34:20.637,149.0,778.64,0.0,1
2025-08-02 06:34:20.714,149.0,778.64,0.0,1
2025-08-02 06:34:20.860,149.0,778.64,0.0,1
2025-08-02 06:34:21.044,149.0,778.64,0.0,1
2025-08-02 06:34:21.188,149.0,778.64,0.0,1
2025-08-02 06:34:21.338,149.0,778.64,0.0,1
2025-08-02 06:34:21.473,149.0,778.64,0.0,1
2025-08-02 06:34:21.587,149.0,778.64,0.0,1
2025-08-02 06:34:21.723,149.0,778.64,0.0,1
2025-08-02 06:34:21.922,149.0,778.64,0.0,1
2025-08-02 06:34:22.130,149.0,778.64,0.0,1
2025-08-02 06:34:22.311,149.0,778.82,0.0,1
2025-08-02 06:34:22.441,149.0,778.82,0.0,1
2025-08-02 06:34:22.535,149.0,778.82,0.0,1
2025-08-02 06:34:22.634,149.0,778.82,0.0,1
2025-08-02 06:34:22.783,149.0,778.82,0.0,1
2025-08-02 06:34:22.935,149.0,778.82,0.0,1
2025-08-02 06:34:23.088,149.0,778.82,0.0,1
2025-08-02 06:34:23.254,149.0,778.82,0.0,1
2025-08-02 06:34:23.403,149.0,778.82,0.0,1
2025-08-02 06:34:23.558,149.0,778.82,0.0,1
2025-08-02 06:34:23.632,149.0,778.82,0.0,1
2025-08-02 06:34:23.702,149.0,778.82,0.0,1
2025-08-02 06:34:23.793,149.0,778.82,0.0,1
2025-08-02 06:34:23.946,149.0,778.82,0.0,1
2025-08-02 06:34:24.017,149.0,778.82,0.0,1
2025-08-02 06:34:24.139,149.0,779.0,0.0,1
2025-08-02 06:34:24.285,149.0,779.0,0.0,1
2025-08-02 06:34:24.444,149.0,779.0,0.0,1
2025-08-02 06:34:24.575,149.0,779.0,0.0,1
2025-08-02 06:34:24.668,149.0,779.0,0.0,1
2025-08-02 06:34:24.815,149.0,779.0,0.0,1
2025-08-02 06:34:24.967,149.0,779.0,0.0,1
2025-08-02 06:34:25.038,149.0,779.0,0.0,1
2025-08-02 06:34:25.161,149.0,779.0,0.0,1
2025-08-02 06:34:25.283,149.0,779.0,0.0,1
2025-08-02 06:34:25.379,149.0,779.0,0.0,1
2025-08-02 06:34:25.448,149.0,779.0,0.0,1
2025-08-02 06:34:25.517,149.0,779.0,0.0,1
2025-08-02 06:34:25.641,149.0,779.0,0.0,1
2025-08-02 06:34:25.768,149.0,779.0,0.0,1
2025-08-02 06:34:25.860,149.0,779.0,0.0,1
2025-08-02 06:34:25.929,149.0,779.0,0.0,1
2025-08-02 06:34:26.077,149.0,779.0,0.0,1
2025-08-02 06:34:26.151,149.0,779.18,0.0,1
2025-08-02 06:34:26.252,149.0,779.18,0.0,1
2025-08-02 06:34:26.405,149.0,779.18,0.0,1
2025-08-02 06:34:26.573,149.0,779.18,0.0,1
2025-08-02 06:34:26.783,149.0,779.18,0.0,1
2025-08-02 06:34:26.984,149.0,779.18,0.0,1
2025-08-02 06:34:27.109,149.0,779.18,0.0,1
2025-08-02 06:34:27.294,149.0,779.18,0.0,1
2025-08-02 06:34:27.422,149.0,779.18,0.0,1
2025-08-02 06:34:27.515,149.0,779.18,0.0,1
2025-08-02 06:34:27.613,149.0,779.18,0.0,1
2025-08-02 06:34:27.763,149.0,779.18,0.0,1
2025-08-02 06:34:27.937,149.0,779.18,0.0,1
2025-08-02 06:34:28.090,149.0,779.18,0.0,1
2025-08-02 06:34:28.236,149.0,779.18,0.0,1
2025-08-02 06:34:28.327,149.0,779.36,0.0,1
2025-08-02 06:34:28.470,149.0,779.36,0.0,1
2025-08-02 06:34:28.564,149.0,779.36,0.0,1
2025-08-02 06:34:28.655,149.0,779.36,0.0,1
2025-08-02 06:34:28.805,149.0,779.36,0.0,1
2025-08-02 06:34:28.906,149.0,779.36,0.0,1
2025-08-02 06:34:29.053,149.0,779.36,0.0,1
2025-08-02 06:34:29.205,149.0,779.36,0.0,1
2025-08-02 06:34:29.374,149.0,779.36,0.0,1
2025-08-02 06:34:29.519,149.0,779.36,0.0,1
2025-08-02 06:34:29.616,149.0,779.36,0.0,1
2025-08-02 06:34:29.865,149.0,779.36,0.0,1
2025-08-02 06:34:30.041,149.0,779.36,0.0,1
2025-08-02 06:34:30.191,149.0,779.36,0.0,1
2025-08-02 06:34:30.345,149.0,779.36,0.0,1
2025-08-02 06:34:30.497,149.0,779.36,0.0,1
2025-08-02 06:34:30.682,149.0,779.36,0.0,1
2025-08-02 06:34:30.812,149.0,779.36,0.0,1
2025-08-02 06:34:30.928,149.0,779.36,0.0,1
2025-08-02 06:34:31.050,149.0,779.36,0.0,1
2025-08-02 06:34:31.143,149.0,779.54,0.0,1
2025-08-02 06:34:31.233,149.0,779.54,0.0,1
2025-08-02 06:34:31.333,149.0,779.54,0.0,1
2025-08-02 06:34:31.483,149.0,779.54,0.0,1
2025-08-02 06:34:31.649,149.0,779.54,0.0,1
2025-08-02 06:34:31.788,149.0,779.54,0.0,1
2025-08-02 06:34:31.988,149.0,779.54,0.0,1
2025-08-02 06:34:32.214,149.0,779.54,0.0,1
2025-08-02 06:34:32.335,149.0,779.54,0.0,1
2025-08-02 06:34:32.409,149.0,779.54,0.0,1
2025-08-02 06:34:32.508,149.0,779.54,0.0,1
2025-08-02 06:34:32.662,149.0,779.54,0.0,1
2025-08-02 06:34:32.787,149.0,779.54,0.0,1
2025-08-02 06:34:32.888,149.0,779.54,0.0,1
2025-08-02 06:34:33.035,149.0,779.54,0.0,1
2025-08-02 06:34:33.130,149.0,779.54,0.0,1
2025-08-02 06:34:33.277,149.0,779.54,0.0,1
2025-08-02 06:34:33.428,149.0,779.54,0.0,1
2025-08-02 06:34:33.514,149.0,779.72,0.0,1
2025-08-02 06:34:33.612,149.0,779.72,0.0,1
2025-08-02 06:34:33.769,149.0,779.72,0.0,1
2025-08-02 06:34:33.895,149.0,779.72,0.0,1
2025-08-02 06:34:33.967,149.0,779.72,0.0,1
2025-08-02 06:34:34.066,149.0,779.72,0.0,1
2025-08-02 06:34:34.217,149.0,779.72,0.0,1
2025-08-02 06:34:34.344,149.0,779.72,0.0,1
2025-08-02 06:34:34.442,149.0,779.72,0.0,1
2025-08-02 06:34:34.589,149.0,779.72,0.0,1
2025-08-02 06:34:34.742,149.0,779.72,0.0,1
2025-08-02 06:34:34.900,149.0,779.72,0.0,1
2025-08-02 06:34:34.978,149.0,779.72,0.0,1
2025-08-02 06:34:35.046,150.8,779.72,0.0,1
2025-08-02 06:34:35.136,150.8,779.72,0.0,1
2025-08-02 06:34:35.281,150.8,779.72,0.0,1
2025-08-02 06:34:35.376,150.8,779.72,0.0,1
2025-08-02 06:34:35.522,150.8,779.72,0.0,1
2025-08-02 06:34:35.616,150.8,779.72,0.0,1
2025-08-02 06:34:35.761,150.8,779.72,0.0,1
2025-08-02 06:34:35.856,150.8,779.72,0.0,1
2025-08-02 06:34:36.004,150.8,779.72,0.0,1
2025-08-02 06:34:36.150,150.8,779.72,0.0,1
2025-08-02 06:34:36.250,150.8,779.72,0.0,1
2025-08-02 06:34:36.397,150.8,779.9,0.0,1
2025-08-02 06:34:36.472,150.8,779.9,0.0,1
2025-08-02 06:34:36.586,150.8,779.9,0.0,1
2025-08-02 06:34:36.720,150.8,779.9,0.0,1
2025-08-02 06:34:36.928,150.8,779.9,0.0,1
2025-08-02 06:34:37.129,150.8,779.9,0.0,1
2025-08-02 06:34:37.264,150.8,779.9,0.0,1
2025-08-02 06:34:37.403,150.8,779.9,0.0,1
2025-08-02 06:34:37.498,150.8,779.9,0.0,1
2025-08-02 06:34:37.677,150.8,779.9,0.0,1
2025-08-02 06:34:37.797,150.8,779.9,0.0,1
2025-08-02 06:34:37.906,150.8,779.9,0.0,1
2025-08-02 06:34:38.049,150.8,779.9,0.0,1
2025-08-02 06:34:38.187,150.8,779.9,0.0,1
2025-08-02 06:34:38.275,150.8,779.9,0.0,1
2025-08-02 06:34:38.343,150.8,779.9,0.0,1
2025-08-02 06:34:38.440,150.8,779.9,0.0,1
2025-08-02 06:34:38.580,150.8,779.9,0.0,1
2025-08-02 06:34:38.668,150.8,780.08,0.0,1
2025-08-02 06:34:38.837,150.8,780.08,0.0,1
2025-08-02 06:34:38.987,150.8,780.08,0.0,1
2025-08-02 06:34:39.157,150.8,780.08,0.0,1
2025-08-02 06:34:39.296,150.8,780.08,0.0,1
2025-08-02 06:34:39.363,150.8,780.08,0.0,1
2025-08-02 06:34:39.460,150.8,780.08,0.0,1
2025-08-02 06:34:39.606,150.8,780.08,0.0,1
2025-08-02 06:34:39.685,150.8,780.08,0.0,1
2025-08-02 06:34:39.860,150.8,780.08,0.0,1
2025-08-02 06:34:39.992,150.8,780.08,0.0,1
2025-08-02 06:34:40.142,150.8,780.08,0.0,1
2025-08-02 06:34:40.232,150.8,780.08,0.0,1
2025-08-02 06:34:40.323,150.8,780.08,0.0,1
2025-08-02 06:34:40.457,150.8,780.08,0.0,1
2025-08-02 06:34:40.631,150.8,780.08,0.0,1
2025-08-02 06:34:40.787,150.8,780.08,0.0,1
2025-08-02 06:34:40.928,150.8,780.08,0.0,1
2025-08-02 06:34:41.074,150.8,780.26,0.0,1
2025-08-02 06:34:41.169,150.8,780.26,0.0,1
2025-08-02 06:34:41.313,150.8,780.26,0.0,1
2025-08-02 06:34:41.468,150.8,780.26,0.0,1
2025-08-02 06:34:41.587,150.8,780.26,0.0,1
2025-08-02 06:34:41.726,150.8,780.26,0.0,1
2025-08-02 06:34:41.851,150.8,780.26,0.0,1
2025-08-02 06:34:42.057,150.8,780.26,0.0,1
2025-08-02 06:34:42.194,150.8,780.26,0.0,1
2025-08-02 06:34:42.347,150.8,780.26,0.0,1
2025-08-02 06:34:42.525,150.8,780.26,0.0,1
2025-08-02 06:34:42.683,150.8,780.26,0.0,1
2025-08-02 06:34:42.812,150.8,780.26,0.0,1
2025-08-02 06:34:42.908,150.8,780.26,0.0,1
2025-08-02 06:34:43.054,150.8,780.26,0.0,1
2025-08-02 06:34:43.206,150.8,780.44,0.0,1
2025-08-02 06:34:43.365,150.8,780.44,0.0,1
2025-08-02 06:34:43.538,150.8,780.44,0.0,1
2025-08-02 06:34:43.690,150.8,780.44,0.0,1
2025-08-02 06:34:43.835,150.8,780.44,0.0,1
2025-08-02 06:34:43.930,150.8,780.44,0.0,1
2025-08-02 06:34:44.070,150.8,780.44,0.0,1
2025-08-02 06:34:44.169,150.8,780.44,0.0,1
2025-08-02 06:34:44.319,150.8,780.44,0.0,1
2025-08-02 06:34:44.473,150.8,780.44,0.0,1
2025-08-02 06:34:44.627,150.8,780.44,0.0,1
2025-08-02 06:34:44.804,150.8,780.44,0.0,1
2025-08-02 06:34:44.962,150.8,780.44,0.0,1
2025-08-02 06:34:45.092,150.8,780.44,0.0,1
2025-08-02 06:34:45.188,150.8,780.44,0.0,1
2025-08-02 06:34:45.338,150.8,780.44,0.0,1
2025-08-02 06:34:45.526,150.8,780.44,0.0,1
2025-08-02 06:34:45.684,150.8,780.44,0.0,1
2025-08-02 06:34:45.813,150.8,780.62,0.0,1
2025-08-02 06:34:45.918,150.8,780.62,0.0,1
2025-08-02 06:34:46.065,150.8,780.62,0.0,1
2025-08-02 06:34:46.215,150.8,780.62,0.0,1
2025-08-02 06:34:46.394,150.8,780.62,0.0,1
2025-08-02 06:34:46.592,150.8,780.62,0.0,1
2025-08-02 06:34:46.798,150.8,780.62,0.0,1
2025-08-02 06:34:46.926,150.8,780.62,0.0,1
2025-08-02 06:34:47.113,150.8,780.62,0.0,1
2025-08-02 06:34:47.263,150.8,780.62,0.0,1
2025-08-02 06:34:47.416,150.8,780.62,0.0,1
2025-08-02 06:34:47.571,150.8,780.62,0.0,1
2025-08-02 06:34:47.757,150.8,780.62,0.0,1
2025-08-02 06:34:47.887,150.8,780.62,0.0,1
2025-08-02 06:34:48.036,150.8,780.62,0.0,1
2025-08-02 06:34:48.131,150.8,780.62,0.0,1
2025-08-02 06:34:48.272,150.8,780.62,0.0,1
2025-08-02 06:34:48.367,150.8,780.62,0.0,1
2025-08-02 06:34:48.513,150.8,780.62,0.0,1
2025-08-02 06:34:48.611,150.8,780.62,0.0,1
2025-08-02 06:34:48.756,150.8,780.62,0.0,1
2025-08-02 06:34:48.906,150.8,780.8,0.0,1
2025-08-02 06:34:48.985,150.8,780.8,0.0,1
2025-08-02 06:34:49.057,150.8,780.8,0.0,1
2025-08-02 06:34:49.146,150.8,780.8,0.0,1
2025-08-02 06:34:49.287,150.8,780.8,0.0,1
2025-08-02 06:34:49.394,150.8,780.8,0.0,1
2025-08-02 06:34:49.541,150.8,780.8,0.0,1
2025-08-02 06:34:49.697,150.8,780.8,0.0,1
2025-08-02 06:34:49.848,150.8,780.8,0.0,1
2025-08-02 06:34:50.024,150.8,780.8,0.0,1
2025-08-02 06:34:50.184,150.8,780.8,0.0,1
2025-08-02 06:34:50.307,150.8,780.8,0.0,1
2025-08-02 06:34:50.399,150.8,780.8,0.0,1
2025-08-02 06:34:50.473,150.8,780.8,0.0,1
2025-08-02 06:34:50.616,150.8,780.8,0.0,1
2025-08-02 06:34:50.711,150.8,780.8,0.0,1
2025-08-02 06:34:50.858,150.8,780.8,0.0,1
2025-08-02 06:34:51.008,150.8,780.8,0.0,1
2025-08-02 06:34:51.085,150.8,780.8,0.0,1
2025-08-02 06:34:51.160,150.8,780.8,0.0,1
2025-08-02 06:34:51.227,150.8,780.8,0.0,1
2025-08-02 06:34:51.351,150.8,780.8,0.0,1
2025-08-02 06:34:51.479,150.8,780.8,0.0,1
2025-08-02 06:34:51.571,150.8,780.8,0.0,1
2025-08-02 06:34:51.775,150.8,780.8,0.0,1
2025-08-02 06:34:51.975,150.8,780.8,0.0,1
2025-08-02 06:34:52.181,150.8,780.8,0.0,1
2025-08-02 06:34:52.355,150.8,780.8,0.0,1
2025-08-02 06:34:52.507,150.8,780.8,0.0,1
2025-08-02 06:34:52.660,150.8,780.8,0.0,1
2025-08-02 06:34:52.842,150.8,780.98,0.0,1
2025-08-02 06:34:52.988,150.8,780.98,0.0,1
2025-08-02 06:34:53.138,150.8,780.98,0.0,1
2025-08-02 06:34:53.211,150.8,780.98,0.0,1
2025-08-02 06:34:53.359,150.8,780.98,0.0,1
2025-08-02 06:34:53.480,150.8,780.98,0.0,1
2025-08-02 06:34:53.609,150.8,780.98,0.0,1
2025-08-02 06:34:53.780,150.8,780.98,0.0,1
2025-08-02 06:34:53.905,150.8,780.98,0.0,1
2025-08-02 06:34:53.989,150.8,780.98,0.0,1
2025-08-02 06:34:54.088,150.8,780.98,0.0,1
2025-08-02 06:34:54.261,150.8,780.98,0.0,1
2025-08-02 06:34:54.384,150.8,780.98,0.0,1
2025-08-02 06:34:54.477,152.6,780.98,0.0,1
2025-08-02 06:34:54.545,152.6,780.98,0.0,1
2025-08-02 06:34:54.636,152.6,780.98,0.0,1
2025-08-02 06:34:54.791,152.6,780.98,0.0,1
2025-08-02 06:34:54.940,152.6,780.98,0.0,1
2025-08-02 06:34:55.012,152.6,780.98,0.0,1
2025-08-02 06:34:55.085,152.6,780.98,0.0,1
2025-08-02 06:34:55.175,152.6,780.98,0.0,1
2025-08-02 06:34:55.321,152.6,780.98,0.0,1
2025-08-02 06:34:55.476,152.6,780.98,0.0,1
2025-08-02 06:34:55.558,152.6,780.98,0.0,1
2025-08-02 06:34:55.654,152.6,780.98,0.0,1
2025-08-02 06:34:55.802,152.6,780.98,0.0,1
2025-08-02 06:34:55.900,152.6,780.98,0.0,1
2025-08-02 06:34:56.048,152.6,780.98,0.0,1
2025-08-02 06:34:56.200,152.6,780.98,0.0,1
2025-08-02 06:34:56.274,152.6,780.98,0.0,1
2025-08-02 06:34:56.347,152.6,780.98,0.0,1
2025-08-02 06:34:56.439,152.6,780.98,0.0,1
2025-08-02 06:34:56.626,152.6,780.98,0.0,1
2025-08-02 06:34:56.830,152.6,780.98,0.0,1
2025-08-02 06:34:57.034,152.6,780.98,0.0,1
2025-08-02 06:34:57.229,152.6,780.98,0.0,1
2025-08-02 06:34:57.410,152.6,780.98,0.0,1
2025-08-02 06:34:57.530,152.6,780.98,0.0,1
2025-08-02 06:34:57.621,152.6,780.98,0.0,1
2025-08-02 06:34:57.687,152.6,780.98,0.0,1
2025-08-02 06:34:57.755,152.6,780.98,0.0,1
2025-08-02 06:34:57.856,152.6,780.98,0.0,1
2025-08-02 06:34:57.985,152.6,780.98,0.0,1
2025-08-02 06:34:58.159,152.6,780.98,0.0,1
2025-08-02 06:34:58.312,152.6,780.98,0.0,1
2025-08-02 06:34:58.486,152.6,780.98,0.0,1
2025-08-02 06:34:58.638,152.6,780.98,0.0,1
2025-08-02 06:34:58.795,152.6,780.98,0.0,1
2025-08-02 06:34:58.945,152.6,780.98,0.0,1
2025-08-02 06:34:59.113,152.6,780.98,0.0,1
2025-08-02 06:34:59.269,152.6,780.98,0.0,1
2025-08-02 06:34:59.449,152.6,781.16,0.0,1
2025-08-02 06:34:59.578,152.6,781.16,0.0,1
2025-08-02 06:34:59.654,152.6,781.16,0.0,1
2025-08-02 06:34:59.723,152.6,781.16,0.0,1
2025-08-02 06:34:59.798,152.6,781.16,0.0,1
2025-08-02 06:34:59.896,152.6,781.16,0.0,1
2025-08-02 06:35:00.040,152.6,781.16,0.0,1
2025-08-02 06:35:00.187,152.6,781.16,0.0,1
2025-08-02 06:35:00.336,152.6,781.16,0.0,1
2025-08-02 06:35:00.527,152.6,781.16,0.0,1
2025-08-02 06:35:00.676,152.6,781.16,0.0,1
2025-08-02 06:35:00.828,152.6,781.16,0.0,1
2025-08-02 06:35:01.009,152.6,781.16,0.0,1
2025-08-02 06:35:01.143,152.6,781.16,0.0,1
2025-08-02 06:35:01.296,152.6,781.16,0.0,1
2025-08-02 06:35:01.394,152.6,781.16,0.0,1
2025-08-02 06:35:01.592,152.6,781.16,0.0,1
2025-08-02 06:35:01.789,152.6,781.16,0.0,1
2025-08-02 06:35:01.926,152.6,781.16,0.0,1
2025-08-02 06:35:02.118,152.6,781.16,0.0,1
2025-08-02 06:35:02.249,152.6,781.16,0.0,1
2025-08-02 06:35:02.400,152.6,781.16,0.0,1
2025-08-02 06:35:02.492,152.6,781.16,0.0,1
2025-08-02 06:35:02.636,152.6,781.16,0.0,1
2025-08-02 06:35:02.712,152.6,781.16,0.0,1
2025-08-02 06:35:02.778,152.6,781.16,0.0,1
2025-08-02 06:35:02.868,152.6,781.16,0.0,1
2025-08-02 06:35:02.948,152.6,781.16,0.0,1
2025-08-02 06:35:03.097,152.6,781.16,0.0,1
2025-08-02 06:35:03.173,152.6,781.16,0.0,1
2025-08-02 06:35:03.264,152.6,781.34,0.0,1
2025-08-02 06:35:03.336,152.6,781.34,0.0,1
2025-08-02 06:35:03.429,152.6,781.34,0.0,1
2025-08-02 06:35:03.575,152.6,781.34,0.0,1
2025-08-02 06:35:03.732,152.6,781.34,0.0,1
2025-08-02 06:35:03.829,152.6,781.34,0.0,1
2025-08-02 06:35:03.979,152.6,781.34,0.0,1
2025-08-02 06:35:04.099,152.6,781.34,0.0,1
2025-08-02 06:35:04.204,152.6,781.34,0.0,1
2025-08-02 06:35:04.354,152.6,781.34,0.0,1
2025-08-02 06:35:04.432,152.6,781.34,0.0,1
2025-08-02 06:35:04.504,152.6,781.34,0.0,1
2025-08-02 06:35:04.604,152.6,781.34,0.0,1
2025-08-02 06:35:04.756,152.6,781.34,0.0,1
2025-08-02 06:35:04.908,152.6,781.34,0.0,1
2025-08-02 06:35:05.082,152.6,781.34,0.0,1
2025-08-02 06:35:05.238,152.6,781.34,0.0,1
2025-08-02 06:35:05.389,152.6,781.34,0.0,1
2025-08-02 06:35:05.709,152.6,781.34,0.0,1
2025-08-02 06:35:05.863,152.6,781.34,0.0,1
2025-08-02 06:35:06.036,152.6,781.34,0.0,1
2025-08-02 06:35:06.185,152.6,781.34,0.0,1
2025-08-02 06:35:06.343,152.6,781.34,0.0,1
2025-08-02 06:35:06.524,152.6,781.34,0.0,1
2025-08-02 06:35:06.656,152.6,781.34,0.0,1
2025-08-02 06:35:06.862,152.6,781.34,0.0,1
2025-08-02 06:35:07.068,152.6,781.34,0.0,1
2025-08-02 06:35:07.208,152.6,781.34,0.0,1
2025-08-02 06:35:07.301,152.6,781.34,0.0,1
2025-08-02 06:35:07.454,152.6,781.34,0.0,1
2025-08-02 06:35:07.607,152.6,781.34,0.0,1
2025-08-02 06:35:07.784,152.6,781.34,0.0,1
2025-08-02 06:35:07.940,152.6,781.34,0.0,1
2025-08-02 06:35:08.072,152.6,781.52,0.0,1
2025-08-02 06:35:08.166,152.6,781.52,0.0,1
2025-08-02 06:35:08.312,152.6,781.52,0.0,1
2025-08-02 06:35:08.466,152.6,781.52,0.0,1
2025-08-02 06:35:08.615,152.6,781.52,0.0,1
2025-08-02 06:35:08.709,152.6,781.52,0.0,1
2025-08-02 06:35:08.851,152.6,781.52,0.0,1
2025-08-02 06:35:08.947,152.6,781.52,0.0,1
2025-08-02 06:35:09.038,152.6,781.52,0.0,1
2025-08-02 06:35:09.183,152.6,781.52,0.0,1
2025-08-02 06:35:09.337,152.6,781.52,0.0,1
2025-08-02 06:35:09.488,152.6,781.52,0.0,1
2025-08-02 06:35:09.559,152.6,781.52,0.0,1
2025-08-02 06:35:09.678,152.6,781.52,0.0,1
2025-08-02 06:35:09.835,152.6,781.52,0.0,1
2025-08-02 06:35:09.991,152.6,781.52,0.0,1
2025-08-02 06:35:10.140,152.6,781.52,0.0,1
2025-08-02 06:35:10.204,152.6,781.52,0.0,1
2025-08-02 06:35:10.298,152.6,781.52,0.0,1
2025-08-02 06:35:10.451,152.6,781.52,0.0,1
2025-08-02 06:35:10.618,152.6,781.52,0.0,1
2025-08-02 06:35:10.772,152.6,781.52,0.0,1
2025-08-02 06:35:10.927,152.6,781.52,0.0,1
2025-08-02 06:35:11.074,152.6,781.52,0.0,1
2025-08-02 06:35:11.168,152.6,781.52,0.0,1
2025-08-02 06:35:11.318,152.6,781.52,0.0,1
2025-08-02 06:35:11.473,152.6,781.52,0.0,1
2025-08-02 06:35:11.639,152.6,781.52,0.0,1
2025-08-02 06:35:11.847,152.6,781.52,0.0,1
2025-08-02 06:35:12.043,152.6,781.52,0.0,1
2025-08-02 06:35:12.174,152.6,781.52,0.0,1
2025-08-02 06:35:12.245,152.6,781.52,0.0,1
2025-08-02 06:35:12.349,152.6,781.52,0.0,1
2025-08-02 06:35:12.503,152.6,781.52,0.0,1
2025-08-02 06:35:12.631,152.6,781.52,0.0,1
2025-08-02 06:35:12.722,152.6,781.52,0.0,1
2025-08-02 06:35:12.868,152.6,781.52,0.0,1
2025-08-02 06:35:12.967,152.6,781.52,0.0,1
2025-08-02 06:35:13.114,152.6,781.52,0.0,1
2025-08-02 06:35:13.266,152.6,781.52,0.0,1
2025-08-02 06:35:13.418,152.6,781.52,0.0,1
2025-08-02 06:35:13.493,152.6,781.52,0.0,1
2025-08-02 06:35:13.563,152.6,781.52,0.0,1
2025-08-02 06:35:13.663,152.6,781.52,0.0,1
2025-08-02 06:35:13.780,152.6,781.52,0.0,1
2025-08-02 06:35:13.925,152.6,781.52,0.0,1
2025-08-02 06:35:14.026,152.6,781.52,0.0,1
2025-08-02 06:35:14.167,152.6,781.52,0.0,1
2025-08-02 06:35:14.313,152.6,781.52,0.0,1
2025-08-02 06:35:14.479,152.6,781.52,0.0,1
2025-08-02 06:35:14.604,152.6,781.52,0.0,1
2025-08-02 06:35:14.697,152.6,781.52,0.0,1
2025-08-02 06:35:14.765,152.6,781.52,0.0,1
2025-08-02 06:35:14.864,152.6,781.52,0.0,1
2025-08-02 06:35:15.009,152.6,781.52,0.0,1
2025-08-02 06:35:15.165,152.6,781.52,0.0,1
2025-08-02 06:35:15.339,152.6,781.7,0.0,1
2025-08-02 06:35:15.491,154.4,781.7,0.0,1
2025-08-02 06:35:15.642,154.4,781.7,0.0,1
2025-08-02 06:35:15.729,154.4,781.7,0.0,1
2025-08-02 06:35:15.876,154.4,781.7,0.0,1
2025-08-02 06:35:15.969,154.4,781.7,0.0,1
2025-08-02 06:35:16.113,154.4,781.7,0.0,1
2025-08-02 06:35:16.266,154.4,781.7,0.0,1
2025-08-02 06:35:16.415,154.4,781.7,0.0,1
2025-08-02 06:35:16.511,154.4,781.7,0.0,1
2025-08-02 06:35:16.655,154.4,781.7,0.0,1
2025-08-02 06:35:16.868,154.4,781.7,0.0,1
2025-08-02 06:35:17.061,154.4,781.7,0.0,1
2025-08-02 06:35:17.194,154.4,781.7,0.0,1
2025-08-02 06:35:17.289,154.4,781.7,0.0,1
2025-08-02 06:35:17.436,154.4,781.7,0.0,1
2025-08-02 06:35:17.589,154.4,781.7,0.0,1
2025-08-02 06:35:17.745,154.4,781.7,0.0,1
2025-08-02 06:35:17.928,154.4,781.7,0.0,1
2025-08-02 06:35:18.064,154.4,781.7,0.0,1
2025-08-02 06:35:18.216,154.4,781.7,0.0,1
2025-08-02 06:35:18.404,154.4,781.7,0.0,1
2025-08-02 06:35:18.550,154.4,781.7,0.0,1
2025-08-02 06:35:18.734,154.4,781.7,0.0,1
2025-08-02 06:35:18.892,154.4,781.7,0.0,1
2025-08-02 06:35:19.017,154.4,781.7,0.0,1
2025-08-02 06:35:19.113,154.4,781.7,0.0,1
2025-08-02 06:35:19.208,154.4,781.7,0.0,1
2025-08-02 06:35:19.358,154.4,781.7,0.0,1
2025-08-02 06:35:19.511,154.4,781.7,0.0,1
2025-08-02 06:35:19.675,154.4,781.7,0.0,1
2025-08-02 06:35:19.834,154.4,781.7,0.0,1
2025-08-02 06:35:19.982,154.4,781.7,0.0,1
2025-08-02 06:35:20.136,154.4,781.7,0.0,1
2025-08-02 06:35:20.238,154.4,781.7,0.0,1
2025-08-02 06:35:20.393,154.4,781.7,0.0,1
2025-08-02 06:35:20.518,154.4,781.88,0.0,1
2025-08-02 06:35:20.620,154.4,781.88,0.0,1
2025-08-02 06:35:20.760,154.4,781.88,0.0,1
2025-08-02 06:35:20.849,154.4,781.88,0.0,1
2025-08-02 06:35:20.994,154.4,781.88,0.0,1
2025-08-02 06:35:21.074,154.4,781.88,0.0,1
2025-08-02 06:35:21.169,154.4,781.88,0.0,1
2025-08-02 06:35:21.318,154.4,781.88,0.0,1
2025-08-02 06:35:21.442,154.4,781.88,0.0,1
2025-08-02 06:35:21.585,154.4,781.88,0.0,1
2025-08-02 06:35:21.799,154.4,781.88,0.0,1
2025-08-02 06:35:21.920,154.4,781.88,0.0,1
2025-08-02 06:35:22.059,154.4,781.88,0.0,1
2025-08-02 06:35:22.147,154.4,781.88,0.0,1
2025-08-02 06:35:22.245,154.4,781.88,0.0,1
2025-08-02 06:35:22.393,154.4,781.88,0.0,1
2025-08-02 06:35:22.541,154.4,781.88,0.0,1
2025-08-02 06:35:22.613,154.4,781.88,0.0,1
2025-08-02 06:35:22.707,154.4,781.88,0.0,1
2025-08-02 06:35:22.866,154.4,781.88,0.0,1
2025-08-02 06:35:23.018,154.4,781.88,0.0,1
2025-08-02 06:35:23.114,154.4,781.88,0.0,1
2025-08-02 06:35:23.265,154.4,781.88,0.0,1
2025-08-02 06:35:23.409,154.4,781.88,0.0,1
2025-08-02 06:35:23.565,154.4,781.88,0.0,1
2025-08-02 06:35:23.741,154.4,781.88,0.0,1
2025-08-02 06:35:23.893,154.4,781.88,0.0,1
2025-08-02 06:35:24.034,154.4,781.88,0.0,1
2025-08-02 06:35:24.288,154.4,781.88,0.0,1
2025-08-02 06:35:24.412,154.4,781.88,0.0,1
2025-08-02 06:35:24.485,154.4,781.88,0.0,1
2025-08-02 06:35:24.578,154.4,781.88,0.0,1
2025-08-02 06:35:24.740,154.4,781.88,0.0,1
2025-08-02 06:35:24.868,154.4,781.88,0.0,1
2025-08-02 06:35:24.968,154.4,781.88,0.0,1
2025-08-02 06:35:25.114,154.4,781.88,0.0,1
2025-08-02 06:35:25.271,154.4,781.88,0.0,1
2025-08-02 06:35:25.419,154.4,781.88,0.0,1
2025-08-02 06:35:25.487,154.4,782.06,0.0,1
2025-08-02 06:35:25.612,154.4,782.06,0.0,1
2025-08-02 06:35:25.734,154.4,782.06,0.0,1
2025-08-02 06:35:25.808,154.4,782.06,0.0,1
2025-08-02 06:35:25.906,154.4,782.06,0.0,1
2025-08-02 06:35:26.045,154.4,782.06,0.0,1
2025-08-02 06:35:26.193,154.4,782.06,0.0,1
2025-08-02 06:35:26.289,154.4,782.06,0.0,1
2025-08-02 06:35:26.444,154.4,782.06,0.0,1
2025-08-02 06:35:26.591,154.4,782.06,0.0,1
2025-08-02 06:35:26.730,154.4,782.06,0.0,1
2025-08-02 06:35:26.933,154.4,782.06,0.0,1
2025-08-02 06:35:27.065,154.4,782.06,0.0,1
2025-08-02 06:35:27.226,154.4,782.06,0.0,1
2025-08-02 06:35:27.361,154.4,782.06,0.0,1
2025-08-02 06:35:27.458,154.4,782.06,0.0,1
2025-08-02 06:35:27.605,154.4,782.06,0.0,1
2025-08-02 06:35:27.759,154.4,782.06,0.0,1
2025-08-02 06:35:27.831,154.4,782.06,0.0,1
2025-08-02 06:35:27.930,154.4,782.06,0.0,1
2025-08-02 06:35:28.079,154.4,782.06,0.0,1
2025-08-02 06:35:28.179,154.4,782.06,0.0,1
2025-08-02 06:35:28.329,154.4,782.06,0.0,1
2025-08-02 06:35:28.404,154.4,782.06,0.0,1
2025-08-02 06:35:28.504,154.4,782.06,0.0,1
2025-08-02 06:35:28.667,154.4,782.06,0.0,1
2025-08-02 06:35:28.816,154.4,782.06,0.0,1
2025-08-02 06:35:28.964,154.4,782.06,0.0,1
2025-08-02 06:35:29.138,154.4,782.06,0.0,1
2025-08-02 06:35:29.290,154.4,782.06,0.0,1
2025-08-02 06:35:29.437,154.4,782.24,0.0,1
2025-08-02 06:35:29.587,154.4,782.24,0.0,1
2025-08-02 06:35:29.742,154.4,782.24,0.0,1
2025-08-02 06:35:29.910,154.4,782.24,0.0,1
2025-08-02 06:35:30.061,154.4,782.24,0.0,1
2025-08-02 06:35:30.214,154.4,782.24,0.0,1
2025-08-02 06:35:30.320,154.4,782.24,0.0,1
2025-08-02 06:35:30.466,154.4,782.24,0.0,1
2025-08-02 06:35:30.618,154.4,782.24,0.0,1
2025-08-02 06:35:30.740,154.4,782.24,0.0,1
2025-08-02 06:35:30.969,154.4,782.24,0.0,1
2025-08-02 06:35:31.090,154.4,782.24,0.0,1
2025-08-02 06:35:31.241,154.4,782.24,0.0,1
2025-08-02 06:35:31.394,154.4,782.24,0.0,1
2025-08-02 06:35:31.587,154.4,782.24,0.0,1
2025-08-02 06:35:31.794,154.4,782.24,0.0,1
2025-08-02 06:35:31.922,154.4,782.24,0.0,1
2025-08-02 06:35:32.115,154.4,782.24,0.0,1
2025-08-02 06:35:32.262,154.4,782.42,0.0,1
2025-08-02 06:35:32.418,154.4,782.42,0.0,1
2025-08-02 06:35:32.566,154.4,782.42,0.0,1
2025-08-02 06:35:32.751,154.4,782.42,0.0,1
2025-08-02 06:35:32.884,154.4,782.42,0.0,1
2025-08-02 06:35:33.037,154.4,782.42,0.0,1
2025-08-02 06:35:33.189,154.4,782.42,0.0,1
2025-08-02 06:35:33.339,154.4,782.42,0.0,1
2025-08-02 06:35:33.427,154.4,782.42,0.0,1
2025-08-02 06:35:33.584,154.4,782.42,0.0,1
2025-08-02 06:35:33.752,156.2,782.42,0.0,1
2025-08-02 06:35:33.903,156.2,782.42,0.0,1
2025-08-02 06:35:34.052,156.2,782.42,0.0,1
2025-08-02 06:35:34.150,154.4,782.42,0.0,1
2025-08-02 06:35:34.297,154.4,782.42,0.0,1
2025-08-02 06:35:34.443,154.4,782.42,0.0,1
2025-08-02 06:35:34.591,156.2,782.42,0.0,1
2025-08-02 06:35:34.742,156.2,782.42,0.0,1
2025-08-02 06:35:34.894,156.2,782.42,0.0,1
2025-08-02 06:35:35.093,156.2,782.42,0.0,1
2025-08-02 06:35:35.220,156.2,782.42,0.0,1
2025-08-02 06:35:35.399,156.2,782.42,0.0,1
2025-08-02 06:35:35.526,156.2,782.42,0.0,1
2025-08-02 06:35:35.617,156.2,782.42,0.0,1
2025-08-02 06:35:35.762,156.2,782.42,0.0,1
2025-08-02 06:35:35.917,156.2,782.42,0.0,1
2025-08-02 06:35:36.076,156.2,782.42,0.0,1
2025-08-02 06:35:36.211,156.2,782.42,0.0,1
2025-08-02 06:35:36.379,156.2,782.42,0.0,1
2025-08-02 06:35:36.570,156.2,782.42,0.0,1
2025-08-02 06:35:36.783,156.2,782.6,0.0,1
2025-08-02 06:35:37.055,156.2,782.6,0.0,1
2025-08-02 06:35:37.256,156.2,782.6,0.0,1
2025-08-02 06:35:37.377,156.2,782.6,0.0,1
2025-08-02 06:35:37.537,156.2,782.6,0.0,1
2025-08-02 06:35:37.686,156.2,782.6,0.0,1
2025-08-02 06:35:37.759,156.2,782.6,0.0,1
2025-08-02 06:35:37.930,156.2,782.6,0.0,1
2025-08-02 06:35:38.089,156.2,782.6,0.0,1
2025-08-02 06:35:38.220,156.2,782.6,0.0,1
2025-08-02 06:35:38.368,156.2,782.6,0.0,1
2025-08-02 06:35:38.462,156.2,782.6,0.0,1
2025-08-02 06:35:38.553,156.2,782.6,0.0,1
2025-08-02 06:35:38.652,156.2,782.6,0.0,1
2025-08-02 06:35:38.792,156.2,782.6,0.0,1
2025-08-02 06:35:38.890,156.2,782.6,0.0,1
2025-08-02 06:35:39.043,156.2,782.6,0.0,1
2025-08-02 06:35:39.202,156.2,782.6,0.0,1
2025-08-02 06:35:39.389,156.2,782.6,0.0,1
2025-08-02 06:35:39.520,156.2,782.6,0.0,1
2025-08-02 06:35:39.668,156.2,782.6,0.0,1
2025-08-02 06:35:39.850,156.2,782.6,0.0,1
2025-08-02 06:35:40.009,156.2,782.6,0.0,1
2025-08-02 06:35:40.157,156.2,782.6,0.0,1
2025-08-02 06:35:40.299,156.2,782.6,0.0,1
2025-08-02 06:35:40.448,156.2,782.6,0.0,1
2025-08-02 06:35:40.526,156.2,782.6,0.0,1
2025-08-02 06:35:40.628,156.2,782.78,0.0,1
2025-08-02 06:35:40.781,156.2,782.78,0.0,1
2025-08-02 06:35:40.932,156.2,782.78,0.0,1
2025-08-02 06:35:41.108,156.2,782.78,0.0,1
2025-08-02 06:35:41.259,156.2,782.78,0.0,1
2025-08-02 06:35:41.409,156.2,782.78,0.0,1
2025-08-02 06:35:41.581,156.2,782.78,0.0,1
2025-08-02 06:35:41.778,156.2,782.78,0.0,1
2025-08-02 06:35:41.986,156.2,782.78,0.0,1
2025-08-02 06:35:42.139,156.2,782.78,0.0,1
2025-08-02 06:35:42.293,156.2,782.78,0.0,1
2025-08-02 06:35:42.414,156.2,782.78,0.0,1
2025-08-02 06:35:42.514,156.2,782.78,0.0,1
2025-08-02 06:35:42.665,156.2,782.78,0.0,1
2025-08-02 06:35:42.822,156.2,782.78,0.0,1
2025-08-02 06:35:42.976,156.2,782.78,0.0,1
2025-08-02 06:35:43.159,156.2,782.78,0.0,1
2025-08-02 06:35:43.283,156.2,782.78,0.0,1
2025-08-02 06:35:43.355,156.2,782.78,0.0,1
2025-08-02 06:35:43.447,156.2,782.78,0.0,1
2025-08-02 06:35:43.546,156.2,782.78,0.0,1
2025-08-02 06:35:43.694,156.2,782.78,0.0,1
2025-08-02 06:35:43.844,156.2,782.78,0.0,1
2025-08-02 06:35:43.990,156.2,782.78,0.0,1
2025-08-02 06:35:44.093,156.2,782.78,0.0,1
2025-08-02 06:35:44.239,156.2,782.78,0.0,1
2025-08-02 06:35:44.429,156.2,782.78,0.0,1
2025-08-02 06:35:44.527,156.2,782.78,0.0,1
2025-08-02 06:35:44.627,156.2,782.78,0.0,1
2025-08-02 06:35:44.773,156.2,782.78,0.0,1
2025-08-02 06:35:44.925,156.2,782.78,0.0,1
2025-08-02 06:35:45.072,156.2,782.78,0.0,1
2025-08-02 06:35:45.246,156.2,782.78,0.0,1
2025-08-02 06:35:45.396,156.2,782.78,0.0,1
2025-08-02 06:35:45.545,156.2,782.78,0.0,1
2025-08-02 06:35:45.706,156.2,782.78,0.0,1
2025-08-02 06:35:45.834,156.2,782.78,0.0,1
2025-08-02 06:35:45.935,156.2,782.78,0.0,1
2025-08-02 06:35:46.025,156.2,782.78,0.0,1
2025-08-02 06:35:46.167,156.2,782.78,0.0,1
2025-08-02 06:35:46.348,156.2,782.78,0.0,1
2025-08-02 06:35:46.476,156.2,782.78,0.0,1
2025-08-02 06:35:46.590,156.2,782.78,0.0,1
2025-08-02 06:35:46.868,156.2,782.78,0.0,1
2025-08-02 06:35:47.073,156.2,782.78,0.0,1
2025-08-02 06:35:47.208,156.2,782.96,0.0,1
2025-08-02 06:35:47.355,156.2,782.96,0.0,1
2025-08-02 06:35:47.508,156.2,782.96,0.0,1
2025-08-02 06:35:47.661,156.2,782.96,0.0,1
2025-08-02 06:35:47.830,156.2,782.96,0.0,1
2025-08-02 06:35:47.988,156.2,782.96,0.0,1
2025-08-02 06:35:48.139,156.2,782.96,0.0,1
2025-08-02 06:35:48.288,156.2,782.96,0.0,1
2025-08-02 06:35:48.444,156.2,782.96,0.0,1
2025-08-02 06:35:48.564,156.2,782.96,0.0,1
2025-08-02 06:35:48.657,156.2,782.96,0.0,1
2025-08-02 06:35:48.827,156.2,782.96,0.0,1
2025-08-02 06:35:48.984,156.2,782.96,0.0,1
2025-08-02 06:35:49.113,156.2,782.96,0.0,1
2025-08-02 06:35:49.264,156.2,782.96,0.0,1
2025-08-02 06:35:49.416,156.2,782.96,0.0,1
2025-08-02 06:35:49.569,156.2,782.96,0.0,1
2025-08-02 06:35:49.647,156.2,782.96,0.0,1
2025-08-02 06:35:49.716,156.2,782.96,0.0,1
2025-08-02 06:35:49.815,156.2,782.96,0.0,1
2025-08-02 06:35:49.965,156.2,782.96,0.0,1
2025-08-02 06:35:50.119,156.2,782.96,0.0,1
2025-08-02 06:35:50.287,156.2,782.96,0.0,1
2025-08-02 06:35:50.438,156.2,782.96,0.0,1
2025-08-02 06:35:50.591,156.2,782.96,0.0,1
2025-08-02 06:35:50.739,156.2,782.96,0.0,1
2025-08-02 06:35:50.893,156.2,782.96,0.0,1
2025-08-02 06:35:51.067,156.2,782.96,0.0,1
2025-08-02 06:35:51.222,156.2,782.96,0.0,1
2025-08-02 06:35:51.372,156.2,782.96,0.0,1
2025-08-02 06:35:51.568,156.2,782.96,0.0,1
2025-08-02 06:35:51.776,156.2,782.96,0.0,1
2025-08-02 06:35:51.976,156.2,782.96,0.0,1
2025-08-02 06:35:52.172,156.2,782.96,0.0,1
2025-08-02 06:35:52.333,156.2,782.96,0.0,1
2025-08-02 06:35:52.484,156.2,782.96,0.0,1
2025-08-02 06:35:52.659,156.2,783.14,0.0,1
2025-08-02 06:35:52.813,156.2,783.14,0.0,1
2025-08-02 06:35:52.962,156.2,783.14,0.0,1
2025-08-02 06:35:53.118,156.2,783.14,0.0,1
2025-08-02 06:35:53.303,158.0,783.14,0.0,1
2025-08-02 06:35:53.435,158.0,783.14,0.0,1
2025-08-02 06:35:53.589,158.0,783.14,0.0,1
2025-08-02 06:35:53.774,158.0,783.14,0.0,1
2025-08-02 06:35:53.934,158.0,783.14,0.0,1
2025-08-02 06:35:54.054,158.0,783.14,0.0,1
2025-08-02 06:35:54.229,158.0,783.14,0.0,1
2025-08-02 06:35:54.384,158.0,783.14,0.0,1
2025-08-02 06:35:54.516,158.0,783.14,0.0,1
2025-08-02 06:35:54.668,158.0,783.14,0.0,1
2025-08-02 06:35:54.830,158.0,783.14,0.0,1
2025-08-02 06:35:54.980,158.0,783.14,0.0,1
2025-08-02 06:35:55.160,158.0,783.14,0.0,1
2025-08-02 06:35:55.288,158.0,783.14,0.0,1
2025-08-02 06:35:55.464,158.0,783.14,0.0,1
2025-08-02 06:35:55.596,158.0,783.14,0.0,1
2025-08-02 06:35:55.751,158.0,783.14,0.0,1
2025-08-02 06:35:55.905,158.0,783.14,0.0,1
2025-08-02 06:35:56.041,158.0,783.14,0.0,1
2025-08-02 06:35:56.192,158.0,783.14,0.0,1
2025-08-02 06:35:56.340,158.0,783.14,0.0,1
2025-08-02 06:35:56.438,158.0,783.14,0.0,1
2025-08-02 06:35:56.580,158.0,783.14,0.0,1
2025-08-02 06:35:56.782,158.0,783.14,0.0,1
2025-08-02 06:35:56.983,158.0,783.14,0.0,1
2025-08-02 06:35:57.184,158.0,783.14,0.0,1
2025-08-02 06:35:57.261,158.0,783.32,0.0,1
2025-08-02 06:35:57.329,158.0,783.32,0.0,1
2025-08-02 06:35:57.429,158.0,783.32,0.0,1
2025-08-02 06:35:57.584,158.0,783.32,0.0,1
2025-08-02 06:35:57.760,158.0,783.32,0.0,1
2025-08-02 06:35:57.917,158.0,783.32,0.0,1
2025-08-02 06:35:58.101,158.0,783.32,0.0,1
2025-08-02 06:35:58.173,158.0,783.32,0.0,1
2025-08-02 06:35:58.272,158.0,783.32,0.0,1
2025-08-02 06:35:58.420,158.0,783.32,0.0,1
2025-08-02 06:35:58.570,158.0,783.32,0.0,1
2025-08-02 06:35:58.755,158.0,783.32,0.0,1
2025-08-02 06:35:58.888,158.0,783.32,0.0,1
2025-08-02 06:35:58.990,158.0,783.32,0.0,1
2025-08-02 06:35:59.143,158.0,783.32,0.0,1
2025-08-02 06:35:59.331,158.0,783.32,0.0,1
2025-08-02 06:35:59.461,158.0,783.32,0.0,1
2025-08-02 06:35:59.614,158.0,783.32,0.0,1
2025-08-02 06:35:59.770,158.0,783.32,0.0,1
2025-08-02 06:35:59.931,158.0,783.32,0.0,1
2025-08-02 06:36:00.066,158.0,783.32,0.0,1
2025-08-02 06:36:00.221,158.0,783.32,0.0,1
2025-08-02 06:36:00.372,158.0,783.32,0.0,1
2025-08-02 06:36:00.534,158.0,783.32,0.0,1
2025-08-02 06:36:00.665,158.0,783.32,0.0,1
2025-08-02 06:36:00.818,158.0,783.32,0.0,1
2025-08-02 06:36:00.977,158.0,783.32,0.0,1
2025-08-02 06:36:01.156,158.0,783.32,0.0,1
2025-08-02 06:36:01.285,158.0,783.32,0.0,1
2025-08-02 06:36:01.459,158.0,783.32,0.0,1
2025-08-02 06:36:01.644,158.0,783.5,0.0,1
2025-08-02 06:36:01.847,158.0,783.5,0.0,1
2025-08-02 06:36:02.054,158.0,783.5,0.0,1
2025-08-02 06:36:02.221,158.0,783.5,0.0,1
2025-08-02 06:36:02.349,158.0,783.5,0.0,1
2025-08-02 06:36:02.450,158.0,783.5,0.0,1
2025-08-02 06:36:02.598,158.0,783.5,0.0,1
2025-08-02 06:36:02.751,158.0,783.5,0.0,1
2025-08-02 06:36:02.879,158.0,783.5,0.0,1
2025-08-02 06:36:02.972,158.0,783.5,0.0,1
2025-08-02 06:36:03.049,158.0,783.5,0.0,1
2025-08-02 06:36:03.116,158.0,783.5,0.0,1
2025-08-02 06:36:03.182,158.0,783.5,0.0,1
2025-08-02 06:36:03.375,158.0,783.5,0.0,1
2025-08-02 06:36:03.529,158.0,783.5,0.0,1
2025-08-02 06:36:03.684,158.0,783.5,0.0,1
2025-08-02 06:36:03.816,158.0,783.5,0.0,1
2025-08-02 06:36:03.962,158.0,783.5,0.0,1
2025-08-02 06:36:04.040,158.0,783.68,0.0,1
2025-08-02 06:36:04.117,158.0,783.68,0.0,1
2025-08-02 06:36:04.209,158.0,783.68,0.0,1
2025-08-02 06:36:04.377,158.0,783.68,0.0,1
2025-08-02 06:36:04.503,158.0,783.68,0.0,1
2025-08-02 06:36:04.602,158.0,783.68,0.0,1
2025-08-02 06:36:04.746,158.0,783.68,0.0,1
2025-08-02 06:36:04.902,158.0,783.68,0.0,1
2025-08-02 06:36:05.055,158.0,783.68,0.0,1
2025-08-02 06:36:05.233,158.0,783.68,0.0,1
2025-08-02 06:36:05.385,158.0,783.68,0.0,1
2025-08-02 06:36:05.538,158.0,783.68,0.0,1
2025-08-02 06:36:05.670,158.0,783.68,0.0,1
2025-08-02 06:36:05.822,158.0,783.68,0.0,1
2025-08-02 06:36:05.982,158.0,783.68,0.0,1
2025-08-02 06:36:06.136,158.0,783.68,0.0,1
2025-08-02 06:36:06.283,158.0,783.68,0.0,1
2025-08-02 06:36:06.437,158.0,783.68,0.0,1
2025-08-02 06:36:06.656,158.0,783.68,0.0,1
2025-08-02 06:36:06.853,158.0,783.68,0.0,1
2025-08-02 06:36:06.980,158.0,783.68,0.0,1
2025-08-02 06:36:07.155,158.0,783.86,0.0,1
2025-08-02 06:36:07.328,158.0,783.86,0.0,1
2025-08-02 06:36:07.486,158.0,783.86,0.0,1
2025-08-02 06:36:07.639,158.0,783.86,0.0,1
2025-08-02 06:36:07.821,158.0,783.86,0.0,1
2025-08-02 06:36:07.950,158.0,783.86,0.0,1
2025-08-02 06:36:08.049,158.0,783.86,0.0,1
2025-08-02 06:36:08.207,158.0,783.86,0.0,1
2025-08-02 06:36:08.380,158.0,783.86,0.0,1
2025-08-02 06:36:08.528,158.0,783.86,0.0,1
2025-08-02 06:36:08.676,158.0,783.86,0.0,1
2025-08-02 06:36:08.828,158.0,783.86,0.0,1
2025-08-02 06:36:08.979,158.0,783.86,0.0,1
2025-08-02 06:36:09.127,158.0,783.86,0.0,1
2025-08-02 06:36:09.279,158.0,783.86,0.0,1
2025-08-02 06:36:09.436,158.0,783.86,0.0,1
2025-08-02 06:36:09.588,158.0,783.86,0.0,1
2025-08-02 06:36:09.745,158.0,783.86,0.0,1
2025-08-02 06:36:09.898,158.0,784.04,0.0,1
2025-08-02 06:36:10.047,158.0,784.04,0.0,1
2025-08-02 06:36:10.196,158.0,784.04,0.0,1
2025-08-02 06:36:10.371,158.0,784.04,0.0,1
2025-08-02 06:36:10.498,158.0,784.04,0.0,1
2025-08-02 06:36:10.649,158.0,784.04,0.0,1
2025-08-02 06:36:10.826,158.0,784.04,0.0,1
2025-08-02 06:36:10.946,158.0,784.04,0.0,1
2025-08-02 06:36:11.124,158.0,784.04,0.0,1
2025-08-02 06:36:11.251,158.0,784.04,0.0,1
2025-08-02 06:36:11.398,158.0,784.04,0.0,1
2025-08-02 06:36:11.589,158.0,784.04,0.0,1
2025-08-02 06:36:11.806,158.0,784.04,0.0,1
2025-08-02 06:36:11.938,158.0,784.04,0.0,1
2025-08-02 06:36:12.133,158.0,784.04,0.0,1
2025-08-02 06:36:12.208,158.0,784.04,0.0,1
2025-08-02 06:36:12.390,158.0,784.04,0.0,1
2025-08-02 06:36:12.514,158.0,784.04,0.0,1
2025-08-02 06:36:12.660,158.0,784.04,0.0,1
2025-08-02 06:36:12.758,158.0,784.04,0.0,1
2025-08-02 06:36:12.904,158.0,784.04,0.0,1
2025-08-02 06:36:13.055,158.0,784.04,0.0,1
2025-08-02 06:36:13.211,158.0,784.04,0.0,1
2025-08-02 06:36:13.353,158.0,784.04,0.0,1
2025-08-02 06:36:13.506,158.0,784.04,0.0,1
2025-08-02 06:36:13.660,158.0,784.04,0.0,1
2025-08-02 06:36:13.812,158.0,784.04,0.0,1
2025-08-02 06:36:13.964,158.0,784.22,0.0,1
2025-08-02 06:36:14.118,158.0,784.22,0.0,1
2025-08-02 06:36:14.271,158.0,784.22,0.0,1
2025-08-02 06:36:14.419,158.0,784.22,0.0,1
2025-08-02 06:36:14.568,159.8,784.22,0.0,1
2025-08-02 06:36:14.715,159.8,784.22,0.0,1
2025-08-02 06:36:14.857,159.8,784.22,0.0,1
2025-08-02 06:36:15.006,158.0,784.22,0.0,1
2025-08-02 06:36:15.160,158.0,784.22,0.0,1
2025-08-02 06:36:15.309,158.0,784.22,0.0,1
2025-08-02 06:36:15.465,159.8,784.22,0.0,1
2025-08-02 06:36:15.620,159.8,784.22,0.0,1
2025-08-02 06:36:15.800,159.8,784.22,0.0,1
2025-08-02 06:36:15.947,159.8,784.22,0.0,1
2025-08-02 06:36:16.101,159.8,784.22,0.0,1
2025-08-02 06:36:16.278,159.8,784.22,0.0,1
2025-08-02 06:36:16.433,159.8,784.22,0.0,1
2025-08-02 06:36:16.578,159.8,784.22,0.0,1
2025-08-02 06:36:16.782,159.8,784.22,0.0,1
2025-08-02 06:36:16.982,159.8,784.22,0.0,1
2025-08-02 06:36:17.137,159.8,784.22,0.0,1
2025-08-02 06:36:17.270,159.8,784.22,0.0,1
2025-08-02 06:36:17.367,159.8,784.22,0.0,1
2025-08-02 06:36:17.537,159.8,784.22,0.0,1
2025-08-02 06:36:17.687,159.8,784.22,0.0,1
2025-08-02 06:36:17.827,159.8,784.22,0.0,1
2025-08-02 06:36:17.925,159.8,784.22,0.0,1
2025-08-02 06:36:18.065,159.8,784.22,0.0,1
2025-08-02 06:36:18.215,159.8,784.22,0.0,1
2025-08-02 06:36:18.307,159.8,784.22,0.0,1
2025-08-02 06:36:18.449,159.8,784.4,0.0,1
2025-08-02 06:36:18.590,159.8,784.4,0.0,1
2025-08-02 06:36:18.763,159.8,784.4,0.0,1
2025-08-02 06:36:18.906,159.8,784.4,0.0,1
2025-08-02 06:36:19.047,159.8,784.4,0.0,1
2025-08-02 06:36:19.222,159.8,784.4,0.0,1
2025-08-02 06:36:19.343,159.8,784.4,0.0,1
2025-08-02 06:36:19.407,159.8,784.4,0.0,1
2025-08-02 06:36:19.509,159.8,784.4,0.0,1
2025-08-02 06:36:19.648,159.8,784.4,0.0,1
2025-08-02 06:36:19.724,159.8,784.4,0.0,1
2025-08-02 06:36:19.792,159.8,784.4,0.0,1
2025-08-02 06:36:19.891,159.8,784.4,0.0,1
2025-08-02 06:36:20.034,159.8,784.4,0.0,1
2025-08-02 06:36:20.207,159.8,784.4,0.0,1
2025-08-02 06:36:20.346,159.8,784.4,0.0,1
2025-08-02 06:36:20.435,159.8,784.4,0.0,1
2025-08-02 06:36:20.574,159.8,784.4,0.0,1
2025-08-02 06:36:20.640,159.8,784.4,0.0,1
2025-08-02 06:36:20.728,159.8,784.4,0.0,1
2025-08-02 06:36:20.795,159.8,784.4,0.0,1
2025-08-02 06:36:20.893,159.8,784.4,0.0,1
2025-08-02 06:36:21.030,159.8,784.4,0.0,1
2025-08-02 06:36:21.093,159.8,784.4,0.0,1
2025-08-02 06:36:21.191,159.8,784.4,0.0,1
2025-08-02 06:36:21.335,159.8,784.4,0.0,1
2025-08-02 06:36:21.478,159.8,784.4,0.0,1
2025-08-02 06:36:21.563,159.8,784.58,0.0,1
2025-08-02 06:36:21.765,159.8,784.58,0.0,1
2025-08-02 06:36:22.146,159.8,784.58,0.0,1
2025-08-02 06:36:22.287,159.8,784.58,0.0,1
2025-08-02 06:36:22.383,159.8,784.58,0.0,1
2025-08-02 06:36:22.531,159.8,784.58,0.0,1
2025-08-02 06:36:22.623,159.8,784.58,0.0,1
2025-08-02 06:36:22.722,159.8,784.58,0.0,1
2025-08-02 06:36:22.867,159.8,784.58,0.0,1
2025-08-02 06:36:23.025,159.8,784.58,0.0,1
2025-08-02 06:36:23.206,159.8,784.58,0.0,1
2025-08-02 06:36:23.356,159.8,784.58,0.0,1
2025-08-02 06:36:23.503,159.8,784.58,0.0,1
2025-08-02 06:36:23.644,159.8,784.58,0.0,1
2025-08-02 06:36:23.798,159.8,784.58,0.0,1
2025-08-02 06:36:23.940,159.8,784.58,0.0,1
2025-08-02 06:36:24.040,159.8,784.58,0.0,1
2025-08-02 06:36:24.187,159.8,784.58,0.0,1
2025-08-02 06:36:24.362,159.8,784.58,0.0,1
2025-08-02 06:36:24.483,159.8,784.58,0.0,1
2025-08-02 06:36:24.554,159.8,784.58,0.0,1
2025-08-02 06:36:24.726,159.8,784.58,0.0,1
2025-08-02 06:36:24.875,159.8,784.58,0.0,1
2025-08-02 06:36:25.019,159.8,784.58,0.0,1
2025-08-02 06:36:25.118,159.8,784.58,0.0,1
2025-08-02 06:36:25.262,159.8,784.58,0.0,1
2025-08-02 06:36:25.417,159.8,784.76,0.0,1
2025-08-02 06:36:25.572,159.8,784.76,0.0,1
2025-08-02 06:36:25.749,159.8,784.76,0.0,1
2025-08-02 06:36:25.897,159.8,784.76,0.0,1
2025-08-02 06:36:26.052,159.8,784.76,0.0,1
2025-08-02 06:36:26.231,159.8,784.76,0.0,1
2025-08-02 06:36:26.388,159.8,784.76,0.0,1
2025-08-02 06:36:26.581,159.8,784.76,0.0,1
2025-08-02 06:36:26.779,159.8,784.76,0.0,1
2025-08-02 06:36:26.916,159.8,784.76,0.0,1
2025-08-02 06:36:27.099,159.8,784.76,0.0,1
2025-08-02 06:36:27.221,159.8,784.76,0.0,1
2025-08-02 06:36:27.320,159.8,784.76,0.0,1
2025-08-02 06:36:27.465,159.8,784.76,0.0,1
2025-08-02 06:36:27.618,159.8,784.76,0.0,1
2025-08-02 06:36:27.789,159.8,784.76,0.0,1
2025-08-02 06:36:27.930,159.8,784.76,0.0,1
2025-08-02 06:36:27.995,159.8,784.76,0.0,1
2025-08-02 06:36:28.138,159.8,784.76,0.0,1
2025-08-02 06:36:28.213,159.8,784.76,0.0,1
2025-08-02 06:36:28.284,159.8,784.76,0.0,1
2025-08-02 06:36:28.355,159.8,784.76,0.0,1
2025-08-02 06:36:28.446,159.8,784.76,0.0,1
2025-08-02 06:36:28.595,159.8,784.76,0.0,1
2025-08-02 06:36:28.744,159.8,784.76,0.0,1
2025-08-02 06:36:28.905,159.8,784.76,0.0,1
2025-08-02 06:36:29.054,159.8,784.76,0.0,1
2025-08-02 06:36:29.221,159.8,784.76,0.0,1
2025-08-02 06:36:29.363,159.8,784.76,0.0,1
2025-08-02 06:36:29.539,159.8,784.76,0.0,1
2025-08-02 06:36:29.666,159.8,784.76,0.0,1
2025-08-02 06:36:29.759,159.8,784.76,0.0,1
2025-08-02 06:36:29.858,159.8,784.76,0.0,1
2025-08-02 06:36:30.030,159.8,784.76,0.0,1
2025-08-02 06:36:30.160,159.8,784.76,0.0,1
2025-08-02 06:36:30.261,159.8,784.76,0.0,1
2025-08-02 06:36:30.410,159.8,784.76,0.0,1
2025-08-02 06:36:30.559,159.8,784.76,0.0,1
2025-08-02 06:36:30.729,159.8,784.76,0.0,1
2025-08-02 06:36:30.879,159.8,784.76,0.0,1
2025-08-02 06:36:31.031,159.8,784.76,0.0,1
2025-08-02 06:36:31.185,159.8,784.76,0.0,1
2025-08-02 06:36:31.351,159.8,784.76,0.0,1
2025-08-02 06:36:31.506,159.8,784.76,0.0,1
2025-08-02 06:36:31.666,159.8,784.76,0.0,1
2025-08-02 06:36:31.798,159.8,784.94,0.0,1
2025-08-02 06:36:32.006,159.8,784.94,0.0,1
2025-08-02 06:36:32.188,159.8,784.94,0.0,1
2025-08-02 06:36:32.285,159.8,784.94,0.0,1
2025-08-02 06:36:32.384,159.8,784.94,0.0,1
2025-08-02 06:36:32.488,159.8,784.94,0.0,1
2025-08-02 06:36:32.583,159.8,784.94,0.0,1
2025-08-02 06:36:32.730,159.8,784.94,0.0,1
2025-08-02 06:36:32.883,159.8,784.94,0.0,1
2025-08-02 06:36:33.041,159.8,784.94,0.0,1
2025-08-02 06:36:33.218,159.8,784.94,0.0,1
2025-08-02 06:36:33.369,159.8,784.94,0.0,1
2025-08-02 06:36:33.522,159.8,784.94,0.0,1
2025-08-02 06:36:33.709,159.8,784.94,0.0,1
2025-08-02 06:36:33.855,159.8,784.94,0.0,1
2025-08-02 06:36:34.012,159.8,784.94,0.0,1
2025-08-02 06:36:34.192,159.8,784.94,0.0,1
2025-08-02 06:36:34.312,159.8,784.94,0.0,1
2025-08-02 06:36:34.380,159.8,784.94,0.0,1
2025-08-02 06:36:34.478,159.8,784.94,0.0,1
2025-08-02 06:36:34.629,159.8,784.94,0.0,1
2025-08-02 06:36:34.706,159.8,784.94,0.0,1
2025-08-02 06:36:34.797,159.8,784.94,0.0,1
2025-08-02 06:36:34.864,159.8,784.94,0.0,1
2025-08-02 06:36:34.958,159.8,784.94,0.0,1
2025-08-02 06:36:35.120,159.8,784.94,0.0,1
2025-08-02 06:36:35.267,159.8,784.94,0.0,1
2025-08-02 06:36:35.439,159.8,784.94,0.0,1
2025-08-02 06:36:35.595,161.6,784.94,0.0,1
2025-08-02 06:36:35.742,161.6,784.94,0.0,1
2025-08-02 06:36:35.923,161.6,784.94,0.0,1
2025-08-02 06:36:36.073,161.6,784.94,0.0,1
2025-08-02 06:36:36.217,161.6,784.94,0.0,1
2025-08-02 06:36:36.307,161.6,784.94,0.0,1
2025-08-02 06:36:36.476,161.6,784.94,0.0,1
2025-08-02 06:36:36.642,161.6,784.94,0.0,1
2025-08-02 06:36:36.768,161.6,784.94,0.0,1
2025-08-02 06:36:36.978,161.6,784.94,0.0,1
2025-08-02 06:36:37.177,161.6,784.94,0.0,1
2025-08-02 06:36:37.326,161.6,784.94,0.0,1
2025-08-02 06:36:37.513,161.6,784.94,0.0,1
2025-08-02 06:36:37.648,161.6,784.94,0.0,1
2025-08-02 06:36:37.744,161.6,784.94,0.0,1
2025-08-02 06:36:37.837,161.6,784.94,0.0,1
2025-08-02 06:36:37.980,161.6,784.94,0.0,1
2025-08-02 06:36:38.138,161.6,784.94,0.0,1
2025-08-02 06:36:38.293,161.6,784.94,0.0,1
2025-08-02 06:36:38.447,161.6,784.94,0.0,1
2025-08-02 06:36:38.625,161.6,784.94,0.0,1
2025-08-02 06:36:38.776,161.6,784.94,0.0,1
2025-08-02 06:36:38.942,161.6,784.94,0.0,1
2025-08-02 06:36:39.089,161.6,784.94,0.0,1
2025-08-02 06:36:39.238,161.6,784.94,0.0,1
2025-08-02 06:36:39.387,161.6,784.94,0.0,1
2025-08-02 06:36:39.480,161.6,784.94,0.0,1
2025-08-02 06:36:39.579,161.6,784.94,0.0,1
2025-08-02 06:36:39.724,161.6,784.94,0.0,1
2025-08-02 06:36:39.882,161.6,784.94,0.0,1
2025-08-02 06:36:40.059,161.6,784.94,0.0,1
2025-08-02 06:36:40.213,161.6,784.94,0.0,1
2025-08-02 06:36:40.369,161.6,784.94,0.0,1
2025-08-02 06:36:40.548,161.6,784.94,0.0,1
2025-08-02 06:36:40.699,161.6,784.94,0.0,1
2025-08-02 06:36:40.831,161.6,784.94,0.0,1
2025-08-02 06:36:40.924,161.6,784.94,0.0,1
2025-08-02 06:36:41.075,161.6,784.94,0.0,1
2025-08-02 06:36:41.230,161.6,784.94,0.0,1
2025-08-02 06:36:41.418,161.6,784.94,0.0,1
2025-08-02 06:36:41.584,161.6,784.94,0.0,1
2025-08-02 06:36:41.862,161.6,784.94,0.0,1
2025-08-02 06:36:42.062,161.6,784.94,0.0,1
2025-08-02 06:36:42.173,161.6,784.94,0.0,1
2025-08-02 06:36:42.241,161.6,784.94,0.0,1
2025-08-02 06:36:42.331,161.6,784.94,0.0,1
2025-08-02 06:36:42.423,161.6,784.94,0.0,1
2025-08-02 06:36:42.570,161.6,785.12,0.0,1
2025-08-02 06:36:42.664,161.6,785.12,0.0,1
2025-08-02 06:36:42.825,161.6,785.12,0.0,1
2025-08-02 06:36:43.001,161.6,785.12,0.0,1
2025-08-02 06:36:43.152,161.6,785.12,0.0,1
2025-08-02 06:36:43.303,161.6,785.12,0.0,1
2025-08-02 06:36:43.482,161.6,785.12,0.0,1
2025-08-02 06:36:43.629,161.6,785.12,0.0,1
2025-08-02 06:36:43.782,161.6,785.12,0.0,1
2025-08-02 06:36:43.966,161.6,785.12,0.0,1
2025-08-02 06:36:44.099,161.6,785.12,0.0,1
2025-08-02 06:36:44.253,161.6,785.12,0.0,1
2025-08-02 06:36:44.352,161.6,785.12,0.0,1
2025-08-02 06:36:44.497,161.6,785.12,0.0,1
2025-08-02 06:36:44.650,161.6,785.12,0.0,1
2025-08-02 06:36:44.825,161.6,785.12,0.0,1
2025-08-02 06:36:44.981,161.6,785.12,0.0,1
2025-08-02 06:36:45.129,161.6,785.12,0.0,1
2025-08-02 06:36:45.224,161.6,785.12,0.0,1
2025-08-02 06:36:45.382,161.6,785.12,0.0,1
2025-08-02 06:36:45.510,161.6,785.12,0.0,1
2025-08-02 06:36:45.604,161.6,785.12,0.0,1
2025-08-02 06:36:45.695,161.6,785.12,0.0,1
2025-08-02 06:36:45.841,161.6,785.12,0.0,1
2025-08-02 06:36:45.936,161.6,785.12,0.0,1
2025-08-02 06:36:46.087,161.6,785.12,0.0,1
2025-08-02 06:36:46.243,161.6,785.12,0.0,1
2025-08-02 06:36:46.422,161.6,785.12,0.0,1
2025-08-02 06:36:46.565,161.6,785.12,0.0,1
2025-08-02 06:36:46.770,161.6,785.12,0.0,1
2025-08-02 06:36:46.974,161.6,785.12,0.0,1
2025-08-02 06:36:47.105,161.6,785.12,0.0,1
2025-08-02 06:36:47.196,161.6,785.12,0.0,1
2025-08-02 06:36:47.339,161.6,785.12,0.0,1
2025-08-02 06:36:47.435,161.6,785.12,0.0,1
2025-08-02 06:36:47.558,161.6,785.12,0.0,1
2025-08-02 06:36:47.714,161.6,785.12,0.0,1
2025-08-02 06:36:47.895,161.6,785.12,0.0,1
2025-08-02 06:36:48.055,161.6,785.12,0.0,1
2025-08-02 06:36:48.185,161.6,785.12,0.0,1
2025-08-02 06:36:48.283,161.6,785.12,0.0,1
2025-08-02 06:36:48.428,161.6,785.12,0.0,1
2025-08-02 06:36:48.579,161.6,785.12,0.0,1
2025-08-02 06:36:48.673,161.6,785.12,0.0,1
2025-08-02 06:36:48.818,161.6,785.12,0.0,1
2025-08-02 06:36:48.970,161.6,785.12,0.0,1
2025-08-02 06:36:49.167,161.6,785.12,0.0,1
2025-08-02 06:36:49.287,161.6,785.12,0.0,1
2025-08-02 06:36:49.452,161.6,785.12,0.0,1
2025-08-02 06:36:49.594,161.6,785.12,0.0,1
2025-08-02 06:36:49.695,161.6,785.12,0.0,1
2025-08-02 06:36:49.842,161.6,785.12,0.0,1
2025-08-02 06:36:49.988,161.6,785.12,0.0,1
2025-08-02 06:36:50.068,161.6,785.12,0.0,1
2025-08-02 06:36:50.135,161.6,785.12,0.0,1
2025-08-02 06:36:50.233,161.6,785.12,0.0,1
2025-08-02 06:36:50.384,161.6,785.12,0.0,1
2025-08-02 06:36:50.584,161.6,785.12,0.0,1
2025-08-02 06:36:50.699,161.6,785.12,0.0,1
2025-08-02 06:36:50.870,161.6,785.12,0.0,1
2025-08-02 06:36:50.993,161.6,785.12,0.0,1
2025-08-02 06:36:51.087,161.6,785.12,0.0,1
2025-08-02 06:36:51.159,161.6,785.12,0.0,1
2025-08-02 06:36:51.252,161.6,785.12,0.0,1
2025-08-02 06:36:51.393,161.6,785.12,0.0,1
2025-08-02 06:36:51.486,161.6,785.12,0.0,1
2025-08-02 06:36:51.653,161.6,785.12,0.0,1
2025-08-02 06:36:51.777,161.6,785.12,0.0,1
2025-08-02 06:36:51.985,161.6,785.12,0.0,1
2025-08-02 06:36:52.169,161.6,785.12,0.0,1
2025-08-02 06:36:52.322,161.6,785.12,0.0,1
2025-08-02 06:36:52.396,161.6,785.12,0.0,1
2025-08-02 06:36:52.464,161.6,785.12,0.0,1
2025-08-02 06:36:52.557,161.6,785.12,0.0,1
2025-08-02 06:36:52.732,161.6,785.12,0.0,1
2025-08-02 06:36:52.861,161.6,785.12,0.0,1
2025-08-02 06:36:52.954,161.6,785.12,0.0,1
2025-08-02 06:36:53.064,161.6,785.12,0.0,1
2025-08-02 06:36:53.163,161.6,785.12,0.0,1
2025-08-02 06:36:53.264,161.6,785.12,0.0,1
2025-08-02 06:36:53.418,161.6,785.12,0.0,1
2025-08-02 06:36:53.542,161.6,785.12,0.0,1
2025-08-02 06:36:53.638,161.6,785.12,0.0,1
2025-08-02 06:36:53.783,161.6,785.12,0.0,1
2025-08-02 06:36:53.850,161.6,785.12,0.0,1
2025-08-02 06:36:54.045,161.6,785.12,0.0,1
2025-08-02 06:36:54.196,161.6,785.12,0.0,1
2025-08-02 06:36:54.344,161.6,785.12,0.0,1
2025-08-02 06:36:54.522,161.6,785.12,0.0,1
2025-08-02 06:36:54.672,161.6,785.12,0.0,1
2025-08-02 06:36:54.828,161.6,785.12,0.0,1
2025-08-02 06:36:55.006,161.6,785.12,0.0,1
2025-08-02 06:36:55.147,161.6,785.12,0.0,1
2025-08-02 06:36:55.292,161.6,784.94,0.0,1
2025-08-02 06:36:55.398,161.6,784.94,0.0,1
2025-08-02 06:36:55.562,161.6,784.94,0.0,1
2025-08-02 06:36:55.684,161.6,784.94,0.0,1
2025-08-02 06:36:55.778,161.6,784.94,0.0,1
2025-08-02 06:36:55.922,161.6,784.94,0.0,1
2025-08-02 06:36:56.070,161.6,784.94,0.0,1
2025-08-02 06:36:56.162,161.6,784.94,0.0,1
2025-08-02 06:36:56.262,161.6,784.94,0.0,1
2025-08-02 06:36:56.408,161.6,784.94,0.0,1
2025-08-02 06:36:56.479,161.6,784.94,0.0,1
2025-08-02 06:36:56.635,161.6,784.94,0.0,1
2025-08-02 06:36:56.837,161.6,785.12,0.0,1
2025-08-02 06:36:57.039,161.6,785.12,0.0,1
2025-08-02 06:36:57.206,161.6,785.12,0.0,1
2025-08-02 06:36:57.371,161.6,785.12,0.0,1
2025-08-02 06:36:57.514,161.6,785.12,0.0,1
2025-08-02 06:36:57.603,161.6,785.12,0.0,1
2025-08-02 06:36:57.752,161.6,785.12,0.0,1
2025-08-02 06:36:57.900,161.6,785.12,0.0,1
2025-08-02 06:36:58.062,161.6,785.12,0.0,1
2025-08-02 06:36:58.233,161.6,785.12,0.0,1
2025-08-02 06:36:58.385,161.6,785.12,0.0,1
2025-08-02 06:36:58.534,161.6,785.12,0.0,1
2025-08-02 06:36:58.631,161.6,784.94,0.0,1
2025-08-02 06:36:58.775,161.6,784.94,0.0,1
2025-08-02 06:36:58.865,161.6,784.94,0.0,1
2025-08-02 06:36:59.010,161.6,784.94,0.0,1
2025-08-02 06:36:59.162,163.4,784.94,0.0,1
2025-08-02 06:36:59.321,163.4,784.94,0.0,1
2025-08-02 06:36:59.509,163.4,784.94,0.0,1
2025-08-02 06:36:59.632,161.6,784.94,0.0,1
2025-08-02 06:36:59.710,161.6,784.94,0.0,1
2025-08-02 06:36:59.785,161.6,784.94,0.0,1
2025-08-02 06:36:59.958,163.4,784.94,0.0,1
2025-08-02 06:37:00.103,163.4,784.94,0.0,1
2025-08-02 06:37:00.282,163.4,784.94,0.0,1
2025-08-02 06:37:00.433,161.6,784.94,0.0,1
2025-08-02 06:37:00.588,161.6,784.94,0.0,1
2025-08-02 06:37:00.768,161.6,784.94,0.0,1
2025-08-02 06:37:00.896,163.4,784.94,0.0,1
2025-08-02 06:37:00.968,163.4,784.94,0.0,1
2025-08-02 06:37:01.117,163.4,784.94,0.0,1
2025-08-02 06:37:01.304,163.4,784.94,0.0,1
2025-08-02 06:37:01.457,163.4,784.94,0.0,1
2025-08-02 06:37:01.648,163.4,784.94,0.0,1
2025-08-02 06:37:01.849,163.4,784.94,0.0,1
2025-08-02 06:37:02.056,163.4,784.94,0.0,1
2025-08-02 06:37:02.268,163.4,784.94,0.0,1
2025-08-02 06:37:02.423,163.4,784.94,0.0,1
2025-08-02 06:37:02.549,163.4,784.94,0.0,1
2025-08-02 06:37:02.649,163.4,784.94,0.0,1
2025-08-02 06:37:02.798,163.4,784.94,0.0,1
2025-08-02 06:37:02.951,163.4,784.94,0.0,1
2025-08-02 06:37:03.125,163.4,784.94,0.0,1
2025-08-02 06:37:03.275,163.4,784.94,0.0,1
2025-08-02 06:37:03.479,163.4,784.94,0.0,1
2025-08-02 06:37:03.581,163.4,784.94,0.0,1
2025-08-02 06:37:03.647,163.4,784.94,0.0,1
2025-08-02 06:37:03.736,163.4,784.94,0.0,1
2025-08-02 06:37:03.852,163.4,784.94,0.0,1
2025-08-02 06:37:04.002,163.4,784.94,0.0,1
2025-08-02 06:37:04.151,163.4,784.94,0.0,1
2025-08-02 06:37:04.306,163.4,784.94,0.0,1
2025-08-02 06:37:04.485,163.4,784.94,0.0,1
2025-08-02 06:37:04.636,163.4,784.94,0.0,1
2025-08-02 06:37:04.781,163.4,784.76,0.0,1
2025-08-02 06:37:04.963,163.4,784.76,0.0,1
2025-08-02 06:37:05.117,163.4,784.76,0.0,1
2025-08-02 06:37:05.244,163.4,784.76,0.0,1
2025-08-02 06:37:05.413,163.4,784.76,0.0,1
2025-08-02 06:37:05.566,163.4,784.76,0.0,1
2025-08-02 06:37:05.695,163.4,784.76,0.0,1
2025-08-02 06:37:05.808,163.4,784.76,0.0,1
2025-08-02 06:37:05.964,163.4,784.76,0.0,1
2025-08-02 06:37:06.142,163.4,784.76,0.0,1
2025-08-02 06:37:06.274,163.4,784.76,0.0,1
2025-08-02 06:37:06.421,163.4,784.76,0.0,1
2025-08-02 06:37:06.525,163.4,784.76,0.0,1
2025-08-02 06:37:06.661,163.4,784.76,0.0,1
2025-08-02 06:37:06.862,163.4,784.76,0.0,1
2025-08-02 06:37:07.065,163.4,784.76,0.0,1
2025-08-02 06:37:07.216,163.4,784.76,0.0,1
2025-08-02 06:37:07.395,163.4,784.76,0.0,1
2025-08-02 06:37:07.554,163.4,784.76,0.0,1
2025-08-02 06:37:07.673,163.4,784.76,0.0,1
2025-08-02 06:37:07.774,163.4,784.76,0.0,1
2025-08-02 06:37:07.865,163.4,784.76,0.0,1
2025-08-02 06:37:08.013,163.4,784.76,0.0,1
2025-08-02 06:37:08.175,163.4,784.94,0.0,1
2025-08-02 06:37:08.375,163.4,784.94,0.0,1
2025-08-02 06:37:08.500,163.4,784.94,0.0,1
2025-08-02 06:37:08.650,163.4,784.94,0.0,1
2025-08-02 06:37:08.746,163.4,784.94,0.0,1
2025-08-02 06:37:08.893,163.4,784.94,0.0,1
2025-08-02 06:37:09.072,163.4,784.76,0.0,1
2025-08-02 06:37:09.211,163.4,784.76,0.0,1
2025-08-02 06:37:09.313,163.4,784.76,0.0,1
2025-08-02 06:37:09.461,163.4,784.76,0.0,1
2025-08-02 06:37:09.615,163.4,784.76,0.0,1
2025-08-02 06:37:09.784,163.4,784.76,0.0,1
2025-08-02 06:37:09.935,163.4,784.76,0.0,1
2025-08-02 06:37:10.078,163.4,784.76,0.0,1
2025-08-02 06:37:10.184,163.4,784.76,0.0,1
2025-08-02 06:37:10.330,163.4,784.76,0.0,1
2025-08-02 06:37:10.487,163.4,784.76,0.0,1
2025-08-02 06:37:10.672,163.4,784.76,0.0,1
2025-08-02 06:37:10.808,163.4,784.76,0.0,1
2025-08-02 06:37:10.962,163.4,784.76,0.0,1
2025-08-02 06:37:11.145,163.4,784.76,0.0,1
2025-08-02 06:37:11.278,163.4,784.76,0.0,1
2025-08-02 06:37:11.379,163.4,784.76,0.0,1
2025-08-02 06:37:11.576,163.4,784.76,0.0,1
2025-08-02 06:37:11.777,163.4,784.76,0.0,1
2025-08-02 06:37:11.905,163.4,784.76,0.0,1
2025-08-02 06:37:12.117,163.4,784.76,0.0,1
2025-08-02 06:37:12.255,163.4,784.76,0.0,1
2025-08-02 06:37:12.409,163.4,784.76,0.0,1
2025-08-02 06:37:12.564,163.4,784.76,0.0,1
2025-08-02 06:37:12.716,163.4,784.76,0.0,1
2025-08-02 06:37:12.817,163.4,784.76,0.0,1
2025-08-02 06:37:12.964,163.4,784.76,0.0,1
2025-08-02 06:37:13.118,163.4,784.76,0.0,1
2025-08-02 06:37:13.191,163.4,784.76,0.0,1
2025-08-02 06:37:13.258,163.4,784.76,0.0,1
2025-08-02 06:37:13.348,163.4,784.76,0.0,1
2025-08-02 06:37:13.453,163.4,784.76,0.0,1
2025-08-02 06:37:13.609,163.4,784.76,0.0,1
2025-08-02 06:37:13.785,163.4,784.76,0.0,1
2025-08-02 06:37:13.942,163.4,784.76,0.0,1
2025-08-02 06:37:14.066,163.4,784.76,0.0,1
2025-08-02 06:37:14.170,163.4,784.76,0.0,1
2025-08-02 06:37:14.321,163.4,784.76,0.0,1
2025-08-02 06:37:14.463,163.4,784.76,0.0,1
2025-08-02 06:37:14.553,163.4,784.76,0.0,1
2025-08-02 06:37:14.695,163.4,784.76,0.0,1
2025-08-02 06:37:14.762,163.4,784.76,0.0,1
2025-08-02 06:37:14.852,163.4,784.76,0.0,1
2025-08-02 06:37:14.989,163.4,784.76,0.0,1
2025-08-02 06:37:15.062,163.4,784.58,0.0,1
2025-08-02 06:37:15.150,163.4,784.58,0.0,1
2025-08-02 06:37:15.273,163.4,784.58,0.0,1
2025-08-02 06:37:15.363,163.4,784.58,0.0,1
2025-08-02 06:37:15.485,163.4,784.58,0.0,1
2025-08-02 06:37:15.631,163.4,784.58,0.0,1
2025-08-02 06:37:15.719,163.4,784.58,0.0,1
2025-08-02 06:37:15.785,163.4,784.58,0.0,1
2025-08-02 06:37:15.872,163.4,784.58,0.0,1
2025-08-02 06:37:16.064,163.4,784.58,0.0,1
2025-08-02 06:37:16.184,163.4,784.58,0.0,1
2025-08-02 06:37:16.324,163.4,784.58,0.0,1
2025-08-02 06:37:16.465,163.4,784.58,0.0,1
2025-08-02 06:37:16.574,163.4,784.58,0.0,1
2025-08-02 06:37:16.713,163.4,784.58,0.0,1
2025-08-02 06:37:16.917,163.4,784.58,0.0,1
2025-08-02 06:37:17.104,163.4,784.58,0.0,1
2025-08-02 06:37:17.264,163.4,784.58,0.0,1
2025-08-02 06:37:17.426,163.4,784.58,0.0,1
2025-08-02 06:37:17.581,163.4,784.58,0.0,1
2025-08-02 06:37:17.735,163.4,784.58,0.0,1
2025-08-02 06:37:17.834,163.4,784.58,0.0,1
2025-08-02 06:37:17.978,163.4,784.58,0.0,1
2025-08-02 06:37:18.124,163.4,784.58,0.0,1
2025-08-02 06:37:18.226,163.4,784.58,0.0,1
2025-08-02 06:37:18.369,163.4,784.58,0.0,1
2025-08-02 06:37:18.514,163.4,784.58,0.0,1
2025-08-02 06:37:18.610,163.4,784.58,0.0,1
2025-08-02 06:37:18.753,163.4,784.58,0.0,1
2025-08-02 06:37:18.905,163.4,784.58,0.0,1
2025-08-02 06:37:18.982,163.4,784.58,0.0,1
2025-08-02 06:37:19.079,163.4,784.58,0.0,1
2025-08-02 06:37:19.225,163.4,784.58,0.0,1
2025-08-02 06:37:19.395,163.4,784.58,0.0,1
2025-08-02 06:37:19.541,163.4,784.58,0.0,1
2025-08-02 06:37:19.684,163.4,784.58,0.0,1
2025-08-02 06:37:19.775,163.4,784.58,0.0,1
2025-08-02 06:37:19.934,163.4,784.58,0.0,1
2025-08-02 06:37:20.068,163.4,784.58,0.0,1
2025-08-02 06:37:20.164,163.4,784.58,0.0,1
2025-08-02 06:37:20.311,163.4,784.58,0.0,1
2025-08-02 06:37:20.410,163.4,784.4,0.0,1
2025-08-02 06:37:20.560,163.4,784.4,0.0,1
2025-08-02 06:37:20.707,163.4,784.4,0.0,1
2025-08-02 06:37:20.849,163.4,784.4,0.0,1
2025-08-02 06:37:20.958,165.2,784.4,0.0,1
2025-08-02 06:37:21.115,165.2,784.4,0.0,1
2025-08-02 06:37:21.270,165.2,784.4,0.0,1
2025-08-02 06:37:21.421,165.2,784.4,0.0,1
2025-08-02 06:37:21.592,165.2,784.4,0.0,1
2025-08-02 06:37:21.720,165.2,784.4,0.0,1
2025-08-02 06:37:21.936,165.2,784.4,0.0,1
2025-08-02 06:37:22.156,165.2,784.4,0.0,1
2025-08-02 06:37:22.313,165.2,784.4,0.0,1
2025-08-02 06:37:22.450,165.2,784.4,0.0,1
2025-08-02 06:37:22.550,165.2,784.4,0.0,1
2025-08-02 06:37:22.668,165.2,784.4,0.0,1
2025-08-02 06:37:22.793,165.2,784.4,0.0,1
2025-08-02 06:37:22.919,165.2,784.4,0.0,1
2025-08-02 06:37:23.015,165.2,784.4,0.0,1
2025-08-02 06:37:23.167,165.2,784.4,0.0,1
2025-08-02 06:37:23.350,165.2,784.4,0.0,1
2025-08-02 06:37:23.505,165.2,784.4,0.0,1
2025-08-02 06:37:23.661,165.2,784.4,0.0,1
2025-08-02 06:37:23.830,165.2,784.4,0.0,1
2025-08-02 06:37:23.979,165.2,784.4,0.0,1
2025-08-02 06:37:24.130,165.2,784.4,0.0,1
2025-08-02 06:37:24.308,165.2,784.4,0.0,1
2025-08-02 06:37:24.464,165.2,784.4,0.0,1
2025-08-02 06:37:24.615,165.2,784.4,0.0,1
2025-08-02 06:37:24.792,165.2,784.4,0.0,1
2025-08-02 06:37:24.931,165.2,784.58,0.0,1
2025-08-02 06:37:25.080,165.2,784.58,0.0,1
2025-08-02 06:37:25.185,165.2,784.58,0.0,1
2025-08-02 06:37:25.335,165.2,784.58,0.0,1
2025-08-02 06:37:25.484,165.2,784.58,0.0,1
2025-08-02 06:37:25.659,165.2,784.58,0.0,1
2025-08-02 06:37:25.813,165.2,784.4,0.0,1
2025-08-02 06:37:25.966,165.2,784.4,0.0,1
2025-08-02 06:37:26.141,165.2,784.4,0.0,1
2025-08-02 06:37:26.283,165.2,784.4,0.0,1
2025-08-02 06:37:26.434,165.2,784.4,0.0,1
2025-08-02 06:37:26.571,165.2,784.4,0.0,1
2025-08-02 06:37:26.782,165.2,784.4,0.0,1
2025-08-02 06:37:26.909,165.2,784.4,0.0,1
2025-08-02 06:37:27.115,165.2,784.4,0.0,1
2025-08-02 06:37:27.243,165.2,784.4,0.0,1
2025-08-02 06:37:27.398,165.2,784.4,0.0,1
2025-08-02 06:37:27.470,165.2,784.4,0.0,1
2025-08-02 06:37:27.564,165.2,784.4,0.0,1
2025-08-02 06:37:27.737,165.2,784.4,0.0,1
2025-08-02 06:37:27.860,165.2,784.4,0.0,1
2025-08-02 06:37:27.926,165.2,784.4,0.0,1
2025-08-02 06:37:28.026,165.2,784.4,0.0,1
2025-08-02 06:37:28.120,165.2,784.4,0.0,1
2025-08-02 06:37:28.258,165.2,784.4,0.0,1
2025-08-02 06:37:28.405,165.2,784.4,0.0,1
2025-08-02 06:37:28.509,165.2,784.4,0.0,1
2025-08-02 06:37:28.654,165.2,784.4,0.0,1
2025-08-02 06:37:28.750,165.2,784.4,0.0,1
2025-08-02 06:37:28.904,165.2,784.4,0.0,1
2025-08-02 06:37:29.112,165.2,784.4,0.0,1
2025-08-02 06:37:29.237,165.2,784.4,0.0,1
2025-08-02 06:37:29.385,165.2,784.4,0.0,1
2025-08-02 06:37:29.535,165.2,784.4,0.0,1
2025-08-02 06:37:29.687,165.2,784.4,0.0,1
2025-08-02 06:37:29.862,165.2,784.4,0.0,1
2025-08-02 06:37:30.009,165.2,784.4,0.0,1
2025-08-02 06:37:30.152,165.2,784.4,0.0,1
2025-08-02 06:37:30.248,165.2,784.4,0.0,1
2025-08-02 06:37:30.396,165.2,784.4,0.0,1
2025-08-02 06:37:30.546,165.2,784.4,0.0,1
2025-08-02 06:37:30.622,165.2,784.4,0.0,1
2025-08-02 06:37:30.722,165.2,784.4,0.0,1
2025-08-02 06:37:30.867,165.2,784.4,0.0,1
2025-08-02 06:37:31.015,165.2,784.4,0.0,1
2025-08-02 06:37:31.114,165.2,784.4,0.0,1
2025-08-02 06:37:31.267,165.2,784.4,0.0,1
2025-08-02 06:37:31.416,165.2,784.4,0.0,1
2025-08-02 06:37:31.493,165.2,784.4,0.0,1
2025-08-02 06:37:31.579,165.2,784.4,0.0,1
2025-08-02 06:37:31.782,165.2,784.4,0.0,1
2025-08-02 06:37:31.985,165.2,784.4,0.0,1
2025-08-02 06:37:32.145,165.2,784.4,0.0,1
2025-08-02 06:37:32.320,165.2,784.4,0.0,1
2025-08-02 06:37:32.470,165.2,784.4,0.0,1
2025-08-02 06:37:32.626,165.2,784.4,0.0,1
2025-08-02 06:37:32.794,165.2,784.4,0.0,1
2025-08-02 06:37:32.951,165.2,784.4,0.0,1
2025-08-02 06:37:33.099,165.2,784.4,0.0,1
2025-08-02 06:37:33.336,165.2,784.4,0.0,1
2025-08-02 06:37:33.414,165.2,784.4,0.0,1
2025-08-02 06:37:33.507,165.2,784.4,0.0,1
2025-08-02 06:37:33.582,165.2,784.4,0.0,1
2025-08-02 06:37:33.731,165.2,784.4,0.0,1
2025-08-02 06:37:33.909,165.2,784.4,0.0,1
2025-08-02 06:37:34.075,165.2,784.4,0.0,1
2025-08-02 06:37:34.204,165.2,784.4,0.0,1
2025-08-02 06:37:34.357,165.2,784.4,0.0,1
2025-08-02 06:37:34.534,165.2,784.4,0.0,1
2025-08-02 06:37:34.688,165.2,784.4,0.0,1
2025-08-02 06:37:34.846,165.2,784.4,0.0,1
2025-08-02 06:37:35.028,165.2,784.4,0.0,1
2025-08-02 06:37:35.155,165.2,784.4,0.0,1
2025-08-02 06:37:35.249,165.2,784.4,0.0,1
2025-08-02 06:37:35.389,165.2,784.4,0.0,1
2025-08-02 06:37:35.480,165.2,784.4,0.0,1
2025-08-02 06:37:35.546,165.2,784.4,0.0,1
2025-08-02 06:37:35.724,165.2,784.4,0.0,1
2025-08-02 06:37:35.852,165.2,784.4,0.0,1
2025-08-02 06:37:35.934,165.2,784.4,0.0,1
2025-08-02 06:37:36.003,165.2,784.4,0.0,1
2025-08-02 06:37:36.091,165.2,784.4,0.0,1
2025-08-02 06:37:36.183,165.2,784.4,0.0,1
2025-08-02 06:37:36.330,165.2,784.4,0.0,1
2025-08-02 06:37:36.484,165.2,784.4,0.0,1
2025-08-02 06:37:36.693,165.2,784.4,0.0,1
2025-08-02 06:37:36.963,165.2,784.4,0.0,1
2025-08-02 06:37:37.150,165.2,784.4,0.0,1
2025-08-02 06:37:37.307,165.2,784.4,0.0,1
2025-08-02 06:37:37.464,165.2,784.4,0.0,1
2025-08-02 06:37:37.643,165.2,784.4,0.0,1
2025-08-02 06:37:37.765,165.2,784.4,0.0,1
2025-08-02 06:37:37.834,165.2,784.4,0.0,1
2025-08-02 06:37:37.934,165.2,784.4,0.0,1
2025-08-02 06:37:38.084,165.2,784.4,0.0,1
2025-08-02 06:37:38.232,165.2,784.4,0.0,1
2025-08-02 06:37:38.413,165.2,784.4,0.0,1
2025-08-02 06:37:38.566,165.2,784.4,0.0,1
2025-08-02 06:37:38.717,165.2,784.4,0.0,1
2025-08-02 06:37:38.900,165.2,784.4,0.0,1
2025-08-02 06:37:39.028,165.2,784.4,0.0,1
2025-08-02 06:37:39.111,165.2,784.4,0.0,1
2025-08-02 06:37:39.257,165.2,784.4,0.0,1
2025-08-02 06:37:39.437,165.2,784.4,0.0,1
2025-08-02 06:37:39.570,165.2,784.4,0.0,1
2025-08-02 06:37:39.662,165.2,784.4,0.0,1
2025-08-02 06:37:39.752,165.2,784.4,0.0,1
2025-08-02 06:37:39.843,165.2,784.4,0.0,1
2025-08-02 06:37:39.996,165.2,784.4,0.0,1
2025-08-02 06:37:40.071,165.2,784.4,0.0,1
2025-08-02 06:37:40.168,165.2,784.4,0.0,1
2025-08-02 06:37:40.321,165.2,784.4,0.0,1
2025-08-02 06:37:40.467,165.2,784.4,0.0,1
2025-08-02 06:37:40.566,165.2,784.4,0.0,1
2025-08-02 06:37:40.716,165.2,784.4,0.0,1
2025-08-02 06:37:40.785,165.2,784.4,0.0,1
2025-08-02 06:37:40.908,165.2,784.4,0.0,1
2025-08-02 06:37:41.058,165.2,784.4,0.0,1
2025-08-02 06:37:41.240,165.2,784.4,0.0,1
2025-08-02 06:37:41.370,165.2,784.4,0.0,1
2025-08-02 06:37:41.464,165.2,784.4,0.0,1
2025-08-02 06:37:41.651,165.2,784.4,0.0,1
2025-08-02 06:37:41.852,165.2,784.4,0.0,1
2025-08-02 06:37:42.061,165.2,784.4,0.0,1
2025-08-02 06:37:42.244,165.2,784.4,0.0,1
2025-08-02 06:37:42.321,165.2,784.4,0.0,1
2025-08-02 06:37:42.389,165.2,784.4,0.0,1
2025-08-02 06:37:42.480,165.2,784.4,0.0,1
2025-08-02 06:37:42.570,165.2,784.4,0.0,1
2025-08-02 06:37:42.666,165.2,784.4,0.0,1
2025-08-02 06:37:42.812,165.2,784.4,0.0,1
2025-08-02 06:37:42.981,165.2,784.4,0.0,1
2025-08-02 06:37:43.108,165.2,784.4,0.0,1
2025-08-02 06:37:43.204,165.2,784.4,0.0,1
2025-08-02 06:37:43.352,167.0,784.4,0.0,1
2025-08-02 06:37:43.432,167.0,784.4,0.0,1
2025-08-02 06:37:43.503,167.0,784.4,0.0,1
2025-08-02 06:37:43.603,167.0,784.4,0.0,1
2025-08-02 06:37:43.748,167.0,784.4,0.0,1
2025-08-02 06:37:43.908,167.0,784.4,0.0,1
2025-08-02 06:37:44.089,167.0,784.4,0.0,1
2025-08-02 06:37:44.227,167.0,784.4,0.0,1
2025-08-02 06:37:44.377,167.0,784.4,0.0,1
2025-08-02 06:37:44.453,167.0,784.4,0.0,1
2025-08-02 06:37:44.554,167.0,784.4,0.0,1
2025-08-02 06:37:44.710,167.0,784.4,0.0,1
2025-08-02 06:37:44.861,167.0,784.4,0.0,1
2025-08-02 06:37:45.040,167.0,784.4,0.0,1
2025-08-02 06:37:45.194,167.0,784.4,0.0,1
2025-08-02 06:37:45.344,167.0,784.4,0.0,1
2025-08-02 06:37:45.515,167.0,784.4,0.0,1
2025-08-02 06:37:45.666,167.0,784.4,0.0,1
2025-08-02 06:37:45.813,167.0,784.4,0.0,1
2025-08-02 06:37:45.909,167.0,784.4,0.0,1
2025-08-02 06:37:46.059,167.0,784.4,0.0,1
2025-08-02 06:37:46.209,167.0,784.4,0.0,1
2025-08-02 06:37:46.287,167.0,784.4,0.0,1
2025-08-02 06:37:46.383,167.0,784.4,0.0,1
2025-08-02 06:37:46.571,167.0,784.4,0.0,1
2025-08-02 06:37:46.776,167.0,784.4,0.0,1
2025-08-02 06:37:46.986,167.0,784.4,0.0,1
2025-08-02 06:37:47.163,167.0,784.4,0.0,1
2025-08-02 06:37:47.258,167.0,784.4,0.0,1
2025-08-02 06:37:47.408,167.0,784.4,0.0,1
2025-08-02 06:37:47.565,167.0,784.4,0.0,1
2025-08-02 06:37:47.743,167.0,784.4,0.0,1
2025-08-02 06:37:47.895,167.0,784.4,0.0,1
2025-08-02 06:37:48.047,167.0,784.4,0.0,1
2025-08-02 06:37:48.215,167.0,784.4,0.0,1
2025-08-02 06:37:48.370,167.0,784.22,0.0,1
2025-08-02 06:37:48.524,167.0,784.22,0.0,1
2025-08-02 06:37:48.708,167.0,784.22,0.0,1
2025-08-02 06:37:48.858,167.0,784.22,0.0,1
2025-08-02 06:37:48.987,167.0,784.22,0.0,1
2025-08-02 06:37:49.082,167.0,784.22,0.0,1
2025-08-02 06:37:49.172,167.0,784.22,0.0,1
2025-08-02 06:37:49.292,167.0,784.22,0.0,1
2025-08-02 06:37:49.488,167.0,784.22,0.0,1
2025-08-02 06:37:49.638,167.0,784.22,0.0,1
2025-08-02 06:37:49.784,167.0,784.22,0.0,1
2025-08-02 06:37:49.961,167.0,784.22,0.0,1
2025-08-02 06:37:50.122,167.0,784.22,0.0,1
2025-08-02 06:37:50.246,167.0,784.22,0.0,1
2025-08-02 06:37:50.437,167.0,784.22,0.0,1
2025-08-02 06:37:50.601,167.0,784.22,0.0,1
2025-08-02 06:37:50.747,167.0,784.22,0.0,1
2025-08-02 06:37:50.915,167.0,784.22,0.0,1
2025-08-02 06:37:51.055,167.0,784.22,0.0,1
2025-08-02 06:37:51.125,167.0,784.22,0.0,1
2025-08-02 06:37:51.214,167.0,784.22,0.0,1
2025-08-02 06:37:51.359,167.0,784.22,0.0,1
2025-08-02 06:37:51.516,167.0,784.22,0.0,1
2025-08-02 06:37:51.730,167.0,784.22,0.0,1
2025-08-02 06:37:51.943,167.0,784.22,0.0,1
2025-08-02 06:37:52.125,167.0,784.22,0.0,1
2025-08-02 06:37:52.227,167.0,784.22,0.0,1
2025-08-02 06:37:52.321,167.0,784.22,0.0,1
2025-08-02 06:37:52.468,167.0,784.22,0.0,1
2025-08-02 06:37:52.566,167.0,784.22,0.0,1
2025-08-02 06:37:52.710,167.0,784.22,0.0,1
2025-08-02 06:37:52.863,167.0,784.22,0.0,1
2025-08-02 06:37:52.940,167.0,784.22,0.0,1
2025-08-02 06:37:53.043,167.0,784.22,0.0,1
2025-08-02 06:37:53.193,167.0,784.22,0.0,1
2025-08-02 06:37:53.344,167.0,784.22,0.0,1
2025-08-02 06:37:53.416,167.0,784.22,0.0,1
2025-08-02 06:37:53.484,167.0,784.22,0.0,1
2025-08-02 06:37:53.556,167.0,784.22,0.0,1
2025-08-02 06:37:53.646,167.0,784.22,0.0,1
2025-08-02 06:37:53.799,167.0,784.22,0.0,1
2025-08-02 06:37:53.946,167.0,784.22,0.0,1
2025-08-02 06:37:54.023,167.0,784.22,0.0,1
2025-08-02 06:37:54.112,167.0,784.22,0.0,1
2025-08-02 06:37:54.181,167.0,784.22,0.0,1
2025-08-02 06:37:54.278,167.0,784.22,0.0,1
2025-08-02 06:37:54.456,167.0,784.22,0.0,1
2025-08-02 06:37:54.671,167.0,784.22,0.0,1
2025-08-02 06:37:54.762,167.0,784.22,0.0,1
2025-08-02 06:37:54.912,167.0,784.22,0.0,1
2025-08-02 06:37:55.070,167.0,784.22,0.0,1
2025-08-02 06:37:55.224,167.0,784.22,0.0,1
2025-08-02 06:37:55.379,167.0,784.22,0.0,1
2025-08-02 06:37:55.536,167.0,784.22,0.0,1
2025-08-02 06:37:55.638,167.0,784.22,0.0,1
2025-08-02 06:37:55.777,167.0,784.22,0.0,1
2025-08-02 06:37:55.932,167.0,784.22,0.0,1
2025-08-02 06:37:56.110,167.0,784.22,0.0,1
2025-08-02 06:37:56.262,167.0,784.22,0.0,1
2025-08-02 06:37:56.412,167.0,784.22,0.0,1
2025-08-02 06:37:56.576,167.0,784.22,0.0,1
2025-08-02 06:37:56.786,167.0,784.22,0.0,1
2025-08-02 06:37:56.993,167.0,784.22,0.0,1
2025-08-02 06:37:57.121,167.0,784.22,0.0,1
2025-08-02 06:37:57.275,167.0,784.22,0.0,1
2025-08-02 06:37:57.427,167.0,784.22,0.0,1
2025-08-02 06:37:57.503,167.0,784.22,0.0,1
2025-08-02 06:37:57.603,167.0,784.22,0.0,1
2025-08-02 06:37:57.752,167.0,784.22,0.0,1
2025-08-02 06:37:57.845,167.0,784.22,0.0,1
2025-08-02 06:37:57.993,167.0,784.22,0.0,1
2025-08-02 06:37:58.149,167.0,784.22,0.0,1
2025-08-02 06:37:58.248,167.0,784.22,0.0,1
2025-08-02 06:37:58.398,167.0,784.22,0.0,1
2025-08-02 06:37:58.573,167.0,784.22,0.0,1
2025-08-02 06:37:58.722,167.0,784.22,0.0,1
2025-08-02 06:37:58.881,167.0,784.22,0.0,1
2025-08-02 06:37:59.056,167.0,784.22,0.0,1
2025-08-02 06:37:59.206,167.0,784.22,0.0,1
2025-08-02 06:37:59.357,167.0,784.22,0.0,1
2025-08-02 06:37:59.548,167.0,784.22,0.0,1
2025-08-02 06:37:59.678,167.0,784.22,0.0,1
2025-08-02 06:37:59.821,167.0,784.22,0.0,1
2025-08-02 06:37:59.915,167.0,784.22,0.0,1
2025-08-02 06:38:00.063,167.0,784.22,0.0,1
2025-08-02 06:38:00.214,167.0,784.22,0.0,1
2025-08-02 06:38:00.307,167.0,784.22,0.0,1
2025-08-02 06:38:00.451,167.0,784.22,0.0,1
2025-08-02 06:38:00.602,167.0,784.22,0.0,1
2025-08-02 06:38:00.695,167.0,784.22,0.0,1
2025-08-02 06:38:00.846,167.0,784.22,0.0,1
2025-08-02 06:38:00.996,167.0,784.22,0.0,1
2025-08-02 06:38:01.094,167.0,784.22,0.0,1
2025-08-02 06:38:01.238,167.0,784.22,0.0,1
2025-08-02 06:38:01.393,167.0,784.22,0.0,1
2025-08-02 06:38:01.595,167.0,784.22,0.0,1
2025-08-02 06:38:01.862,167.0,784.22,0.0,1
2025-08-02 06:38:02.066,167.0,784.22,0.0,1
2025-08-02 06:38:02.201,167.0,784.22,0.0,1
2025-08-02 06:38:02.357,167.0,784.22,0.0,1
2025-08-02 06:38:02.533,167.0,784.22,0.0,1
2025-08-02 06:38:02.687,167.0,784.22,0.0,1
2025-08-02 06:38:02.816,167.0,784.22,0.0,1
2025-08-02 06:38:02.913,167.0,784.22,0.0,1
2025-08-02 06:38:03.057,167.0,784.22,0.0,1
2025-08-02 06:38:03.156,167.0,784.22,0.0,1
2025-08-02 06:38:03.305,167.0,784.22,0.0,1
2025-08-02 06:38:03.373,167.0,784.22,0.0,1
2025-08-02 06:38:03.484,167.0,784.22,0.0,1
2025-08-02 06:38:03.641,167.0,784.22,0.0,1
2025-08-02 06:38:03.797,167.0,784.22,0.0,1
2025-08-02 06:38:03.950,167.0,784.22,0.0,1
2025-08-02 06:38:04.120,167.0,784.22,0.0,1
2025-08-02 06:38:04.272,167.0,784.22,0.0,1
2025-08-02 06:38:04.435,167.0,784.22,0.0,1
2025-08-02 06:38:04.588,167.0,784.22,0.0,1
2025-08-02 06:38:04.745,167.0,784.22,0.0,1
2025-08-02 06:38:04.899,167.0,784.22,0.0,1
2025-08-02 06:38:05.083,167.0,784.22,0.0,1
2025-08-02 06:38:05.238,167.0,784.22,0.0,1
2025-08-02 06:38:05.367,167.0,784.22,0.0,1
2025-08-02 06:38:05.472,167.0,784.22,0.0,1
2025-08-02 06:38:05.628,167.0,784.22,0.0,1
2025-08-02 06:38:05.756,167.0,784.22,0.0,1
2025-08-02 06:38:05.854,167.0,784.22,0.0,1
2025-08-02 06:38:06.026,167.0,784.22,0.0,1
2025-08-02 06:38:06.185,167.0,784.22,0.0,1
2025-08-02 06:38:06.347,167.0,784.22,0.0,1
2025-08-02 06:38:06.499,167.0,784.22,0.0,1
2025-08-02 06:38:06.654,167.0,784.4,0.0,1
2025-08-02 06:38:06.859,168.8,784.4,0.0,1
2025-08-02 06:38:07.062,168.8,784.4,0.0,1
2025-08-02 06:38:07.215,168.8,784.4,0.0,1
2025-08-02 06:38:07.376,168.8,784.4,0.0,1
2025-08-02 06:38:07.524,168.8,784.4,0.0,1
2025-08-02 06:38:07.596,168.8,784.4,0.0,1
2025-08-02 06:38:07.700,168.8,784.4,0.0,1
2025-08-02 06:38:07.853,168.8,784.4,0.0,1
2025-08-02 06:38:07.981,168.8,784.4,0.0,1
2025-08-02 06:38:08.211,168.8,784.4,0.0,1
2025-08-02 06:38:08.304,168.8,784.4,0.0,1
2025-08-02 06:38:08.478,168.8,784.4,0.0,1
2025-08-02 06:38:08.607,168.8,784.4,0.0,1
2025-08-02 06:38:08.700,168.8,784.4,0.0,1
2025-08-02 06:38:08.799,168.8,784.4,0.0,1
2025-08-02 06:38:08.949,168.8,784.4,0.0,1
2025-08-02 06:38:09.130,168.8,784.4,0.0,1
2025-08-02 06:38:09.288,168.8,784.4,0.0,1
2025-08-02 06:38:09.410,168.8,784.4,0.0,1
2025-08-02 06:38:09.503,168.8,784.4,0.0,1
2025-08-02 06:38:09.570,168.8,784.4,0.0,1
2025-08-02 06:38:09.763,168.8,784.4,0.0,1
2025-08-02 06:38:09.914,168.8,784.4,0.0,1
2025-08-02 06:38:10.068,168.8,784.4,0.0,1
2025-08-02 06:38:10.250,168.8,784.4,0.0,1
2025-08-02 06:38:10.380,168.8,784.4,0.0,1
2025-08-02 06:38:10.532,168.8,784.4,0.0,1
2025-08-02 06:38:10.632,168.8,784.4,0.0,1
2025-08-02 06:38:10.778,168.8,784.4,0.0,1
2025-08-02 06:38:10.931,168.8,784.4,0.0,1
2025-08-02 06:38:11.113,168.8,784.4,0.0,1
2025-08-02 06:38:11.266,168.8,784.4,0.0,1
2025-08-02 06:38:12.425,168.8,784.58,0.0,1
2025-08-02 06:38:12.502,168.8,784.58,0.0,1
2025-08-02 06:38:12.604,168.8,784.58,0.0,1
2025-08-02 06:38:12.758,168.8,784.58,0.0,1
2025-08-02 06:38:12.939,168.8,784.58,0.0,1
2025-08-02 06:38:13.100,168.8,784.58,0.0,1
2025-08-02 06:38:13.230,168.8,784.58,0.0,1
2025-08-02 06:38:13.324,168.8,784.58,0.0,1
2025-08-02 06:38:13.469,168.8,784.58,0.0,1
2025-08-02 06:38:13.568,168.8,784.58,0.0,1
2025-08-02 06:38:13.728,168.8,784.58,0.0,1
2025-08-02 06:38:13.856,168.8,784.58,0.0,1
2025-08-02 06:38:13.949,168.8,784.58,0.0,1
2025-08-02 06:38:14.015,168.8,784.58,0.0,1
2025-08-02 06:38:14.157,168.8,784.58,0.0,1
2025-08-02 06:38:14.260,168.8,784.76,0.0,1
2025-08-02 06:38:14.404,168.8,784.76,0.0,1
2025-08-02 06:38:14.495,168.8,784.76,0.0,1
2025-08-02 06:38:14.645,168.8,784.76,0.0,1
2025-08-02 06:38:14.798,168.8,784.76,0.0,1
2025-08-02 06:38:14.873,168.8,784.76,0.0,1
2025-08-02 06:38:14.976,168.8,784.76,0.0,1
2025-08-02 06:38:15.133,168.8,784.76,0.0,1
2025-08-02 06:38:15.318,168.8,784.76,0.0,1
2025-08-02 06:38:15.447,168.8,784.76,0.0,1
2025-08-02 06:38:15.550,168.8,784.76,0.0,1
2025-08-02 06:38:15.706,168.8,784.76,0.0,1
2025-08-02 06:38:15.876,168.8,784.76,0.0,1
2025-08-02 06:38:16.033,168.8,784.76,0.0,1
2025-08-02 06:38:16.185,168.8,784.76,0.0,1
2025-08-02 06:38:16.365,168.8,784.94,0.0,1
2025-08-02 06:38:16.494,168.8,784.94,0.0,1
2025-08-02 06:38:16.580,168.8,784.94,0.0,1
2025-08-02 06:38:16.788,168.8,784.94,0.0,1
2025-08-02 06:38:16.990,168.8,784.94,0.0,1
2025-08-02 06:38:17.133,168.8,784.94,0.0,1
2025-08-02 06:38:17.284,168.8,784.94,0.0,1
2025-08-02 06:38:17.383,168.8,784.94,0.0,1
2025-08-02 06:38:17.541,168.8,784.94,0.0,1
2025-08-02 06:38:17.668,168.8,784.94,0.0,1
2025-08-02 06:38:17.765,168.8,784.94,0.0,1
2025-08-02 06:38:17.911,168.8,784.94,0.0,1
2025-08-02 06:38:18.009,168.8,784.94,0.0,1
2025-08-02 06:38:18.160,168.8,784.94,0.0,1
2025-08-02 06:38:18.314,168.8,784.94,0.0,1
2025-08-02 06:38:18.503,168.8,784.94,0.0,1
2025-08-02 06:38:18.628,168.8,784.94,0.0,1
2025-08-02 06:38:18.796,168.8,784.94,0.0,1
2025-08-02 06:38:18.943,168.8,785.12,0.0,1
2025-08-02 06:38:19.115,168.8,785.12,0.0,1
2025-08-02 06:38:19.278,168.8,785.12,0.0,1
2025-08-02 06:38:19.407,168.8,785.12,0.0,1
2025-08-02 06:38:19.482,168.8,785.12,0.0,1
2025-08-02 06:38:19.548,168.8,785.12,0.0,1
2025-08-02 06:38:19.671,168.8,785.12,0.0,1
2025-08-02 06:38:19.794,168.8,785.12,0.0,1
2025-08-02 06:38:19.867,168.8,785.12,0.0,1
2025-08-02 06:38:19.943,168.8,785.12,0.0,1
2025-08-02 06:38:20.010,168.8,785.12,0.0,1
2025-08-02 06:38:20.096,168.8,785.12,0.0,1
2025-08-02 06:38:20.167,168.8,785.12,0.0,1
2025-08-02 06:38:20.237,168.8,785.12,0.0,1
2025-08-02 06:38:20.356,168.8,785.12,0.0,1
2025-08-02 06:38:20.508,168.8,785.12,0.0,1
2025-08-02 06:38:20.641,168.8,785.12,0.0,1
2025-08-02 06:38:20.870,168.8,785.12,0.0,1
2025-08-02 06:38:20.940,168.8,785.3,0.0,1
2025-08-02 06:38:21.038,168.8,785.3,0.0,1
2025-08-02 06:38:21.107,168.8,785.3,0.0,1
2025-08-02 06:38:21.176,168.8,785.3,0.0,1
2025-08-02 06:38:21.276,168.8,785.3,0.0,1
2025-08-02 06:38:21.398,168.8,785.3,0.0,1
2025-08-02 06:38:21.472,168.8,785.3,0.0,1
2025-08-02 06:38:21.563,168.8,785.3,0.0,1
2025-08-02 06:38:21.770,168.8,785.3,0.0,1
2025-08-02 06:38:21.977,168.8,785.3,0.0,1
2025-08-02 06:38:22.108,168.8,785.3,0.0,1
2025-08-02 06:38:22.264,168.8,785.3,0.0,1
2025-08-02 06:38:22.419,168.8,785.3,0.0,1
2025-08-02 06:38:22.496,168.8,785.3,0.0,1
2025-08-02 06:38:22.609,168.8,785.3,0.0,1
2025-08-02 06:38:22.762,168.8,785.3,0.0,1
2025-08-02 06:38:22.938,168.8,785.3,0.0,1
2025-08-02 06:38:23.068,168.8,785.3,0.0,1
2025-08-02 06:38:23.219,168.8,785.48,0.0,1
2025-08-02 06:38:23.313,168.8,785.48,0.0,1
2025-08-02 06:38:23.463,168.8,785.48,0.0,1
2025-08-02 06:38:23.613,168.8,785.48,0.0,1
2025-08-02 06:38:23.714,168.8,785.48,0.0,1
2025-08-02 06:38:23.859,168.8,785.48,0.0,1
2025-08-02 06:38:24.024,168.8,785.48,0.0,1
2025-08-02 06:38:24.195,168.8,785.48,0.0,1
2025-08-02 06:38:24.347,168.8,785.48,0.0,1
2025-08-02 06:38:24.497,168.8,785.48,0.0,1
2025-08-02 06:38:24.624,168.8,785.48,0.0,1
2025-08-02 06:38:24.715,168.8,785.48,0.0,1
2025-08-02 06:38:24.789,168.8,785.48,0.0,1
2025-08-02 06:38:24.859,168.8,785.48,0.0,1
2025-08-02 06:38:24.952,168.8,785.48,0.0,1
2025-08-02 06:38:25.106,168.8,785.66,0.0,1
2025-08-02 06:38:25.265,168.8,785.66,0.0,1
2025-08-02 06:38:25.410,168.8,785.66,0.0,1
2025-08-02 06:38:25.508,168.8,785.66,0.0,1
2025-08-02 06:38:25.653,168.8,785.66,0.0,1
2025-08-02 06:38:25.800,168.8,785.66,0.0,1
2025-08-02 06:38:25.952,168.8,785.66,0.0,1
2025-08-02 06:38:26.046,168.8,785.66,0.0,1
2025-08-02 06:38:26.192,168.8,785.66,0.0,1
2025-08-02 06:38:26.345,168.8,785.66,0.0,1
2025-08-02 06:38:26.503,168.8,785.66,0.0,1
2025-08-02 06:38:26.728,168.8,785.66,0.0,1
2025-08-02 06:38:26.928,168.8,785.84,0.0,1
2025-08-02 06:38:27.056,168.8,785.84,0.0,1
2025-08-02 06:38:27.257,168.8,785.84,0.0,1
2025-08-02 06:38:27.379,168.8,785.84,0.0,1
2025-08-02 06:38:27.449,168.8,785.84,0.0,1
2025-08-02 06:38:27.539,168.8,785.84,0.0,1
2025-08-02 06:38:27.605,168.8,785.84,0.0,1
2025-08-02 06:38:27.786,168.8,785.84,0.0,1
2025-08-02 06:38:27.943,168.8,785.84,0.0,1
2025-08-02 06:38:28.121,168.8,785.84,0.0,1
2025-08-02 06:38:28.276,168.8,785.84,0.0,1
2025-08-02 06:38:28.401,168.8,785.84,0.0,1
2025-08-02 06:38:28.496,168.8,785.84,0.0,1
2025-08-02 06:38:28.565,168.8,785.84,0.0,1
2025-08-02 06:38:28.667,168.8,785.84,0.0,1
2025-08-02 06:38:28.794,168.8,786.02,0.0,1
2025-08-02 06:38:28.896,168.8,786.02,0.0,1
2025-08-02 06:38:29.056,168.8,786.02,0.0,1
2025-08-02 06:38:29.187,168.8,786.02,0.0,1
2025-08-02 06:38:29.341,168.8,786.02,0.0,1
2025-08-02 06:38:29.493,168.8,786.02,0.0,1
2025-08-02 06:38:29.589,168.8,786.02,0.0,1
2025-08-02 06:38:29.729,168.8,786.02,0.0,1
2025-08-02 06:38:29.901,168.8,786.02,0.0,1
2025-08-02 06:38:30.078,168.8,786.02,0.0,1
2025-08-02 06:38:30.206,168.8,786.02,0.0,1
2025-08-02 06:38:30.366,168.8,786.02,0.0,1
2025-08-02 06:38:30.516,168.8,786.02,0.0,1
2025-08-02 06:38:30.593,170.6,786.02,0.0,1
2025-08-02 06:38:30.695,170.6,786.02,0.0,1
2025-08-02 06:38:30.849,170.6,786.02,0.0,1
2025-08-02 06:38:31.001,170.6,786.02,0.0,1
2025-08-02 06:38:31.148,170.6,786.02,0.0,1
2025-08-02 06:38:31.326,170.6,786.2,0.0,1
2025-08-02 06:38:31.479,170.6,786.2,0.0,1
2025-08-02 06:38:31.641,170.6,786.2,0.0,1
2025-08-02 06:38:31.779,170.6,786.2,0.0,1
2025-08-02 06:38:31.977,170.6,786.2,0.0,1
2025-08-02 06:38:32.208,170.6,786.2,0.0,1
2025-08-02 06:38:32.339,170.6,786.2,0.0,1
2025-08-02 06:38:32.440,170.6,786.2,0.0,1
2025-08-02 06:38:32.587,170.6,786.2,0.0,1
2025-08-02 06:38:32.664,170.6,786.2,0.0,1
2025-08-02 06:38:32.734,170.6,786.2,0.0,1
2025-08-02 06:38:32.846,170.6,786.2,0.0,1
2025-08-02 06:38:32.975,170.6,786.2,0.0,1
2025-08-02 06:38:33.129,170.6,786.2,0.0,1
2025-08-02 06:38:33.363,170.6,786.2,0.0,1
2025-08-02 06:38:33.511,170.6,786.38,0.0,1
2025-08-02 06:38:33.605,170.6,786.38,0.0,1
2025-08-02 06:38:33.752,170.6,786.38,0.0,1
2025-08-02 06:38:33.902,170.6,786.38,0.0,1
2025-08-02 06:38:34.054,170.6,786.38,0.0,1
2025-08-02 06:38:34.134,170.6,786.38,0.0,1
2025-08-02 06:38:34.311,170.6,786.38,0.0,1
2025-08-02 06:38:34.444,170.6,786.38,0.0,1
2025-08-02 06:38:34.596,170.6,786.38,0.0,1
2025-08-02 06:38:34.781,170.6,786.38,0.0,1
2025-08-02 06:38:34.934,170.6,786.38,0.0,1
2025-08-02 06:38:35.066,170.6,786.38,0.0,1
2025-08-02 06:38:35.167,170.6,786.38,0.0,1
2025-08-02 06:38:35.315,170.6,786.38,0.0,1
2025-08-02 06:38:35.411,170.6,786.38,0.0,1
2025-08-02 06:38:35.503,170.6,786.38,0.0,1
2025-08-02 06:38:35.650,170.6,786.38,0.0,1
2025-08-02 06:38:35.797,170.6,786.38,0.0,1
2025-08-02 06:38:35.865,170.6,786.56,0.0,1
2025-08-02 06:38:35.988,170.6,786.56,0.0,1
2025-08-02 06:38:36.137,170.6,786.56,0.0,1
2025-08-02 06:38:36.287,170.6,786.56,0.0,1
2025-08-02 06:38:36.472,170.6,786.56,0.0,1
2025-08-02 06:38:36.639,170.6,786.56,0.0,1
2025-08-02 06:38:36.840,170.6,786.56,0.0,1
2025-08-02 06:38:37.049,170.6,786.56,0.0,1
2025-08-02 06:38:37.244,170.6,786.56,0.0,1
2025-08-02 06:38:37.420,170.6,786.56,0.0,1
2025-08-02 06:38:37.568,170.6,786.56,0.0,1
2025-08-02 06:38:37.725,170.6,786.56,0.0,1
2025-08-02 06:38:37.899,170.6,786.56,0.0,1
2025-08-02 06:38:38.040,170.6,786.56,0.0,1
2025-08-02 06:38:38.192,170.6,786.56,0.0,1
2025-08-02 06:38:38.270,170.6,786.56,0.0,1
2025-08-02 06:38:38.339,170.6,786.56,0.0,1
2025-08-02 06:38:38.406,170.6,786.56,0.0,1
2025-08-02 06:38:38.549,170.6,786.74,0.0,1
2025-08-02 06:38:38.653,170.6,786.74,0.0,1
2025-08-02 06:38:38.802,170.6,786.74,0.0,1
2025-08-02 06:38:38.958,170.6,786.74,0.0,1
2025-08-02 06:38:39.107,170.6,786.74,0.0,1
2025-08-02 06:38:39.250,170.6,786.74,0.0,1
2025-08-02 06:38:39.404,170.6,786.74,0.0,1
2025-08-02 06:38:39.589,170.6,786.74,0.0,1
2025-08-02 06:38:39.710,170.6,786.74,0.0,1
2025-08-02 06:38:39.779,170.6,786.74,0.0,1
2025-08-02 06:38:39.878,170.6,786.74,0.0,1
2025-08-02 06:38:40.030,170.6,786.74,0.0,1
2025-08-02 06:38:40.211,170.6,786.74,0.0,1
2025-08-02 06:38:40.345,170.6,786.74,0.0,1
2025-08-02 06:38:40.416,170.6,786.74,0.0,1
2025-08-02 06:38:40.486,170.6,786.74,0.0,1
2025-08-02 06:38:40.577,170.6,786.74,0.0,1
2025-08-02 06:38:40.733,170.6,786.74,0.0,1
2025-08-02 06:38:40.882,170.6,786.74,0.0,1
2025-08-02 06:38:41.059,170.6,786.74,0.0,1
2025-08-02 06:38:41.184,170.6,786.74,0.0,1
2025-08-02 06:38:41.280,170.6,786.92,0.0,1
2025-08-02 06:38:41.375,170.6,786.92,0.0,1
2025-08-02 06:38:41.521,170.6,786.92,0.0,1
2025-08-02 06:38:41.735,170.6,786.92,0.0,1
2025-08-02 06:38:42.004,170.6,786.92,0.0,1
2025-08-02 06:38:42.201,170.6,786.92,0.0,1
2025-08-02 06:38:42.326,170.6,786.92,0.0,1
2025-08-02 06:38:42.496,170.6,786.92,0.0,1
2025-08-02 06:38:42.622,170.6,786.92,0.0,1
2025-08-02 06:38:42.719,170.6,786.92,0.0,1
2025-08-02 06:38:42.812,170.6,786.92,0.0,1
2025-08-02 06:38:42.911,170.6,786.92,0.0,1
2025-08-02 06:38:43.058,170.6,786.92,0.0,1
2025-08-02 06:38:43.250,170.6,786.92,0.0,1
2025-08-02 06:38:43.373,170.6,786.92,0.0,1
2025-08-02 06:38:43.476,170.6,786.92,0.0,1
2025-08-02 06:38:43.626,170.6,786.92,0.0,1
2025-08-02 06:38:43.729,170.6,786.92,0.0,1
2025-08-02 06:38:43.880,170.6,787.1,0.0,1
2025-08-02 06:38:44.001,170.6,787.1,0.0,1
2025-08-02 06:38:44.097,170.6,787.1,0.0,1
2025-08-02 06:38:44.164,170.6,787.1,0.0,1
2025-08-02 06:38:44.264,170.6,787.1,0.0,1
2025-08-02 06:38:44.414,170.6,787.1,0.0,1
2025-08-02 06:38:44.564,170.6,787.1,0.0,1
2025-08-02 06:38:44.747,170.6,787.1,0.0,1
2025-08-02 06:38:44.876,170.6,787.1,0.0,1
2025-08-02 06:38:44.974,170.6,787.1,0.0,1
2025-08-02 06:38:45.120,170.6,787.1,0.0,1
2025-08-02 06:38:45.269,170.6,787.1,0.0,1
2025-08-02 06:38:45.366,170.6,787.1,0.0,1
2025-08-02 06:38:45.512,170.6,787.1,0.0,1
2025-08-02 06:38:45.587,170.6,787.1,0.0,1
2025-08-02 06:38:45.673,170.6,787.1,0.0,1
2025-08-02 06:38:45.763,170.6,787.1,0.0,1
2025-08-02 06:38:45.963,170.6,787.1,0.0,1
2025-08-02 06:38:46.064,170.6,787.1,0.0,1
2025-08-02 06:38:46.234,170.6,787.1,0.0,1
2025-08-02 06:38:46.581,170.6,787.1,0.0,1
2025-08-02 06:38:46.783,170.6,787.1,0.0,1
2025-08-02 06:38:46.992,170.6,787.1,0.0,1
2025-08-02 06:38:47.212,170.6,787.28,0.0,1
2025-08-02 06:38:47.343,170.6,787.28,0.0,1
2025-08-02 06:38:47.486,170.6,787.28,0.0,1
2025-08-02 06:38:47.582,170.6,787.28,0.0,1
2025-08-02 06:38:47.680,170.6,787.28,0.0,1
2025-08-02 06:38:47.836,170.6,787.28,0.0,1
2025-08-02 06:38:47.957,170.6,787.28,0.0,1
2025-08-02 06:38:48.056,170.6,787.28,0.0,1
2025-08-02 06:38:48.129,170.6,787.28,0.0,1
2025-08-02 06:38:48.207,170.6,787.28,0.0,1
2025-08-02 06:38:48.274,170.6,787.28,0.0,1
2025-08-02 06:38:48.368,170.6,787.28,0.0,1
2025-08-02 06:38:48.521,170.6,787.28,0.0,1
2025-08-02 06:38:48.669,170.6,787.28,0.0,1
2025-08-02 06:38:48.817,170.6,787.28,0.0,1
2025-08-02 06:38:48.893,170.6,787.28,0.0,1
2025-08-02 06:38:48.995,170.6,787.28,0.0,1
2025-08-02 06:38:49.146,170.6,787.28,0.0,1
2025-08-02 06:38:49.221,170.6,787.28,0.0,1
2025-08-02 06:38:49.289,170.6,787.28,0.0,1
2025-08-02 06:38:49.386,170.6,787.28,0.0,1
2025-08-02 06:38:49.546,170.6,787.28,0.0,1
2025-08-02 06:38:49.730,170.6,787.28,0.0,1
2025-08-02 06:38:49.861,170.6,787.28,0.0,1
2025-08-02 06:38:50.014,170.6,787.46,0.0,1
2025-08-02 06:38:50.084,170.6,787.46,0.0,1
2025-08-02 06:38:50.251,170.6,787.46,0.0,1
2025-08-02 06:38:50.350,170.6,787.46,0.0,1
2025-08-02 06:38:50.498,170.6,787.46,0.0,1
2025-08-02 06:38:50.651,170.6,787.46,0.0,1
2025-08-02 06:38:50.790,170.6,787.46,0.0,1
2025-08-02 06:38:50.867,170.6,787.46,0.0,1
2025-08-02 06:38:50.934,170.6,787.46,0.0,1
2025-08-02 06:38:51.025,170.6,787.46,0.0,1
2025-08-02 06:38:51.191,170.6,787.46,0.0,1
2025-08-02 06:38:51.351,170.6,787.46,0.0,1
2025-08-02 06:38:51.507,170.6,787.46,0.0,1
2025-08-02 06:38:51.719,170.6,787.46,0.0,1
2025-08-02 06:38:52.045,170.6,787.46,0.0,1
2025-08-02 06:38:52.202,170.6,787.46,0.0,1
2025-08-02 06:38:52.362,170.6,787.46,0.0,1
2025-08-02 06:38:52.512,170.6,787.64,0.0,1
2025-08-02 06:38:52.660,170.6,787.64,0.0,1
2025-08-02 06:38:52.835,170.6,787.64,0.0,1
2025-08-02 06:38:52.988,170.6,787.64,0.0,1
2025-08-02 06:38:53.143,170.6,787.64,0.0,1
2025-08-02 06:38:53.327,170.6,787.64,0.0,1
2025-08-02 06:38:53.483,170.6,787.64,0.0,1
2025-08-02 06:38:53.606,170.6,787.64,0.0,1
2025-08-02 06:38:53.708,170.6,787.64,0.0,1
2025-08-02 06:38:53.857,170.6,787.64,0.0,1
2025-08-02 06:38:53.934,170.6,787.64,0.0,1
2025-08-02 06:38:54.003,170.6,787.64,0.0,1
2025-08-02 06:38:54.101,170.6,787.64,0.0,1
2025-08-02 06:38:54.247,170.6,787.64,0.0,1
2025-08-02 06:38:54.406,170.6,787.64,0.0,1
2025-08-02 06:38:54.589,170.6,787.64,0.0,1
2025-08-02 06:38:54.717,170.6,787.64,0.0,1
2025-08-02 06:38:54.819,170.6,787.64,0.0,1
2025-08-02 06:38:54.944,170.6,787.82,0.0,1
2025-08-02 06:38:55.128,170.6,787.82,0.0,1
2025-08-02 06:38:55.260,170.6,787.82,0.0,1
2025-08-02 06:38:55.419,170.6,787.82,0.0,1
2025-08-02 06:38:55.598,172.4,787.82,0.0,1
2025-08-02 06:38:55.750,172.4,787.82,0.0,1
2025-08-02 06:38:55.887,172.4,787.82,0.0,1
2025-08-02 06:38:55.988,172.4,787.82,0.0,1
2025-08-02 06:38:56.144,172.4,787.82,0.0,1
2025-08-02 06:38:56.293,172.4,787.82,0.0,1
2025-08-02 06:38:56.436,172.4,787.82,0.0,1
2025-08-02 06:38:56.506,172.4,787.82,0.0,1
2025-08-02 06:38:56.584,172.4,787.82,0.0,1
2025-08-02 06:38:56.726,172.4,787.82,0.0,1
2025-08-02 06:38:56.932,172.4,787.82,0.0,1
2025-08-02 06:38:57.123,172.4,788.0,0.0,1
2025-08-02 06:38:57.277,172.4,788.0,0.0,1
2025-08-02 06:38:57.458,172.4,788.0,0.0,1
2025-08-02 06:38:57.614,172.4,788.0,0.0,1
2025-08-02 06:38:57.765,172.4,788.0,0.0,1
2025-08-02 06:38:57.937,172.4,788.0,0.0,1
2025-08-02 06:38:58.088,172.4,788.0,0.0,1
2025-08-02 06:38:58.248,172.4,788.0,0.0,1
2025-08-02 06:38:58.425,172.4,788.0,0.0,1
2025-08-02 06:38:58.556,172.4,788.0,0.0,1
2025-08-02 06:38:58.652,172.4,788.0,0.0,1
2025-08-02 06:38:58.864,172.4,788.0,0.0,1
2025-08-02 06:38:58.967,172.4,788.18,0.0,1
2025-08-02 06:38:59.139,172.4,788.18,0.0,1
2025-08-02 06:38:59.287,172.4,788.18,0.0,1
2025-08-02 06:38:59.444,172.4,788.18,0.0,1
2025-08-02 06:38:59.631,172.4,788.18,0.0,1
2025-08-02 06:38:59.751,172.4,788.18,0.0,1
2025-08-02 06:38:59.824,172.4,788.18,0.0,1
2025-08-02 06:38:59.924,172.4,788.18,0.0,1
2025-08-02 06:39:00.073,172.4,788.18,0.0,1
2025-08-02 06:39:00.224,172.4,788.36,0.0,1
2025-08-02 06:39:00.405,172.4,788.36,0.0,1
2025-08-02 06:39:00.537,172.4,788.36,0.0,1
2025-08-02 06:39:00.633,172.4,788.36,0.0,1
2025-08-02 06:39:00.724,172.4,788.36,0.0,1
2025-08-02 06:39:00.873,172.4,788.36,0.0,1
2025-08-02 06:39:01.041,172.4,788.36,0.0,1
2025-08-02 06:39:01.161,172.4,788.36,0.0,1
2025-08-02 06:39:01.256,172.4,788.36,0.0,1
2025-08-02 06:39:01.326,172.4,788.36,0.0,1
2025-08-02 06:39:01.394,172.4,788.36,0.0,1
2025-08-02 06:39:01.492,172.4,788.36,0.0,1
2025-08-02 06:39:01.654,172.4,788.36,0.0,1
2025-08-02 06:39:01.785,172.4,788.36,0.0,1
2025-08-02 06:39:01.990,172.4,788.36,0.0,1
2025-08-02 06:39:02.194,172.4,788.54,0.0,1
2025-08-02 06:39:02.335,172.4,788.54,0.0,1
2025-08-02 06:39:02.404,172.4,788.54,0.0,1
2025-08-02 06:39:02.551,172.4,788.54,0.0,1
2025-08-02 06:39:02.654,172.4,788.54,0.0,1
2025-08-02 06:39:02.801,172.4,788.54,0.0,1
2025-08-02 06:39:02.954,172.4,788.54,0.0,1
2025-08-02 06:39:03.106,172.4,788.54,0.0,1
2025-08-02 06:39:03.282,172.4,788.54,0.0,1
2025-08-02 06:39:03.440,172.4,788.72,0.0,1
2025-08-02 06:39:03.568,172.4,788.72,0.0,1
2025-08-02 06:39:03.720,172.4,788.72,0.0,1
2025-08-02 06:39:03.874,172.4,788.72,0.0,1
2025-08-02 06:39:03.947,172.4,788.72,0.0,1
2025-08-02 06:39:04.106,172.4,788.72,0.0,1
2025-08-02 06:39:04.263,172.4,788.72,0.0,1
2025-08-02 06:39:04.414,172.4,788.72,0.0,1
2025-08-02 06:39:04.491,172.4,788.72,0.0,1
2025-08-02 06:39:04.564,172.4,788.72,0.0,1
2025-08-02 06:39:04.654,172.4,788.72,0.0,1
2025-08-02 06:39:04.802,172.4,788.72,0.0,1
2025-08-02 06:39:04.898,172.4,788.72,0.0,1
2025-08-02 06:39:05.055,172.4,788.9,0.0,1
2025-08-02 06:39:05.204,172.4,788.9,0.0,1
2025-08-02 06:39:05.376,172.4,788.9,0.0,1
2025-08-02 06:39:05.520,172.4,788.9,0.0,1
2025-08-02 06:39:05.676,172.4,788.9,0.0,1
2025-08-02 06:39:05.748,172.4,788.9,0.0,1
2025-08-02 06:39:05.818,172.4,788.9,0.0,1
2025-08-02 06:39:05.886,172.4,788.9,0.0,1
2025-08-02 06:39:05.985,172.4,788.9,0.0,1
2025-08-02 06:39:06.125,172.4,788.9,0.0,1
2025-08-02 06:39:06.278,172.4,788.9,0.0,1
2025-08-02 06:39:06.375,172.4,788.9,0.0,1
2025-08-02 06:39:06.573,172.4,788.9,0.0,1
2025-08-02 06:39:06.768,172.4,788.9,0.0,1
2025-08-02 06:39:06.969,172.4,788.9,0.0,1
2025-08-02 06:39:07.178,172.4,789.08,0.0,1
2025-08-02 06:39:07.332,172.4,789.08,0.0,1
2025-08-02 06:39:07.480,172.4,789.08,0.0,1
2025-08-02 06:39:07.662,172.4,789.08,0.0,1
2025-08-02 06:39:07.815,172.4,789.08,0.0,1
2025-08-02 06:39:07.944,172.4,789.08,0.0,1
2025-08-02 06:39:08.033,172.4,789.08,0.0,1
2025-08-02 06:39:08.102,172.4,789.08,0.0,1
2025-08-02 06:39:08.200,172.4,789.08,0.0,1
2025-08-02 06:39:08.347,172.4,789.08,0.0,1
2025-08-02 06:39:08.506,172.4,789.08,0.0,1
2025-08-02 06:39:08.695,172.4,789.08,0.0,1
2025-08-02 06:39:08.816,172.4,789.08,0.0,1
2025-08-02 06:39:08.888,172.4,789.08,0.0,1
2025-08-02 06:39:08.986,172.4,789.08,0.0,1
2025-08-02 06:39:09.115,172.4,789.26,0.0,1
2025-08-02 06:39:09.209,172.4,789.26,0.0,1
2025-08-02 06:39:09.304,172.4,789.26,0.0,1
2025-08-02 06:39:09.458,172.4,789.26,0.0,1
2025-08-02 06:39:09.559,172.4,789.26,0.0,1
2025-08-02 06:39:09.703,172.4,789.26,0.0,1
2025-08-02 06:39:09.886,172.4,789.26,0.0,1
2025-08-02 06:39:10.022,172.4,789.26,0.0,1
2025-08-02 06:39:10.173,172.4,789.26,0.0,1
2025-08-02 06:39:10.242,172.4,789.26,0.0,1
2025-08-02 06:39:10.342,172.4,789.26,0.0,1
2025-08-02 06:39:10.515,172.4,789.26,0.0,1
2025-08-02 06:39:10.647,172.4,789.26,0.0,1
2025-08-02 06:39:10.797,172.4,789.26,0.0,1
2025-08-02 06:39:10.897,172.4,789.26,0.0,1
2025-08-02 06:39:11.042,172.4,789.26,0.0,1
2025-08-02 06:39:11.292,172.4,789.26,0.0,1
2025-08-02 06:39:11.436,172.4,789.26,0.0,1
2025-08-02 06:39:11.515,172.4,789.26,0.0,1
2025-08-02 06:39:11.858,172.4,789.26,0.0,1
2025-08-02 06:39:12.064,172.4,789.44,0.0,1
2025-08-02 06:39:12.217,172.4,789.44,0.0,1
2025-08-02 06:39:12.366,172.4,789.44,0.0,1
2025-08-02 06:39:12.530,172.4,789.44,0.0,1
2025-08-02 06:39:12.701,172.4,789.44,0.0,1
2025-08-02 06:39:12.851,172.4,789.44,0.0,1
2025-08-02 06:39:13.000,172.4,789.44,0.0,1
2025-08-02 06:39:13.176,172.4,789.44,0.0,1
2025-08-02 06:39:13.327,172.4,789.44,0.0,1
2025-08-02 06:39:13.478,172.4,789.44,0.0,1
2025-08-02 06:39:13.572,172.4,789.44,0.0,1
2025-08-02 06:39:13.718,172.4,789.44,0.0,1
2025-08-02 06:39:13.919,172.4,789.44,0.0,1
2025-08-02 06:39:14.044,172.4,789.44,0.0,1
2025-08-02 06:39:14.193,172.4,789.44,0.0,1
2025-08-02 06:39:14.288,172.4,789.44,0.0,1
2025-08-02 06:39:14.436,172.4,789.44,0.0,1
2025-08-02 06:39:14.597,172.4,789.44,0.0,1
2025-08-02 06:39:14.722,172.4,789.62,0.0,1
2025-08-02 06:39:14.820,172.4,789.62,0.0,1
2025-08-02 06:39:14.965,172.4,789.62,0.0,1
2025-08-02 06:39:15.109,172.4,789.62,0.0,1
2025-08-02 06:39:15.187,172.4,789.62,0.0,1
2025-08-02 06:39:15.259,172.4,789.62,0.0,1
2025-08-02 06:39:15.381,172.4,789.62,0.0,1
2025-08-02 06:39:15.508,172.4,789.62,0.0,1
2025-08-02 06:39:15.656,172.4,789.62,0.0,1
2025-08-02 06:39:15.757,172.4,789.62,0.0,1
2025-08-02 06:39:15.903,172.4,789.62,0.0,1
2025-08-02 06:39:15.976,172.4,789.62,0.0,1
2025-08-02 06:39:16.053,172.4,789.62,0.0,1
2025-08-02 06:39:16.143,172.4,789.62,0.0,1
2025-08-02 06:39:16.289,172.4,789.62,0.0,1
2025-08-02 06:39:16.452,172.4,789.62,0.0,1
2025-08-02 06:39:16.641,172.4,789.62,0.0,1
2025-08-02 06:39:16.846,172.4,789.62,0.0,1
2025-08-02 06:39:17.050,172.4,789.62,0.0,1
2025-08-02 06:39:17.167,172.4,789.62,0.0,1
2025-08-02 06:39:17.318,172.4,789.62,0.0,1
2025-08-02 06:39:17.497,172.4,789.62,0.0,1
2025-08-02 06:39:17.655,172.4,789.62,0.0,1
2025-08-02 06:39:17.787,172.4,789.62,0.0,1
2025-08-02 06:39:17.882,172.4,789.62,0.0,1
2025-08-02 06:39:17.973,172.4,789.62,0.0,1
2025-08-02 06:39:18.133,172.4,789.8,0.0,1
2025-08-02 06:39:18.309,172.4,789.8,0.0,1
2025-08-02 06:39:18.451,172.4,789.8,0.0,1
2025-08-02 06:39:18.607,172.4,789.8,0.0,1
2025-08-02 06:39:18.768,172.4,789.8,0.0,1
2025-08-02 06:39:18.929,172.4,789.8,0.0,1
2025-08-02 06:39:19.082,172.4,789.8,0.0,1
2025-08-02 06:39:19.230,172.4,789.8,0.0,1
2025-08-02 06:39:19.324,172.4,789.8,0.0,1
2025-08-02 06:39:19.470,172.4,789.8,0.0,1
2025-08-02 06:39:19.570,172.4,789.8,0.0,1
2025-08-02 06:39:19.724,172.4,789.8,0.0,1
2025-08-02 06:39:19.878,172.4,789.8,0.0,1
2025-08-02 06:39:19.996,172.4,789.8,0.0,1
2025-08-02 06:39:20.118,172.4,789.8,0.0,1
2025-08-02 06:39:20.259,172.4,789.8,0.0,1
2025-08-02 06:39:20.436,172.4,789.8,0.0,1
2025-08-02 06:39:20.595,172.4,789.8,0.0,1
2025-08-02 06:39:20.720,172.4,789.8,0.0,1
2025-08-02 06:39:20.834,172.4,789.8,0.0,1
2025-08-02 06:39:20.984,172.4,789.8,0.0,1
2025-08-02 06:39:21.166,172.4,789.8,0.0,1
2025-08-02 06:39:21.290,174.2,789.8,0.0,1
2025-08-02 06:39:21.360,174.2,789.8,0.0,1
2025-08-02 06:39:21.452,174.2,789.8,0.0,1
2025-08-02 06:39:21.653,172.4,789.8,0.0,1
2025-08-02 06:39:21.856,172.4,789.8,0.0,1
2025-08-02 06:39:21.995,172.4,789.98,0.0,1
2025-08-02 06:39:22.172,174.2,789.98,0.0,1
2025-08-02 06:39:22.326,174.2,789.98,0.0,1
2025-08-02 06:39:22.485,174.2,789.98,0.0,1
2025-08-02 06:39:22.661,172.4,789.98,0.0,1
2025-08-02 06:39:22.794,172.4,789.98,0.0,1
2025-08-02 06:39:22.865,172.4,789.98,0.0,1
2025-08-02 06:39:22.963,174.2,789.98,0.0,1
2025-08-02 06:39:23.119,174.2,789.98,0.0,1
2025-08-02 06:39:23.238,174.2,789.98,0.0,1
2025-08-02 06:39:23.331,174.2,789.98,0.0,1
2025-08-02 06:39:23.502,174.2,789.98,0.0,1
2025-08-02 06:39:23.650,174.2,789.98,0.0,1
2025-08-02 06:39:23.800,174.2,789.98,0.0,1
2025-08-02 06:39:23.987,174.2,789.98,0.0,1
2025-08-02 06:39:24.120,174.2,789.98,0.0,1
2025-08-02 06:39:24.355,174.2,789.98,0.0,1
2025-08-02 06:39:24.541,174.2,789.98,0.0,1
2025-08-02 06:39:24.689,174.2,789.98,0.0,1
2025-08-02 06:39:24.842,174.2,789.98,0.0,1
2025-08-02 06:39:25.091,174.2,789.98,0.0,1
2025-08-02 06:39:25.244,174.2,789.98,0.0,1
2025-08-02 06:39:25.406,174.2,789.98,0.0,1
2025-08-02 06:39:25.555,174.2,789.98,0.0,1
2025-08-02 06:39:25.657,174.2,789.98,0.0,1
2025-08-02 06:39:25.808,174.2,789.98,0.0,1
2025-08-02 06:39:25.959,174.2,789.98,0.0,1
2025-08-02 06:39:26.137,174.2,789.98,0.0,1
2025-08-02 06:39:26.286,174.2,789.98,0.0,1
2025-08-02 06:39:26.432,174.2,789.98,0.0,1
2025-08-02 06:39:26.505,174.2,789.98,0.0,1
2025-08-02 06:39:26.716,174.2,789.98,0.0,1
2025-08-02 06:39:26.920,174.2,789.98,0.0,1
2025-08-02 06:39:27.052,174.2,789.98,0.0,1
2025-08-02 06:39:27.227,174.2,790.16,0.0,1
2025-08-02 06:39:27.414,174.2,790.16,0.0,1
2025-08-02 06:39:27.542,174.2,790.16,0.0,1
2025-08-02 06:39:27.699,174.2,790.16,0.0,1
2025-08-02 06:39:27.887,174.2,790.16,0.0,1
2025-08-02 06:39:28.013,174.2,790.16,0.0,1
2025-08-02 06:39:28.087,174.2,790.16,0.0,1
2025-08-02 06:39:28.177,174.2,790.16,0.0,1
2025-08-02 06:39:28.325,174.2,790.16,0.0,1
2025-08-02 06:39:28.481,174.2,790.16,0.0,1
2025-08-02 06:39:28.661,174.2,790.16,0.0,1
2025-08-02 06:39:28.812,174.2,790.16,0.0,1
2025-08-02 06:39:28.962,174.2,790.16,0.0,1
2025-08-02 06:39:29.137,174.2,790.16,0.0,1
2025-08-02 06:39:29.271,174.2,790.16,0.0,1
2025-08-02 06:39:29.346,174.2,790.16,0.0,1
2025-08-02 06:39:29.446,174.2,790.16,0.0,1
2025-08-02 06:39:29.592,174.2,790.16,0.0,1
2025-08-02 06:39:29.741,174.2,790.16,0.0,1
2025-08-02 06:39:29.921,174.2,790.16,0.0,1
2025-08-02 06:39:30.069,174.2,790.16,0.0,1
2025-08-02 06:39:30.216,174.2,790.16,0.0,1
2025-08-02 06:39:30.288,174.2,790.16,0.0,1
2025-08-02 06:39:30.354,174.2,790.16,0.0,1
2025-08-02 06:39:30.454,174.2,790.34,0.0,1
2025-08-02 06:39:30.551,174.2,790.34,0.0,1
2025-08-02 06:39:30.699,174.2,790.34,0.0,1
2025-08-02 06:39:30.848,174.2,790.34,0.0,1
2025-08-02 06:39:31.004,174.2,790.34,0.0,1
2025-08-02 06:39:31.187,174.2,790.34,0.0,1
2025-08-02 06:39:31.308,174.2,790.34,0.0,1
2025-08-02 06:39:31.400,174.2,790.34,0.0,1
2025-08-02 06:39:31.570,174.2,790.34,0.0,1
2025-08-02 06:39:31.704,174.2,790.34,0.0,1
2025-08-02 06:39:31.913,174.2,790.34,0.0,1
2025-08-02 06:39:32.046,174.2,790.34,0.0,1
2025-08-02 06:39:32.195,174.2,790.34,0.0,1
2025-08-02 06:39:32.295,174.2,790.34,0.0,1
2025-08-02 06:39:32.444,174.2,790.34,0.0,1
2025-08-02 06:39:32.597,174.2,790.34,0.0,1
2025-08-02 06:39:32.746,174.2,790.34,0.0,1
2025-08-02 06:39:32.919,174.2,790.34,0.0,1
2025-08-02 06:39:33.057,174.2,790.34,0.0,1
2025-08-02 06:39:33.128,174.2,790.34,0.0,1
2025-08-02 06:39:33.283,174.2,790.34,0.0,1
2025-08-02 06:39:33.461,174.2,790.52,0.0,1
2025-08-02 06:39:33.616,174.2,790.52,0.0,1
2025-08-02 06:39:33.764,174.2,790.52,0.0,1
2025-08-02 06:39:33.941,174.2,790.52,0.0,1
2025-08-02 06:39:34.098,174.2,790.52,0.0,1
2025-08-02 06:39:34.230,174.2,790.52,0.0,1
2025-08-02 06:39:34.308,174.2,790.52,0.0,1
2025-08-02 06:39:34.377,174.2,790.52,0.0,1
2025-08-02 06:39:34.522,174.2,790.52,0.0,1
2025-08-02 06:39:34.626,174.2,790.52,0.0,1
2025-08-02 06:39:34.772,174.2,790.52,0.0,1
2025-08-02 06:39:34.925,174.2,790.52,0.0,1
2025-08-02 06:39:35.075,174.2,790.52,0.0,1
2025-08-02 06:39:35.175,174.2,790.52,0.0,1
2025-08-02 06:39:35.323,174.2,790.52,0.0,1
2025-08-02 06:39:35.474,174.2,790.7,0.0,1
2025-08-02 06:39:35.644,174.2,790.7,0.0,1
2025-08-02 06:39:35.796,174.2,790.7,0.0,1
2025-08-02 06:39:35.946,174.2,790.7,0.0,1
2025-08-02 06:39:36.104,174.2,790.7,0.0,1
2025-08-02 06:39:36.282,174.2,790.7,0.0,1
2025-08-02 06:39:36.441,174.2,790.7,0.0,1
2025-08-02 06:39:36.584,174.2,790.7,0.0,1
2025-08-02 06:39:36.728,174.2,790.7,0.0,1
2025-08-02 06:39:36.926,174.2,790.7,0.0,1
2025-08-02 06:39:37.122,174.2,790.7,0.0,1
2025-08-02 06:39:37.300,174.2,790.7,0.0,1
2025-08-02 06:39:37.451,174.2,790.7,0.0,1
2025-08-02 06:39:37.696,174.2,790.7,0.0,1
2025-08-02 06:39:37.848,174.2,790.7,0.0,1
2025-08-02 06:39:38.028,174.2,790.7,0.0,1
2025-08-02 06:39:38.150,174.2,790.7,0.0,1
2025-08-02 06:39:38.224,174.2,790.7,0.0,1
2025-08-02 06:39:38.376,174.2,790.88,0.0,1
2025-08-02 06:39:38.452,174.2,790.88,0.0,1
2025-08-02 06:39:38.550,174.2,790.88,0.0,1
2025-08-02 06:39:38.705,174.2,790.88,0.0,1
2025-08-02 06:39:38.854,174.2,790.88,0.0,1
2025-08-02 06:39:38.923,174.2,790.88,0.0,1
2025-08-02 06:39:39.097,174.2,790.88,0.0,1
2025-08-02 06:39:39.257,174.2,790.88,0.0,1
2025-08-02 06:39:39.390,174.2,790.88,0.0,1
2025-08-02 06:39:39.464,174.2,790.88,0.0,1
2025-08-02 06:39:39.533,174.2,790.88,0.0,1
2025-08-02 06:39:39.607,174.2,790.88,0.0,1
2025-08-02 06:39:39.675,174.2,790.88,0.0,1
2025-08-02 06:39:39.774,174.2,790.88,0.0,1
2025-08-02 06:39:39.953,174.2,790.88,0.0,1
2025-08-02 06:39:40.081,174.2,790.88,0.0,1
2025-08-02 06:39:40.235,174.2,790.88,0.0,1
2025-08-02 06:39:40.315,174.2,790.88,0.0,1
2025-08-02 06:39:40.383,174.2,791.06,0.0,1
2025-08-02 06:39:40.487,174.2,791.06,0.0,1
2025-08-02 06:39:40.609,174.2,791.06,0.0,1
2025-08-02 06:39:40.691,174.2,791.06,0.0,1
2025-08-02 06:39:40.864,174.2,791.06,0.0,1
2025-08-02 06:39:41.013,174.2,791.06,0.0,1
2025-08-02 06:39:41.168,174.2,791.06,0.0,1
2025-08-02 06:39:41.317,174.2,791.06,0.0,1
2025-08-02 06:39:41.396,174.2,791.06,0.0,1
2025-08-02 06:39:41.466,174.2,791.06,0.0,1
2025-08-02 06:39:41.576,174.2,791.06,0.0,1
2025-08-02 06:39:41.781,174.2,791.06,0.0,1
2025-08-02 06:39:41.992,174.2,791.06,0.0,1
2025-08-02 06:39:42.174,174.2,791.06,0.0,1
2025-08-02 06:39:42.328,174.2,791.06,0.0,1
2025-08-02 06:39:42.428,174.2,791.06,0.0,1
2025-08-02 06:39:42.574,174.2,791.06,0.0,1
2025-08-02 06:39:42.728,174.2,791.06,0.0,1
2025-08-02 06:39:42.876,174.2,791.06,0.0,1
2025-08-02 06:39:42.948,174.2,791.06,0.0,1
2025-08-02 06:39:43.068,174.2,791.06,0.0,1
2025-08-02 06:39:43.187,174.2,791.06,0.0,1
2025-08-02 06:39:43.248,176.0,791.06,0.0,1
2025-08-02 06:39:43.342,176.0,791.06,0.0,1
2025-08-02 06:39:43.517,176.0,791.24,0.0,1
2025-08-02 06:39:43.638,176.0,791.24,0.0,1
2025-08-02 06:39:43.737,176.0,791.24,0.0,1
2025-08-02 06:39:43.886,176.0,791.24,0.0,1
2025-08-02 06:39:44.037,176.0,791.24,0.0,1
2025-08-02 06:39:44.131,176.0,791.24,0.0,1
2025-08-02 06:39:44.252,176.0,791.24,0.0,1
2025-08-02 06:39:44.411,176.0,791.24,0.0,1
2025-08-02 06:39:44.581,176.0,791.24,0.0,1
2025-08-02 06:39:44.745,176.0,791.24,0.0,1
2025-08-02 06:39:44.899,176.0,791.24,0.0,1
2025-08-02 06:39:45.024,176.0,791.24,0.0,1
2025-08-02 06:39:45.120,176.0,791.24,0.0,1
2025-08-02 06:39:45.211,176.0,791.24,0.0,1
2025-08-02 06:39:45.432,176.0,791.24,0.0,1
2025-08-02 06:39:45.587,176.0,791.24,0.0,1
2025-08-02 06:39:45.712,176.0,791.24,0.0,1
2025-08-02 06:39:45.804,176.0,791.24,0.0,1
2025-08-02 06:39:45.974,176.0,791.24,0.0,1
2025-08-02 06:39:46.121,176.0,791.24,0.0,1
2025-08-02 06:39:46.273,176.0,791.42,0.0,1
2025-08-02 06:39:46.429,176.0,791.42,0.0,1
2025-08-02 06:39:46.641,176.0,791.42,0.0,1
2025-08-02 06:39:46.843,176.0,791.42,0.0,1
2025-08-02 06:39:46.985,176.0,791.42,0.0,1
2025-08-02 06:39:47.145,176.0,791.42,0.0,1
2025-08-02 06:39:47.272,176.0,791.42,0.0,1
2025-08-02 06:39:47.346,176.0,791.42,0.0,1
2025-08-02 06:39:47.446,176.0,791.42,0.0,1
2025-08-02 06:39:47.593,176.0,791.42,0.0,1
2025-08-02 06:39:47.742,176.0,791.42,0.0,1
2025-08-02 06:39:47.917,176.0,791.42,0.0,1
2025-08-02 06:39:48.072,176.0,791.42,0.0,1
2025-08-02 06:39:48.224,176.0,791.42,0.0,1
2025-08-02 06:39:48.401,176.0,791.42,0.0,1
2025-08-02 06:39:48.548,176.0,791.42,0.0,1
2025-08-02 06:39:48.699,176.0,791.42,0.0,1
2025-08-02 06:39:48.880,176.0,791.42,0.0,1
2025-08-02 06:39:49.030,176.0,791.6,0.0,1
2025-08-02 06:39:49.180,176.0,791.6,0.0,1
2025-08-02 06:39:49.365,176.0,791.6,0.0,1
2025-08-02 06:39:49.498,176.0,791.6,0.0,1
2025-08-02 06:39:49.596,176.0,791.6,0.0,1
2025-08-02 06:39:49.753,176.0,791.6,0.0,1
2025-08-02 06:39:49.898,176.0,791.6,0.0,1
2025-08-02 06:39:49.972,176.0,791.6,0.0,1
2025-08-02 06:39:50.205,176.0,791.6,0.0,1
2025-08-02 06:39:50.274,176.0,791.6,0.0,1
2025-08-02 06:39:50.350,176.0,791.6,0.0,1
2025-08-02 06:39:50.441,176.0,791.6,0.0,1
2025-08-02 06:39:50.591,176.0,791.6,0.0,1
2025-08-02 06:39:50.746,176.0,791.6,0.0,1
2025-08-02 06:39:50.935,176.0,791.6,0.0,1
2025-08-02 06:39:51.066,176.0,791.78,0.0,1
2025-08-02 06:39:51.216,176.0,791.78,0.0,1
2025-08-02 06:39:51.290,176.0,791.78,0.0,1
2025-08-02 06:39:51.367,176.0,791.78,0.0,1
2025-08-02 06:39:51.433,176.0,791.78,0.0,1
2025-08-02 06:39:51.571,176.0,791.78,0.0,1
2025-08-02 06:39:51.774,176.0,791.78,0.0,1
2025-08-02 06:39:51.984,176.0,791.78,0.0,1
2025-08-02 06:39:52.184,176.0,791.78,0.0,1
2025-08-02 06:39:52.308,176.0,791.78,0.0,1
2025-08-02 06:39:52.403,176.0,791.78,0.0,1
2025-08-02 06:39:52.585,176.0,791.78,0.0,1
2025-08-02 06:39:52.709,176.0,791.78,0.0,1
2025-08-02 06:39:52.804,176.0,791.78,0.0,1
2025-08-02 06:39:52.948,176.0,791.78,0.0,1
2025-08-02 06:39:53.098,176.0,791.78,0.0,1
2025-08-02 06:39:53.252,176.0,791.78,0.0,1
2025-08-02 06:39:53.353,176.0,791.78,0.0,1
2025-08-02 06:39:53.487,176.0,791.78,0.0,1
2025-08-02 06:39:53.644,176.0,791.78,0.0,1
2025-08-02 06:39:53.794,176.0,791.78,0.0,1
2025-08-02 06:39:53.889,176.0,791.96,0.0,1
2025-08-02 06:39:54.035,176.0,791.96,0.0,1
2025-08-02 06:39:54.184,176.0,791.96,0.0,1
2025-08-02 06:39:54.332,176.0,791.96,0.0,1
2025-08-02 06:39:54.427,176.0,791.96,0.0,1
2025-08-02 06:39:54.571,176.0,791.96,0.0,1
2025-08-02 06:39:54.720,176.0,791.96,0.0,1
2025-08-02 06:39:54.820,176.0,791.96,0.0,1
2025-08-02 06:39:54.966,176.0,791.96,0.0,1
2025-08-02 06:39:55.117,176.0,791.96,0.0,1
2025-08-02 06:39:55.188,176.0,791.96,0.0,1
2025-08-02 06:39:55.256,176.0,791.96,0.0,1
2025-08-02 06:39:55.323,176.0,791.96,0.0,1
2025-08-02 06:39:55.421,176.0,791.96,0.0,1
2025-08-02 06:39:55.569,176.0,791.96,0.0,1
2025-08-02 06:39:55.726,176.0,791.96,0.0,1
2025-08-02 06:39:55.903,176.0,791.96,0.0,1
2025-08-02 06:39:56.045,176.0,791.96,0.0,1
2025-08-02 06:39:56.191,176.0,792.14,0.0,1
2025-08-02 06:39:56.286,176.0,792.14,0.0,1
2025-08-02 06:39:56.443,176.0,792.14,0.0,1
2025-08-02 06:39:56.585,176.0,792.14,0.0,1
2025-08-02 06:39:56.718,176.0,792.14,0.0,1
2025-08-02 06:39:56.924,176.0,792.14,0.0,1
2025-08-02 06:39:57.144,176.0,792.14,0.0,1
2025-08-02 06:39:57.377,176.0,792.14,0.0,1
2025-08-02 06:39:57.556,176.0,792.14,0.0,1
2025-08-02 06:39:57.677,176.0,792.14,0.0,1
2025-08-02 06:39:57.745,176.0,792.14,0.0,1
2025-08-02 06:39:57.821,176.0,792.14,0.0,1
2025-08-02 06:39:57.968,176.0,792.14,0.0,1
2025-08-02 06:39:58.168,176.0,792.14,0.0,1
2025-08-02 06:39:58.297,176.0,792.32,0.0,1
2025-08-02 06:39:58.450,176.0,792.32,0.0,1
2025-08-02 06:39:58.613,176.0,792.32,0.0,1
2025-08-02 06:39:58.778,176.0,792.32,0.0,1
2025-08-02 06:39:58.930,176.0,792.32,0.0,1
2025-08-02 06:39:59.080,176.0,792.32,0.0,1
2025-08-02 06:39:59.257,176.0,792.32,0.0,1
2025-08-02 06:39:59.417,176.0,792.32,0.0,1
2025-08-02 06:39:59.546,176.0,792.32,0.0,1
2025-08-02 06:39:59.639,176.0,792.32,0.0,1
2025-08-02 06:39:59.737,176.0,792.32,0.0,1
2025-08-02 06:39:59.894,176.0,792.32,0.0,1
2025-08-02 06:40:00.079,176.0,792.32,0.0,1
2025-08-02 06:40:00.207,176.0,792.32,0.0,1
2025-08-02 06:40:00.352,176.0,792.32,0.0,1
2025-08-02 06:40:00.429,176.0,792.32,0.0,1
2025-08-02 06:40:00.609,176.0,792.32,0.0,1
2025-08-02 06:40:00.756,176.0,792.32,0.0,1
2025-08-02 06:40:00.908,176.0,792.5,0.0,1
2025-08-02 06:40:01.069,176.0,792.5,0.0,1
2025-08-02 06:40:01.251,176.0,792.5,0.0,1
2025-08-02 06:40:01.373,176.0,792.5,0.0,1
2025-08-02 06:40:01.442,176.0,792.5,0.0,1
2025-08-02 06:40:01.579,176.0,792.5,0.0,1
2025-08-02 06:40:01.785,176.0,792.5,0.0,1
2025-08-02 06:40:02.057,176.0,792.5,0.0,1
2025-08-02 06:40:02.229,176.0,792.5,0.0,1
2025-08-02 06:40:02.386,176.0,792.5,0.0,1
2025-08-02 06:40:02.518,176.0,792.5,0.0,1
2025-08-02 06:40:02.618,176.0,792.5,0.0,1
2025-08-02 06:40:02.763,176.0,792.5,0.0,1
2025-08-02 06:40:03.171,176.0,792.68,0.0,1
2025-08-02 06:40:03.320,176.0,792.68,0.0,1
2025-08-02 06:40:03.497,176.0,792.68,0.0,1
2025-08-02 06:40:03.636,176.0,792.68,0.0,1
2025-08-02 06:40:03.783,176.0,792.68,0.0,1
2025-08-02 06:40:03.933,176.0,792.68,0.0,1
2025-08-02 06:40:04.026,176.0,792.68,0.0,1
2025-08-02 06:40:04.173,176.0,792.68,0.0,1
2025-08-02 06:40:04.320,176.0,792.68,0.0,1
2025-08-02 06:40:04.469,176.0,792.68,0.0,1
2025-08-02 06:40:04.569,176.0,792.68,0.0,1
2025-08-02 06:40:04.714,176.0,792.68,0.0,1
2025-08-02 06:40:04.861,176.0,792.68,0.0,1
2025-08-02 06:40:05.013,176.0,792.68,0.0,1
2025-08-02 06:40:05.085,176.0,792.68,0.0,1
2025-08-02 06:40:05.154,176.0,792.68,0.0,1
2025-08-02 06:40:05.314,176.0,792.68,0.0,1
2025-08-02 06:40:05.461,176.0,792.68,0.0,1
2025-08-02 06:40:05.618,176.0,792.68,0.0,1
2025-08-02 06:40:05.689,176.0,792.68,0.0,1
2025-08-02 06:40:05.766,176.0,792.68,0.0,1
2025-08-02 06:40:05.866,176.0,792.86,0.0,1
2025-08-02 06:40:06.016,176.0,792.86,0.0,1
2025-08-02 06:40:06.136,176.0,792.86,0.0,1
2025-08-02 06:40:06.260,176.0,792.86,0.0,1
2025-08-02 06:40:06.396,176.0,792.86,0.0,1
2025-08-02 06:40:06.469,176.0,792.86,0.0,1
2025-08-02 06:40:06.594,176.0,792.86,0.0,1
2025-08-02 06:40:06.788,176.0,792.86,0.0,1
2025-08-02 06:40:06.987,176.0,792.86,0.0,1
2025-08-02 06:40:07.172,176.0,792.86,0.0,1
2025-08-02 06:40:07.254,176.0,792.86,0.0,1
2025-08-02 06:40:07.327,176.0,792.86,0.0,1
2025-08-02 06:40:07.478,176.0,792.86,0.0,1
2025-08-02 06:40:07.571,176.0,792.86,0.0,1
2025-08-02 06:40:07.715,176.0,792.86,0.0,1
2025-08-02 06:40:07.903,176.0,792.86,0.0,1
2025-08-02 06:40:08.056,176.0,792.86,0.0,1
2025-08-02 06:40:08.180,176.0,792.86,0.0,1
2025-08-02 06:40:08.278,176.0,793.04,0.0,1
2025-08-02 06:40:08.435,176.0,793.04,0.0,1
2025-08-02 06:40:08.587,176.0,793.04,0.0,1
2025-08-02 06:40:08.741,176.0,793.04,0.0,1
2025-08-02 06:40:08.923,176.0,793.04,0.0,1
2025-08-02 06:40:09.069,176.0,793.04,0.0,1
2025-08-02 06:40:09.220,176.0,793.04,0.0,1
2025-08-02 06:40:09.403,176.0,793.04,0.0,1
2025-08-02 06:40:09.553,176.0,793.04,0.0,1
2025-08-02 06:40:09.703,176.0,793.04,0.0,1
2025-08-02 06:40:09.878,176.0,793.04,0.0,1
2025-08-02 06:40:10.031,176.0,793.04,0.0,1
2025-08-02 06:40:10.182,176.0,793.04,0.0,1
2025-08-02 06:40:10.361,177.8,793.04,0.0,1
2025-08-02 06:40:10.513,177.8,793.04,0.0,1
2025-08-02 06:40:10.658,177.8,793.04,0.0,1
2025-08-02 06:40:10.838,176.0,793.04,0.0,1
2025-08-02 06:40:10.991,176.0,793.04,0.0,1
2025-08-02 06:40:11.141,176.0,793.22,0.0,1
2025-08-02 06:40:11.320,177.8,793.22,0.0,1
2025-08-02 06:40:11.460,177.8,793.22,0.0,1
2025-08-02 06:40:11.653,177.8,793.22,0.0,1
2025-08-02 06:40:11.782,177.8,793.22,0.0,1
2025-08-02 06:40:11.991,177.8,793.22,0.0,1
2025-08-02 06:40:12.183,177.8,793.22,0.0,1
2025-08-02 06:40:12.334,177.8,793.22,0.0,1
2025-08-02 06:40:12.410,177.8,793.22,0.0,1
2025-08-02 06:40:12.482,177.8,793.22,0.0,1
2025-08-02 06:40:12.584,177.8,793.22,0.0,1
2025-08-02 06:40:12.717,177.8,793.22,0.0,1
2025-08-02 06:40:12.814,177.8,793.22,0.0,1
2025-08-02 06:40:12.972,177.8,793.22,0.0,1
2025-08-02 06:40:13.127,177.8,793.22,0.0,1
2025-08-02 06:40:13.307,177.8,793.22,0.0,1
2025-08-02 06:40:13.438,177.8,793.22,0.0,1
2025-08-02 06:40:13.539,177.8,793.22,0.0,1
2025-08-02 06:40:13.686,177.8,793.22,0.0,1
2025-08-02 06:40:13.833,177.8,793.22,0.0,1
2025-08-02 06:40:13.905,177.8,793.22,0.0,1
2025-08-02 06:40:13.993,177.8,793.4,0.0,1
2025-08-02 06:40:14.141,177.8,793.4,0.0,1
2025-08-02 06:40:14.319,177.8,793.4,0.0,1
2025-08-02 06:40:14.463,177.8,793.4,0.0,1
2025-08-02 06:40:14.608,177.8,793.4,0.0,1
2025-08-02 06:40:14.709,177.8,793.4,0.0,1
2025-08-02 06:40:14.857,177.8,793.4,0.0,1
2025-08-02 06:40:15.016,177.8,793.4,0.0,1
2025-08-02 06:40:15.148,177.8,793.4,0.0,1
2025-08-02 06:40:15.245,177.8,793.4,0.0,1
2025-08-02 06:40:15.391,177.8,793.4,0.0,1
2025-08-02 06:40:15.546,177.8,793.4,0.0,1
2025-08-02 06:40:15.702,177.8,793.4,0.0,1
2025-08-02 06:40:15.893,177.8,793.4,0.0,1
2025-08-02 06:40:16.014,177.8,793.4,0.0,1
2025-08-02 06:40:16.278,177.8,793.4,0.0,1
2025-08-02 06:40:16.430,177.8,793.4,0.0,1
2025-08-02 06:40:16.570,177.8,793.4,0.0,1
2025-08-02 06:40:16.700,177.8,793.4,0.0,1
2025-08-02 06:40:16.907,177.8,793.4,0.0,1
2025-08-02 06:40:17.043,177.8,793.4,0.0,1
2025-08-02 06:40:17.217,177.8,793.58,0.0,1
2025-08-02 06:40:17.381,177.8,793.58,0.0,1
2025-08-02 06:40:17.533,177.8,793.58,0.0,1
2025-08-02 06:40:17.686,177.8,793.58,0.0,1
2025-08-02 06:40:17.863,177.8,793.58,0.0,1
2025-08-02 06:40:18.013,177.8,793.58,0.0,1
2025-08-02 06:40:18.143,177.8,793.58,0.0,1
2025-08-02 06:40:18.247,177.8,793.58,0.0,1
2025-08-02 06:40:18.396,177.8,793.58,0.0,1
2025-08-02 06:40:18.547,177.8,793.58,0.0,1
2025-08-02 06:40:18.700,177.8,793.58,0.0,1
2025-08-02 06:40:18.876,177.8,793.58,0.0,1
2025-08-02 06:40:19.025,177.8,793.58,0.0,1
2025-08-02 06:40:19.164,177.8,793.58,0.0,1
2025-08-02 06:40:19.266,177.8,793.58,0.0,1
2025-08-02 06:40:19.415,177.8,793.58,0.0,1
2025-08-02 06:40:19.565,177.8,793.58,0.0,1
2025-08-02 06:40:19.715,177.8,793.58,0.0,1
2025-08-02 06:40:19.789,177.8,793.76,0.0,1
2025-08-02 06:40:19.882,177.8,793.76,0.0,1
2025-08-02 06:40:20.051,177.8,793.76,0.0,1
2025-08-02 06:40:20.207,177.8,793.76,0.0,1
2025-08-02 06:40:20.364,177.8,793.76,0.0,1
2025-08-02 06:40:20.516,177.8,793.76,0.0,1
2025-08-02 06:40:20.668,177.8,793.76,0.0,1
2025-08-02 06:40:20.772,177.8,793.76,0.0,1
2025-08-02 06:40:20.928,177.8,793.76,0.0,1
2025-08-02 06:40:21.057,177.8,793.76,0.0,1
2025-08-02 06:40:21.130,177.8,793.76,0.0,1
2025-08-02 06:40:21.273,177.8,793.76,0.0,1
2025-08-02 06:40:21.457,177.8,793.76,0.0,1
2025-08-02 06:40:21.641,177.8,793.76,0.0,1
2025-08-02 06:40:21.843,177.8,793.76,0.0,1
2025-08-02 06:40:21.979,177.8,793.76,0.0,1
2025-08-02 06:40:22.164,177.8,793.76,0.0,1
2025-08-02 06:40:22.293,177.8,793.94,0.0,1
2025-08-02 06:40:22.443,177.8,793.94,0.0,1
2025-08-02 06:40:22.593,177.8,793.94,0.0,1
2025-08-02 06:40:22.669,177.8,793.94,0.0,1
2025-08-02 06:40:22.762,177.8,793.94,0.0,1
2025-08-02 06:40:22.934,177.8,793.94,0.0,1
2025-08-02 06:40:23.066,177.8,793.94,0.0,1
2025-08-02 06:40:23.163,177.8,793.94,0.0,1
2025-08-02 06:40:23.317,177.8,793.94,0.0,1
2025-08-02 06:40:23.468,177.8,793.94,0.0,1
2025-08-02 06:40:23.616,177.8,793.94,0.0,1
2025-08-02 06:40:23.689,177.8,793.94,0.0,1
2025-08-02 06:40:23.757,177.8,793.94,0.0,1
2025-08-02 06:40:23.857,177.8,793.94,0.0,1
2025-08-02 06:40:24.004,177.8,793.94,0.0,1
2025-08-02 06:40:24.105,177.8,794.12,0.0,1
2025-08-02 06:40:24.231,177.8,794.12,0.0,1
2025-08-02 06:40:24.302,177.8,794.12,0.0,1
2025-08-02 06:40:24.403,177.8,794.12,0.0,1
2025-08-02 06:40:24.556,177.8,794.12,0.0,1
2025-08-02 06:40:24.687,177.8,794.12,0.0,1
2025-08-02 06:40:24.789,177.8,794.12,0.0,1
2025-08-02 06:40:24.939,177.8,794.12,0.0,1
2025-08-02 06:40:25.089,177.8,794.12,0.0,1
2025-08-02 06:40:25.243,177.8,794.12,0.0,1
2025-08-02 06:40:25.423,177.8,794.12,0.0,1
2025-08-02 06:40:25.565,177.8,794.12,0.0,1
2025-08-02 06:40:25.716,177.8,794.12,0.0,1
2025-08-02 06:40:25.791,177.8,794.12,0.0,1
2025-08-02 06:40:25.892,177.8,794.12,0.0,1
2025-08-02 06:40:26.039,177.8,794.12,0.0,1
2025-08-02 06:40:26.138,177.8,794.12,0.0,1
2025-08-02 06:40:26.291,177.8,794.12,0.0,1
2025-08-02 06:40:26.445,177.8,794.12,0.0,1
2025-08-02 06:40:26.657,177.8,794.12,0.0,1
2025-08-02 06:40:26.867,177.8,794.12,0.0,1
2025-08-02 06:40:26.993,177.8,794.12,0.0,1
2025-08-02 06:40:27.136,177.8,794.12,0.0,1
2025-08-02 06:40:27.312,177.8,794.12,0.0,1
2025-08-02 06:40:27.465,177.8,794.3,0.0,1
2025-08-02 06:40:27.621,177.8,794.3,0.0,1
2025-08-02 06:40:27.748,177.8,794.3,0.0,1
2025-08-02 06:40:27.847,177.8,794.3,0.0,1
2025-08-02 06:40:27.989,177.8,794.3,0.0,1
2025-08-02 06:40:28.155,177.8,794.3,0.0,1
2025-08-02 06:40:28.303,177.8,794.3,0.0,1
2025-08-02 06:40:28.479,177.8,794.3,0.0,1
2025-08-02 06:40:28.628,177.8,794.3,0.0,1
2025-08-02 06:40:28.782,177.8,794.3,0.0,1
2025-08-02 06:40:28.964,177.8,794.3,0.0,1
2025-08-02 06:40:29.090,177.8,794.3,0.0,1
2025-08-02 06:40:29.323,177.8,794.3,0.0,1
2025-08-02 06:40:29.395,177.8,794.3,0.0,1
2025-08-02 06:40:29.463,177.8,794.3,0.0,1
2025-08-02 06:40:29.566,177.8,794.3,0.0,1
2025-08-02 06:40:29.720,177.8,794.3,0.0,1
2025-08-02 06:40:29.842,177.8,794.3,0.0,1
2025-08-02 06:40:29.937,177.8,794.3,0.0,1
2025-08-02 06:40:30.038,177.8,794.3,0.0,1
2025-08-02 06:40:30.188,177.8,794.3,0.0,1
2025-08-02 06:40:30.366,177.8,794.48,0.0,1
2025-08-02 06:40:30.515,177.8,794.48,0.0,1
2025-08-02 06:40:30.665,177.8,794.48,0.0,1
2025-08-02 06:40:30.843,177.8,794.48,0.0,1
2025-08-02 06:40:30.996,177.8,794.48,0.0,1
2025-08-02 06:40:31.151,177.8,794.48,0.0,1
2025-08-02 06:40:31.304,177.8,794.48,0.0,1
2025-08-02 06:40:31.484,177.8,794.48,0.0,1
2025-08-02 06:40:31.651,177.8,794.48,0.0,1
2025-08-02 06:40:31.785,177.8,794.48,0.0,1
2025-08-02 06:40:31.984,177.8,794.48,0.0,1
2025-08-02 06:40:32.194,177.8,794.48,0.0,1
2025-08-02 06:40:32.351,177.8,794.48,0.0,1
2025-08-02 06:40:32.536,179.6,794.48,0.0,1
2025-08-02 06:40:32.659,179.6,794.48,0.0,1
2025-08-02 06:40:32.732,179.6,794.48,0.0,1
2025-08-02 06:40:32.805,179.6,794.48,0.0,1
2025-08-02 06:40:32.927,179.6,794.48,0.0,1
2025-08-02 06:40:33.073,179.6,794.48,0.0,1
2025-08-02 06:40:33.218,179.6,794.48,0.0,1
2025-08-02 06:40:33.397,179.6,794.48,0.0,1
2025-08-02 06:40:33.553,179.6,794.48,0.0,1
2025-08-02 06:40:33.703,179.6,794.48,0.0,1
2025-08-02 06:40:33.876,179.6,794.48,0.0,1
2025-08-02 06:40:34.034,179.6,794.48,0.0,1
2025-08-02 06:40:34.181,179.6,794.48,0.0,1
2025-08-02 06:40:34.356,179.6,794.48,0.0,1
2025-08-02 06:40:34.500,179.6,794.66,0.0,1
2025-08-02 06:40:34.649,179.6,794.66,0.0,1
2025-08-02 06:40:34.734,179.6,794.66,0.0,1
2025-08-02 06:40:34.801,179.6,794.66,0.0,1
2025-08-02 06:40:34.891,179.6,794.66,0.0,1
2025-08-02 06:40:35.039,179.6,794.66,0.0,1
2025-08-02 06:40:35.137,179.6,794.66,0.0,1
2025-08-02 06:40:35.282,179.6,794.66,0.0,1
2025-08-02 06:40:35.432,179.6,794.66,0.0,1
2025-08-02 06:40:35.527,179.6,794.66,0.0,1
2025-08-02 06:40:35.676,179.6,794.66,0.0,1
2025-08-02 06:40:35.827,179.6,794.66,0.0,1
2025-08-02 06:40:36.001,179.6,794.66,0.0,1
2025-08-02 06:40:36.145,179.6,794.66,0.0,1
2025-08-02 06:40:36.306,179.6,794.66,0.0,1
2025-08-02 06:40:36.455,179.6,794.84,0.0,1
2025-08-02 06:40:36.563,179.6,794.84,0.0,1
2025-08-02 06:40:36.772,179.6,794.84,0.0,1
2025-08-02 06:40:36.906,179.6,794.84,0.0,1
2025-08-02 06:40:37.113,179.6,794.84,0.0,1
2025-08-02 06:40:37.242,179.6,794.84,0.0,1
2025-08-02 06:40:37.382,179.6,794.84,0.0,1
2025-08-02 06:40:37.480,179.6,794.84,0.0,1
2025-08-02 06:40:37.598,179.6,794.84,0.0,1
2025-08-02 06:40:37.663,179.6,794.84,0.0,1
2025-08-02 06:40:37.780,179.6,794.84,0.0,1
2025-08-02 06:40:37.922,179.6,794.84,0.0,1
2025-08-02 06:40:38.012,179.6,794.84,0.0,1
2025-08-02 06:40:38.163,179.6,794.84,0.0,1
2025-08-02 06:40:38.315,179.6,794.84,0.0,1
2025-08-02 06:40:38.410,179.6,794.84,0.0,1
2025-08-02 06:40:38.555,179.6,794.84,0.0,1
2025-08-02 06:40:38.695,179.6,794.84,0.0,1
2025-08-02 06:40:38.891,179.6,794.84,0.0,1
2025-08-02 06:40:39.030,179.6,794.84,0.0,1
2025-08-02 06:40:39.128,179.6,794.84,0.0,1
2025-08-02 06:40:39.271,179.6,795.02,0.0,1
2025-08-02 06:40:39.411,179.6,795.02,0.0,1
2025-08-02 06:40:39.571,179.6,795.02,0.0,1
2025-08-02 06:40:39.669,179.6,795.02,0.0,1
2025-08-02 06:40:39.813,179.6,795.02,0.0,1
2025-08-02 06:40:39.959,179.6,795.02,0.0,1
2025-08-02 06:40:40.094,179.6,795.02,0.0,1
2025-08-02 06:40:40.208,179.6,795.02,0.0,1
2025-08-02 06:40:40.349,179.6,795.02,0.0,1
2025-08-02 06:40:40.446,179.6,795.02,0.0,1
2025-08-02 06:40:40.588,179.6,795.02,0.0,1
2025-08-02 06:40:40.732,179.6,795.02,0.0,1
2025-08-02 06:40:40.802,179.6,795.02,0.0,1
2025-08-02 06:40:40.902,179.6,795.02,0.0,1
2025-08-02 06:40:41.046,179.6,795.02,0.0,1
2025-08-02 06:40:41.187,179.6,795.02,0.0,1
2025-08-02 06:40:41.284,179.6,795.02,0.0,1
2025-08-02 06:40:41.428,179.6,795.02,0.0,1
2025-08-02 06:40:41.630,179.6,795.02,0.0,1
2025-08-02 06:40:41.833,179.6,795.02,0.0,1
2025-08-02 06:40:42.072,179.6,795.02,0.0,1
2025-08-02 06:40:42.208,179.6,795.02,0.0,1
2025-08-02 06:40:42.307,179.6,795.02,0.0,1
2025-08-02 06:40:42.447,179.6,795.02,0.0,1
2025-08-02 06:40:42.597,179.6,795.02,0.0,1
2025-08-02 06:40:42.779,179.6,795.02,0.0,1
2025-08-02 06:40:42.925,179.6,795.2,0.0,1
2025-08-02 06:40:43.076,179.6,795.2,0.0,1
2025-08-02 06:40:43.142,179.6,795.2,0.0,1
2025-08-02 06:40:43.239,179.6,795.2,0.0,1
2025-08-02 06:40:43.385,179.6,795.2,0.0,1
2025-08-02 06:40:43.544,179.6,795.2,0.0,1
2025-08-02 06:40:43.719,179.6,795.2,0.0,1
2025-08-02 06:40:43.866,179.6,795.2,0.0,1
2025-08-02 06:40:44.013,179.6,795.2,0.0,1
2025-08-02 06:40:44.112,179.6,795.2,0.0,1
2025-08-02 06:40:44.263,179.6,795.2,0.0,1
2025-08-02 06:40:44.410,179.6,795.2,0.0,1
2025-08-02 06:40:44.581,179.6,795.2,0.0,1
2025-08-02 06:40:44.734,179.6,795.2,0.0,1
2025-08-02 06:40:45.538,179.6,795.2,0.0,1
2025-08-02 06:40:45.638,179.6,795.2,0.0,1
2025-08-02 06:40:45.779,179.6,795.2,0.0,1
2025-08-02 06:40:45.878,179.6,795.2,0.0,1
2025-08-02 06:40:46.022,179.6,795.2,0.0,1
2025-08-02 06:40:46.122,179.6,795.2,0.0,1
2025-08-02 06:40:46.269,179.6,795.2,0.0,1
2025-08-02 06:40:46.369,179.6,795.2,0.0,1
2025-08-02 06:40:46.511,179.6,795.2,0.0,1
2025-08-02 06:40:46.652,179.6,795.2,0.0,1
2025-08-02 06:40:46.853,179.6,795.2,0.0,1
2025-08-02 06:40:47.064,179.6,795.2,0.0,1
2025-08-02 06:40:47.255,179.6,795.2,0.0,1
2025-08-02 06:40:47.326,179.6,795.2,0.0,1
2025-08-02 06:40:47.473,179.6,795.2,0.0,1
2025-08-02 06:40:47.578,179.6,795.2,0.0,1
2025-08-02 06:40:47.698,179.6,795.2,0.0,1
2025-08-02 06:40:47.789,179.6,795.2,0.0,1
2025-08-02 06:40:47.910,179.6,795.2,0.0,1
2025-08-02 06:40:47.980,179.6,795.2,0.0,1
2025-08-02 06:40:48.056,179.6,795.2,0.0,1
2025-08-02 06:40:48.119,179.6,795.2,0.0,1
2025-08-02 06:40:48.195,179.6,795.2,0.0,1
2025-08-02 06:40:48.264,179.6,795.2,0.0,1
2025-08-02 06:40:48.388,179.6,795.2,0.0,1
2025-08-02 06:40:48.489,179.6,795.2,0.0,1
2025-08-02 06:40:48.704,179.6,795.2,0.0,1
2025-08-02 06:40:48.827,179.6,795.2,0.0,1
2025-08-02 06:40:48.924,179.6,795.2,0.0,1
2025-08-02 06:40:48.991,179.6,795.2,0.0,1
2025-08-02 06:40:49.125,179.6,795.2,0.0,1
2025-08-02 06:40:49.221,179.6,795.2,0.0,1
2025-08-02 06:40:49.367,179.6,795.2,0.0,1
2025-08-02 06:40:49.474,179.6,795.2,0.0,1
2025-08-02 06:40:49.590,179.6,795.2,0.0,1
2025-08-02 06:40:49.692,179.6,795.2,0.0,1
2025-08-02 06:40:49.837,179.6,795.2,0.0,1
2025-08-02 06:40:49.935,179.6,795.2,0.0,1
2025-08-02 06:40:50.081,179.6,795.2,0.0,1
2025-08-02 06:40:50.181,179.6,795.2,0.0,1
2025-08-02 06:40:50.329,179.6,795.2,0.0,1
2025-08-02 06:40:50.417,179.6,795.2,0.0,1
2025-08-02 06:40:50.556,179.6,795.2,0.0,1
2025-08-02 06:40:50.659,179.6,795.2,0.0,1
2025-08-02 06:40:50.804,179.6,795.2,0.0,1
2025-08-02 06:40:50.908,179.6,795.2,0.0,1
2025-08-02 06:40:51.027,179.6,795.2,0.0,1
2025-08-02 06:40:51.142,179.6,795.2,0.0,1
2025-08-02 06:40:51.265,179.6,795.2,0.0,1
2025-08-02 06:40:51.393,179.6,795.2,0.0,1
2025-08-02 06:40:51.515,179.6,795.2,0.0,1
2025-08-02 06:40:51.654,179.6,795.2,0.0,1
2025-08-02 06:40:51.859,179.6,795.2,0.0,1
2025-08-02 06:40:52.069,179.6,795.2,0.0,1
2025-08-02 06:40:52.209,179.6,795.2,0.0,1
2025-08-02 06:40:52.279,179.6,795.2,0.0,1
2025-08-02 06:40:52.392,179.6,795.2,0.0,1
2025-08-02 06:40:52.490,179.6,795.2,0.0,1
2025-08-02 06:40:52.635,179.6,795.2,0.0,1
2025-08-02 06:40:52.730,179.6,795.2,0.0,1
2025-08-02 06:40:52.870,179.6,795.2,0.0,1
2025-08-02 06:40:53.769,179.6,795.2,0.0,1
2025-08-02 06:40:53.922,179.6,795.2,0.0,1
2025-08-02 06:40:54.132,179.6,795.2,0.0,1
2025-08-02 06:40:54.282,179.6,795.2,0.0,1
2025-08-02 06:40:54.521,179.6,795.2,0.0,1
2025-08-02 06:40:54.758,179.6,795.2,0.0,1
2025-08-02 06:40:54.976,179.6,795.2,0.0,1
2025-08-02 06:40:55.176,179.6,795.2,0.0,1
2025-08-02 06:40:55.321,179.6,795.2,0.0,1
2025-08-02 06:40:56.134,179.6,795.2,0.0,1
2025-08-02 06:40:56.358,179.6,795.2,0.0,1
2025-08-02 06:40:56.575,179.6,795.2,0.0,1
2025-08-02 06:40:56.852,179.6,795.2,0.0,1
2025-08-02 06:40:57.051,179.6,795.2,0.0,1
2025-08-02 06:40:57.237,179.6,795.2,0.0,1
2025-08-02 06:40:57.413,179.6,795.2,0.0,1
2025-08-02 06:40:57.635,179.6,795.2,0.0,1
2025-08-02 06:40:57.780,179.6,795.2,0.0,1
2025-08-02 06:40:58.010,179.6,795.2,0.0,1
2025-08-02 06:40:58.238,179.6,795.2,0.0,1
2025-08-02 06:40:58.442,179.6,795.2,0.0,1
2025-08-02 06:40:58.591,179.6,795.2,0.0,1
2025-08-02 06:40:58.816,179.6,795.2,0.0,1
2025-08-02 06:40:59.058,179.6,795.2,0.0,1
2025-08-02 06:40:59.289,179.6,795.2,0.0,1
2025-08-02 06:40:59.509,179.6,795.2,0.0,1
2025-08-02 06:40:59.878,179.6,795.2,0.0,1
2025-08-02 06:41:00.053,179.6,795.2,0.0,1
2025-08-02 06:41:00.253,179.6,795.2,0.0,1
2025-08-02 06:41:00.489,179.6,795.2,0.0,1
2025-08-02 06:41:00.686,179.6,795.2,0.0,1
2025-08-02 06:41:01.026,179.6,795.2,0.0,1
2025-08-02 06:41:01.151,179.6,795.2,0.0,1
2025-08-02 06:41:01.277,179.6,795.2,0.0,1
2025-08-02 06:41:01.378,179.6,795.2,0.0,1
2025-08-02 06:41:01.507,179.6,795.2,0.0,1
2025-08-02 06:41:01.638,179.6,795.2,0.0,1
2025-08-02 06:41:01.847,179.6,795.2,0.0,1
2025-08-02 06:41:02.233,179.6,796.46,0.0,1
2025-08-02 06:41:02.412,179.6,796.46,0.0,1
2025-08-02 06:41:02.603,179.6,796.46,0.0,1
2025-08-02 06:41:02.757,179.6,796.46,0.0,1
2025-08-02 06:41:02.905,181.4,796.46,0.0,1
2025-08-02 06:41:03.052,179.6,796.46,0.0,1
2025-08-02 06:41:03.229,181.4,796.46,0.0,1
2025-08-02 06:41:03.363,181.4,796.64,0.0,1
2025-08-02 06:41:03.511,181.4,796.64,0.0,1
2025-08-02 06:41:03.665,181.4,796.64,0.0,1
2025-08-02 06:41:03.851,181.4,796.64,0.0,1
2025-08-02 06:41:04.051,181.4,796.64,0.0,1
2025-08-02 06:41:04.211,181.4,796.64,0.0,1
2025-08-02 06:41:04.387,181.4,796.64,0.0,1
2025-08-02 06:41:04.526,181.4,796.64,0.0,1
2025-08-02 06:41:04.677,181.4,796.64,0.0,1
2025-08-02 06:41:04.795,181.4,796.64,0.0,1
2025-08-02 06:41:04.993,181.4,796.64,0.0,1
2025-08-02 06:41:05.171,181.4,796.64,0.0,1
2025-08-02 06:41:05.351,181.4,796.64,0.0,1
2025-08-02 06:41:05.540,181.4,796.64,0.0,1
2025-08-02 06:41:05.748,181.4,796.64,0.0,1
2025-08-02 06:41:05.847,181.4,796.64,0.0,1
2025-08-02 06:41:05.975,181.4,796.64,0.0,1
2025-08-02 06:41:06.130,181.4,796.82,0.0,1
2025-08-02 06:41:06.284,181.4,796.82,0.0,1
2025-08-02 06:41:06.377,181.4,796.82,0.0,1
2025-08-02 06:41:06.569,181.4,796.82,0.0,1
2025-08-02 06:41:07.299,181.4,796.82,0.0,1
2025-08-02 06:41:07.452,181.4,796.82,0.0,1
2025-08-02 06:41:07.627,181.4,796.82,0.0,1
2025-08-02 06:41:07.781,181.4,796.82,0.0,1
2025-08-02 06:41:07.937,181.4,796.82,0.0,1
2025-08-02 06:41:08.141,181.4,796.82,0.0,1
2025-08-02 06:41:08.277,181.4,797.0,0.0,1
2025-08-02 06:41:08.459,181.4,797.0,0.0,1
2025-08-02 06:41:08.586,181.4,797.0,0.0,1
2025-08-02 06:41:08.736,181.4,797.0,0.0,1
2025-08-02 06:41:08.881,181.4,797.0,0.0,1
2025-08-02 06:41:09.060,181.4,797.0,0.0,1
2025-08-02 06:41:09.223,181.4,797.0,0.0,1
2025-08-02 06:41:09.379,181.4,797.0,0.0,1
2025-08-02 06:41:09.589,181.4,797.0,0.0,1
2025-08-02 06:41:09.713,181.4,797.0,0.0,1
2025-08-02 06:41:09.894,181.4,797.0,0.0,1
2025-08-02 06:41:10.017,181.4,797.0,0.0,1
2025-08-02 06:41:10.167,181.4,797.0,0.0,1
2025-08-02 06:41:10.315,181.4,797.0,0.0,1
2025-08-02 06:41:10.497,181.4,797.18,0.0,1
2025-08-02 06:41:10.622,181.4,797.18,0.0,1
2025-08-02 06:41:10.797,181.4,797.18,0.0,1
2025-08-02 06:41:10.918,181.4,797.18,0.0,1
2025-08-02 06:41:11.116,181.4,797.18,0.0,1
2025-08-02 06:41:11.327,181.4,797.18,0.0,1
2025-08-02 06:41:11.429,181.4,797.18,0.0,1
2025-08-02 06:41:11.635,181.4,797.18,0.0,1
2025-08-02 06:41:11.905,181.4,797.18,0.0,1
2025-08-02 06:41:12.118,181.4,797.18,0.0,1
2025-08-02 06:41:12.244,181.4,797.18,0.0,1
2025-08-02 06:41:12.392,181.4,797.36,0.0,1
2025-08-02 06:41:12.543,181.4,797.36,0.0,1
2025-08-02 06:41:12.696,181.4,797.36,0.0,1
2025-08-02 06:41:12.854,181.4,797.36,0.0,1
2025-08-02 06:41:13.138,181.4,797.36,0.0,1
2025-08-02 06:41:13.319,181.4,797.36,0.0,1
2025-08-02 06:41:13.450,181.4,797.36,0.0,1
2025-08-02 06:41:13.600,181.4,797.36,0.0,1
2025-08-02 06:41:13.753,181.4,797.36,0.0,1
2025-08-02 06:41:13.908,181.4,797.36,0.0,1
2025-08-02 06:41:14.035,181.4,797.36,0.0,1
2025-08-02 06:41:14.230,181.4,797.36,0.0,1
2025-08-02 06:41:14.352,181.4,797.36,0.0,1
2025-08-02 06:41:14.518,181.4,797.54,0.0,1
2025-08-02 06:41:14.648,181.4,797.54,0.0,1
2025-08-02 06:41:14.824,181.4,797.54,0.0,1
2025-08-02 06:41:14.947,181.4,797.54,0.0,1
2025-08-02 06:41:15.124,181.4,797.54,0.0,1
2025-08-02 06:41:15.251,181.4,797.54,0.0,1
2025-08-02 06:41:15.431,181.4,797.54,0.0,1
2025-08-02 06:41:15.641,181.4,797.54,0.0,1
2025-08-02 06:41:15.794,181.4,797.54,0.0,1
2025-08-02 06:41:15.973,181.4,797.54,0.0,1
2025-08-02 06:41:16.104,181.4,797.54,0.0,1
2025-08-02 06:41:16.284,181.4,797.54,0.0,1
2025-08-02 06:41:16.465,181.4,797.54,0.0,1
2025-08-02 06:41:16.650,181.4,797.54,0.0,1
2025-08-02 06:41:16.859,181.4,797.72,0.0,1
2025-08-02 06:41:17.063,181.4,797.72,0.0,1
2025-08-02 06:41:17.264,181.4,797.72,0.0,1
2025-08-02 06:41:17.366,181.4,797.72,0.0,1
2025-08-02 06:41:17.572,181.4,797.72,0.0,1
2025-08-02 06:41:17.705,181.4,797.72,0.0,1
2025-08-02 06:41:17.863,181.4,797.72,0.0,1
2025-08-02 06:41:17.991,181.4,797.72,0.0,1
2025-08-02 06:41:18.116,181.4,797.72,0.0,1
2025-08-02 06:41:18.321,181.4,797.72,0.0,1
2025-08-02 06:41:18.534,181.4,797.72,0.0,1
2025-08-02 06:41:18.676,181.4,797.72,0.0,1
2025-08-02 06:41:18.881,181.4,797.72,0.0,1
2025-08-02 06:41:19.039,181.4,797.72,0.0,1
2025-08-02 06:41:19.219,181.4,797.9,0.0,1
2025-08-02 06:41:19.405,181.4,797.9,0.0,1
2025-08-02 06:41:19.566,181.4,797.9,0.0,1
2025-08-02 06:41:19.740,181.4,797.9,0.0,1
2025-08-02 06:41:19.901,181.4,797.9,0.0,1
2025-08-02 06:41:20.013,181.4,797.9,0.0,1
2025-08-02 06:41:20.191,181.4,797.9,0.0,1
2025-08-02 06:41:20.347,181.4,797.9,0.0,1
2025-08-02 06:41:20.530,181.4,797.9,0.0,1
2025-08-02 06:41:20.744,181.4,797.9,0.0,1
2025-08-02 06:41:20.902,181.4,797.9,0.0,1
2025-08-02 06:41:21.055,181.4,797.9,0.0,1
2025-08-02 06:41:21.176,181.4,797.9,0.0,1
2025-08-02 06:41:21.368,181.4,797.9,0.0,1
2025-08-02 06:41:21.495,181.4,797.9,0.0,1
2025-08-02 06:41:21.718,181.4,798.08,0.0,1
2025-08-02 06:41:21.992,181.4,798.08,0.0,1
2025-08-02 06:41:22.194,181.4,798.08,0.0,1
2025-08-02 06:41:22.373,181.4,798.08,0.0,1
2025-08-02 06:41:22.582,181.4,798.08,0.0,1
2025-08-02 06:41:22.784,181.4,798.08,0.0,1
2025-08-02 06:41:22.914,181.4,798.08,0.0,1
2025-08-02 06:41:23.119,181.4,798.08,0.0,1
2025-08-02 06:41:23.325,181.4,798.08,0.0,1
2025-08-02 06:41:23.464,181.4,798.08,0.0,1
2025-08-02 06:41:23.588,181.4,798.08,0.0,1
2025-08-02 06:41:23.761,181.4,798.08,0.0,1
2025-08-02 06:41:23.894,181.4,798.08,0.0,1
2025-08-02 06:41:24.072,181.4,798.26,0.0,1
2025-08-02 06:41:24.223,181.4,798.26,0.0,1
2025-08-02 06:41:24.331,181.4,798.26,0.0,1
2025-08-02 06:41:24.481,181.4,798.26,0.0,1
2025-08-02 06:41:24.665,181.4,798.26,0.0,1
2025-08-02 06:41:24.788,181.4,798.26,0.0,1
2025-08-02 06:41:24.963,181.4,798.26,0.0,1
2025-08-02 06:41:25.085,181.4,798.26,0.0,1
2025-08-02 06:41:25.258,181.4,798.26,0.0,1
2025-08-02 06:41:25.393,181.4,798.26,0.0,1
2025-08-02 06:41:25.564,181.4,798.26,0.0,1
2025-08-02 06:41:25.672,181.4,798.26,0.0,1
2025-08-02 06:41:25.869,181.4,798.26,0.0,1
2025-08-02 06:41:25.995,181.4,798.26,0.0,1
2025-08-02 06:41:26.171,181.4,798.26,0.0,1
2025-08-02 06:41:26.324,181.4,798.26,0.0,1
2025-08-02 06:41:26.424,181.4,798.26,0.0,1
2025-08-02 06:41:26.587,181.4,798.44,0.0,1
2025-08-02 06:41:26.871,181.4,798.44,0.0,1
2025-08-02 06:41:27.072,181.4,798.44,0.0,1
2025-08-02 06:41:27.273,181.4,798.44,0.0,1
2025-08-02 06:41:27.430,181.4,798.44,0.0,1
2025-08-02 06:41:27.621,181.4,798.44,0.0,1
2025-08-02 06:41:27.825,181.4,798.44,0.0,1
2025-08-02 06:41:27.952,181.4,798.44,0.0,1
2025-08-02 06:41:28.137,181.4,798.44,0.0,1
2025-08-02 06:41:28.253,183.2,798.44,0.0,1
2025-08-02 06:41:28.417,183.2,798.44,0.0,1
2025-08-02 06:41:28.564,181.4,798.44,0.0,1
2025-08-02 06:41:28.727,183.2,798.44,0.0,1
2025-08-02 06:41:28.850,183.2,798.44,0.0,1
2025-08-02 06:41:29.030,183.2,798.44,0.0,1
2025-08-02 06:41:29.159,183.2,798.44,0.0,1
2025-08-02 06:41:29.315,183.2,798.44,0.0,1
2025-08-02 06:41:29.465,183.2,798.62,0.0,1
2025-08-02 06:41:29.649,181.4,798.62,0.0,1
2025-08-02 06:41:29.802,183.2,798.62,0.0,1
2025-08-02 06:41:29.949,183.2,798.62,0.0,1
2025-08-02 06:41:30.069,183.2,798.62,0.0,1
2025-08-02 06:41:30.219,183.2,798.62,0.0,1
2025-08-02 06:41:30.353,183.2,798.62,0.0,1
2025-08-02 06:41:30.503,183.2,798.62,0.0,1
2025-08-02 06:41:30.667,183.2,798.62,0.0,1
2025-08-02 06:41:30.818,183.2,798.62,0.0,1
2025-08-02 06:41:30.966,183.2,798.62,0.0,1
2025-08-02 06:41:31.121,183.2,798.62,0.0,1
2025-08-02 06:41:31.280,183.2,798.62,0.0,1
2025-08-02 06:41:31.402,183.2,798.62,0.0,1
2025-08-02 06:41:31.566,183.2,798.62,0.0,1
2025-08-02 06:41:31.777,183.2,798.62,0.0,1
2025-08-02 06:41:31.974,183.2,798.8,0.0,1
2025-08-02 06:41:32.176,183.2,798.8,0.0,1
2025-08-02 06:41:32.334,183.2,798.8,0.0,1
2025-08-02 06:41:32.458,183.2,798.8,0.0,1
2025-08-02 06:41:32.583,183.2,798.8,0.0,1
2025-08-02 06:41:32.761,183.2,798.8,0.0,1
2025-08-02 06:41:32.910,183.2,798.8,0.0,1
2025-08-02 06:41:33.059,183.2,798.8,0.0,1
2025-08-02 06:41:33.208,183.2,798.8,0.0,1
2025-08-02 06:41:33.353,183.2,798.8,0.0,1
2025-08-02 06:41:33.526,183.2,798.8,0.0,1
2025-08-02 06:41:33.653,183.2,798.8,0.0,1
2025-08-02 06:41:33.804,183.2,798.8,0.0,1
2025-08-02 06:41:33.957,183.2,798.8,0.0,1
2025-08-02 06:41:34.122,183.2,798.8,0.0,1
2025-08-02 06:41:34.278,183.2,798.8,0.0,1
2025-08-02 06:41:34.414,183.2,798.8,0.0,1
2025-08-02 06:41:34.562,183.2,798.8,0.0,1
2025-08-02 06:41:34.710,183.2,798.8,0.0,1
2025-08-02 06:41:34.868,183.2,798.8,0.0,1
2025-08-02 06:41:35.028,183.2,798.98,0.0,1
2025-08-02 06:41:35.152,183.2,798.98,0.0,1
2025-08-02 06:41:35.323,183.2,798.98,0.0,1
2025-08-02 06:41:35.486,183.2,798.98,0.0,1
2025-08-02 06:41:35.616,183.2,798.98,0.0,1
2025-08-02 06:41:35.764,183.2,798.98,0.0,1
2025-08-02 06:41:35.909,183.2,798.98,0.0,1
2025-08-02 06:41:36.062,183.2,798.98,0.0,1
2025-08-02 06:41:36.218,183.2,798.98,0.0,1
2025-08-02 06:41:36.365,183.2,798.98,0.0,1
2025-08-02 06:41:36.585,183.2,798.98,0.0,1
2025-08-02 06:41:36.787,183.2,798.98,0.0,1
2025-08-02 06:41:36.994,183.2,798.98,0.0,1
2025-08-02 06:41:37.252,183.2,798.98,0.0,1
2025-08-02 06:41:37.387,183.2,798.98,0.0,1
2025-08-02 06:41:37.540,183.2,798.98,0.0,1
2025-08-02 06:41:37.698,183.2,798.98,0.0,1
2025-08-02 06:41:37.868,183.2,798.98,0.0,1
2025-08-02 06:41:37.995,183.2,798.98,0.0,1
2025-08-02 06:41:38.149,183.2,798.98,0.0,1
2025-08-02 06:41:38.274,183.2,799.16,0.0,1
2025-08-02 06:41:38.454,183.2,799.16,0.0,1
2025-08-02 06:41:38.578,183.2,799.16,0.0,1
2025-08-02 06:41:38.727,183.2,799.16,0.0,1
2025-08-02 06:41:38.874,183.2,799.16,0.0,1
2025-08-02 06:41:39.026,183.2,799.16,0.0,1
2025-08-02 06:41:39.181,183.2,799.16,0.0,1
2025-08-02 06:41:39.334,183.2,799.16,0.0,1
2025-08-02 06:41:39.487,183.2,799.16,0.0,1
2025-08-02 06:41:39.632,183.2,799.16,0.0,1
2025-08-02 06:41:39.781,183.2,799.16,0.0,1
2025-08-02 06:41:40.239,183.2,799.16,0.0,1
2025-08-02 06:41:40.390,183.2,799.34,0.0,1
2025-08-02 06:41:40.542,183.2,799.34,0.0,1
2025-08-02 06:41:40.698,183.2,799.34,0.0,1
2025-08-02 06:41:40.832,183.2,799.34,0.0,1
2025-08-02 06:41:40.983,183.2,799.34,0.0,1
2025-08-02 06:41:41.169,183.2,799.34,0.0,1
2025-08-02 06:41:41.325,183.2,799.34,0.0,1
2025-08-02 06:41:41.457,183.2,799.34,0.0,1
2025-08-02 06:41:41.572,183.2,799.34,0.0,1
2025-08-02 06:41:41.846,183.2,799.34,0.0,1
2025-08-02 06:41:42.049,183.2,799.34,0.0,1
2025-08-02 06:41:42.258,183.2,799.34,0.0,1
2025-08-02 06:41:42.391,183.2,799.34,0.0,1
2025-08-02 06:41:42.545,183.2,799.34,0.0,1
2025-08-02 06:41:42.726,183.2,799.34,0.0,1
2025-08-02 06:41:42.862,183.2,799.34,0.0,1
2025-08-02 06:41:43.009,183.2,799.34,0.0,1
2025-08-02 06:41:43.190,183.2,799.34,0.0,1
2025-08-02 06:41:43.315,183.2,799.34,0.0,1
2025-08-02 06:41:43.464,183.2,799.34,0.0,1
2025-08-02 06:41:43.620,183.2,799.34,0.0,1
2025-08-02 06:41:43.784,183.2,799.34,0.0,1
2025-08-02 06:41:43.917,183.2,799.52,0.0,1
2025-08-02 06:41:44.093,183.2,799.52,0.0,1
2025-08-02 06:41:44.219,183.2,799.52,0.0,1
2025-08-02 06:41:44.417,183.2,799.52,0.0,1
2025-08-02 06:41:44.628,183.2,799.52,0.0,1
2025-08-02 06:41:44.734,183.2,799.52,0.0,1
2025-08-02 06:41:44.930,183.2,799.52,0.0,1
2025-08-02 06:41:45.057,183.2,799.52,0.0,1
2025-08-02 06:41:45.204,183.2,799.52,0.0,1
2025-08-02 06:41:45.362,183.2,799.52,0.0,1
2025-08-02 06:41:45.521,183.2,799.52,0.0,1
2025-08-02 06:41:45.674,183.2,799.52,0.0,1
2025-08-02 06:41:45.855,183.2,799.52,0.0,1
2025-08-02 06:41:46.045,183.2,799.52,0.0,1
2025-08-02 06:41:46.208,183.2,799.52,0.0,1
2025-08-02 06:41:46.364,183.2,799.52,0.0,1
2025-08-02 06:41:46.463,183.2,799.7,0.0,1
2025-08-02 06:41:46.647,183.2,799.7,0.0,1
2025-08-02 06:41:46.850,183.2,799.7,0.0,1
2025-08-02 06:41:47.116,183.2,799.7,0.0,1
2025-08-02 06:41:47.303,183.2,799.7,0.0,1
2025-08-02 06:41:47.438,183.2,799.7,0.0,1
2025-08-02 06:41:47.587,183.2,799.7,0.0,1
2025-08-02 06:41:47.745,183.2,799.7,0.0,1
2025-08-02 06:41:47.875,183.2,799.7,0.0,1
2025-08-02 06:41:48.023,183.2,799.7,0.0,1
2025-08-02 06:41:48.174,183.2,799.7,0.0,1
2025-08-02 06:41:48.328,183.2,799.7,0.0,1
2025-08-02 06:41:48.482,183.2,799.7,0.0,1
2025-08-02 06:41:48.647,183.2,799.7,0.0,1
2025-08-02 06:41:48.794,183.2,799.7,0.0,1
2025-08-02 06:41:48.928,183.2,799.7,0.0,1
2025-08-02 06:41:49.072,183.2,799.7,0.0,1
2025-08-02 06:41:49.283,183.2,799.88,0.0,1
2025-08-02 06:41:49.487,183.2,799.88,0.0,1
2025-08-02 06:41:49.617,183.2,799.88,0.0,1
2025-08-02 06:41:49.798,183.2,799.88,0.0,1
2025-08-02 06:41:49.927,183.2,799.88,0.0,1
2025-08-02 06:41:50.097,183.2,799.88,0.0,1
2025-08-02 06:41:50.228,183.2,799.88,0.0,1
2025-08-02 06:41:50.406,183.2,799.88,0.0,1
2025-08-02 06:41:50.525,183.2,799.88,0.0,1
2025-08-02 06:41:50.701,183.2,799.88,0.0,1
2025-08-02 06:41:50.835,183.2,799.88,0.0,1
2025-08-02 06:41:51.018,183.2,799.88,0.0,1
2025-08-02 06:41:51.226,183.2,799.88,0.0,1
2025-08-02 06:41:51.351,183.2,799.88,0.0,1
2025-08-02 06:41:51.571,185.0,799.88,0.0,1
2025-08-02 06:41:51.766,183.2,799.88,0.0,1
2025-08-02 06:41:51.973,183.2,799.88,0.0,1
2025-08-02 06:41:52.212,185.0,800.06,0.0,1
2025-08-02 06:41:52.312,183.2,800.06,0.0,1
2025-08-02 06:41:52.527,183.2,800.06,0.0,1
2025-08-02 06:41:52.714,183.2,800.06,0.0,1
2025-08-02 06:41:52.875,183.2,800.06,0.0,1
2025-08-02 06:41:53.011,185.0,800.06,0.0,1
2025-08-02 06:41:53.165,185.0,800.06,0.0,1
2025-08-02 06:41:53.339,185.0,800.06,0.0,1
2025-08-02 06:41:53.463,185.0,800.06,0.0,1
2025-08-02 06:41:53.634,185.0,800.06,0.0,1
2025-08-02 06:41:53.767,183.2,800.06,0.0,1
2025-08-02 06:41:54.084,185.0,800.06,0.0,1
2025-08-02 06:41:54.234,185.0,800.06,0.0,1
2025-08-02 06:41:54.526,185.0,800.06,0.0,1
2025-08-02 06:41:54.724,185.0,800.06,0.0,1
2025-08-02 06:41:54.856,185.0,800.06,0.0,1
2025-08-02 06:41:55.037,185.0,800.06,0.0,1
2025-08-02 06:41:55.249,185.0,800.06,0.0,1
2025-08-02 06:41:55.385,185.0,800.24,0.0,1
2025-08-02 06:41:55.545,185.0,800.24,0.0,1
2025-08-02 06:41:55.677,185.0,800.24,0.0,1
2025-08-02 06:41:55.832,185.0,800.24,0.0,1
2025-08-02 06:41:55.988,185.0,800.24,0.0,1
2025-08-02 06:41:56.163,185.0,800.24,0.0,1
2025-08-02 06:41:56.320,185.0,800.24,0.0,1
2025-08-02 06:41:56.568,185.0,800.24,0.0,1
2025-08-02 06:41:56.768,185.0,800.24,0.0,1
2025-08-02 06:41:56.973,185.0,800.24,0.0,1
2025-08-02 06:41:57.173,185.0,800.24,0.0,1
2025-08-02 06:41:57.324,185.0,800.24,0.0,1
2025-08-02 06:41:57.484,185.0,800.24,0.0,1
2025-08-02 06:41:57.675,185.0,800.24,0.0,1
2025-08-02 06:41:57.881,185.0,800.42,0.0,1
2025-08-02 06:41:58.038,185.0,800.42,0.0,1
2025-08-02 06:41:58.217,185.0,800.42,0.0,1
2025-08-02 06:41:58.424,185.0,800.42,0.0,1
2025-08-02 06:41:58.550,185.0,800.42,0.0,1
2025-08-02 06:41:58.722,185.0,800.42,0.0,1
2025-08-02 06:41:58.880,185.0,800.42,0.0,1
2025-08-02 06:41:59.002,185.0,800.42,0.0,1
2025-08-02 06:41:59.155,185.0,800.42,0.0,1
2025-08-02 06:41:59.355,185.0,800.42,0.0,1
2025-08-02 06:41:59.555,185.0,800.42,0.0,1
2025-08-02 06:41:59.705,185.0,800.42,0.0,1
2025-08-02 06:41:59.881,185.0,800.42,0.0,1
2025-08-02 06:42:00.005,185.0,800.42,0.0,1
2025-08-02 06:42:00.179,185.0,800.42,0.0,1
2025-08-02 06:42:00.337,185.0,800.42,0.0,1
2025-08-02 06:42:00.443,185.0,800.42,0.0,1
2025-08-02 06:42:00.621,185.0,800.42,0.0,1
2025-08-02 06:42:00.745,185.0,800.42,0.0,1
2025-08-02 06:42:00.895,185.0,800.42,0.0,1
2025-08-02 06:42:01.017,185.0,800.42,0.0,1
2025-08-02 06:42:01.217,185.0,800.42,0.0,1
2025-08-02 06:42:01.402,185.0,800.6,0.0,1
2025-08-02 06:42:01.586,185.0,800.6,0.0,1
2025-08-02 06:42:01.855,185.0,800.6,0.0,1
2025-08-02 06:42:02.100,185.0,800.6,0.0,1
2025-08-02 06:42:02.228,185.0,800.6,0.0,1
2025-08-02 06:42:02.396,185.0,800.6,0.0,1
2025-08-02 06:42:02.529,185.0,800.6,0.0,1
2025-08-02 06:42:02.699,185.0,800.6,0.0,1
2025-08-02 06:42:02.825,185.0,800.6,0.0,1
2025-08-02 06:42:02.997,185.0,800.6,0.0,1
2025-08-02 06:42:03.165,185.0,800.6,0.0,1
2025-08-02 06:42:03.268,185.0,800.6,0.0,1
2025-08-02 06:42:03.413,185.0,800.6,0.0,1
2025-08-02 06:42:03.617,185.0,800.78,0.0,1
2025-08-02 06:42:03.809,185.0,800.78,0.0,1
2025-08-02 06:42:03.945,185.0,800.78,0.0,1
2025-08-02 06:42:04.073,185.0,800.78,0.0,1
2025-08-02 06:42:04.275,185.0,800.78,0.0,1
2025-08-02 06:42:04.405,185.0,800.78,0.0,1
2025-08-02 06:42:04.555,185.0,800.78,0.0,1
2025-08-02 06:42:04.708,185.0,800.78,0.0,1
2025-08-02 06:42:04.862,185.0,800.78,0.0,1
2025-08-02 06:42:05.012,185.0,800.78,0.0,1
2025-08-02 06:42:05.162,185.0,800.78,0.0,1
2025-08-02 06:42:05.325,185.0,800.78,0.0,1
2025-08-02 06:42:05.475,185.0,800.78,0.0,1
2025-08-02 06:42:05.605,185.0,800.78,0.0,1
2025-08-02 06:42:05.754,185.0,800.78,0.0,1
2025-08-02 06:42:05.906,185.0,800.78,0.0,1
2025-08-02 06:42:06.040,185.0,800.78,0.0,1
2025-08-02 06:42:06.226,185.0,800.78,0.0,1
2025-08-02 06:42:06.353,185.0,800.78,0.0,1
2025-08-02 06:42:06.497,185.0,800.78,0.0,1
2025-08-02 06:42:06.656,185.0,800.78,0.0,1
2025-08-02 06:42:06.925,185.0,800.78,0.0,1
2025-08-02 06:42:07.178,185.0,800.78,0.0,1
2025-08-02 06:42:07.337,185.0,800.78,0.0,1
2025-08-02 06:42:07.522,185.0,800.96,0.0,1
2025-08-02 06:42:07.654,185.0,800.96,0.0,1
2025-08-02 06:42:07.802,185.0,800.96,0.0,1
2025-08-02 06:42:07.916,185.0,800.96,0.0,1
2025-08-02 06:42:08.111,185.0,800.96,0.0,1
2025-08-02 06:42:08.232,185.0,800.96,0.0,1
2025-08-02 06:42:08.404,185.0,800.96,0.0,1
2025-08-02 06:42:08.537,185.0,800.96,0.0,1
2025-08-02 06:42:08.715,185.0,800.96,0.0,1
2025-08-02 06:42:08.926,185.0,800.96,0.0,1
2025-08-02 06:42:09.081,185.0,800.96,0.0,1
2025-08-02 06:42:09.277,185.0,800.96,0.0,1
2025-08-02 06:42:09.435,185.0,800.96,0.0,1
2025-08-02 06:42:09.567,185.0,800.96,0.0,1
2025-08-02 06:42:09.695,185.0,800.96,0.0,1
2025-08-02 06:42:09.855,185.0,800.96,0.0,1
2025-08-02 06:42:10.043,185.0,800.96,0.0,1
2025-08-02 06:42:10.252,185.0,800.96,0.0,1
2025-08-02 06:42:10.382,185.0,800.96,0.0,1
2025-08-02 06:42:10.555,185.0,800.96,0.0,1
2025-08-02 06:42:10.692,185.0,800.96,0.0,1
2025-08-02 06:42:10.842,185.0,800.96,0.0,1
2025-08-02 06:42:10.992,185.0,800.96,0.0,1
2025-08-02 06:42:11.175,185.0,800.96,0.0,1
2025-08-02 06:42:11.378,185.0,800.96,0.0,1
2025-08-02 06:42:11.573,185.0,800.96,0.0,1
2025-08-02 06:42:11.857,185.0,800.96,0.0,1
2025-08-02 06:42:12.050,185.0,800.96,0.0,1
2025-08-02 06:42:12.277,185.0,800.96,0.0,1
2025-08-02 06:42:12.407,185.0,800.96,0.0,1
2025-08-02 06:42:12.555,185.0,800.96,0.0,1
2025-08-02 06:42:12.727,185.0,800.96,0.0,1
2025-08-02 06:42:12.858,185.0,800.96,0.0,1
2025-08-02 06:42:13.036,185.0,800.96,0.0,1
2025-08-02 06:42:13.216,185.0,800.96,0.0,1
2025-08-02 06:42:13.395,185.0,800.96,0.0,1
2025-08-02 06:42:13.577,185.0,800.96,0.0,1
2025-08-02 06:42:13.758,185.0,800.96,0.0,1
2025-08-02 06:42:13.945,185.0,800.96,0.0,1
2025-08-02 06:42:14.069,185.0,800.96,0.0,1
2025-08-02 06:42:14.214,185.0,800.96,0.0,1
2025-08-02 06:42:14.363,185.0,801.14,0.0,1
2025-08-02 06:42:14.543,185.0,801.14,0.0,1
2025-08-02 06:42:14.643,185.0,801.14,0.0,1
2025-08-02 06:42:14.788,185.0,801.14,0.0,1
2025-08-02 06:42:14.959,185.0,801.14,0.0,1
2025-08-02 06:42:15.117,185.0,801.14,0.0,1
2025-08-02 06:42:15.270,185.0,801.14,0.0,1
2025-08-02 06:42:15.423,185.0,801.14,0.0,1
2025-08-02 06:42:15.573,185.0,801.14,0.0,1
2025-08-02 06:42:15.729,185.0,801.14,0.0,1
2025-08-02 06:42:15.854,185.0,801.14,0.0,1
2025-08-02 06:42:16.027,185.0,801.14,0.0,1
2025-08-02 06:42:16.177,185.0,801.14,0.0,1
2025-08-02 06:42:16.302,185.0,801.14,0.0,1
2025-08-02 06:42:16.451,185.0,801.14,0.0,1
2025-08-02 06:42:16.638,185.0,801.14,0.0,1
2025-08-02 06:42:16.845,185.0,801.14,0.0,1
2025-08-02 06:42:17.047,185.0,801.14,0.0,1
2025-08-02 06:42:17.209,185.0,801.14,0.0,1
2025-08-02 06:42:17.353,185.0,801.14,0.0,1
2025-08-02 06:42:17.536,185.0,801.14,0.0,1
2025-08-02 06:42:17.745,185.0,801.32,0.0,1
2025-08-02 06:42:17.823,185.0,801.32,0.0,1
2025-08-02 06:42:17.946,185.0,801.32,0.0,1
2025-08-02 06:42:18.098,185.0,801.32,0.0,1
2025-08-02 06:42:18.212,185.0,801.32,0.0,1
2025-08-02 06:42:18.361,185.0,801.32,0.0,1
2025-08-02 06:42:18.536,185.0,801.32,0.0,1
2025-08-02 06:42:18.668,185.0,801.32,0.0,1
2025-08-02 06:42:18.853,185.0,801.32,0.0,1
2025-08-02 06:42:19.001,185.0,801.32,0.0,1
2025-08-02 06:42:19.093,185.0,801.32,0.0,1
2025-08-02 06:42:19.270,185.0,801.32,0.0,1
2025-08-02 06:42:19.412,185.0,801.32,0.0,1
2025-08-02 06:42:19.538,185.0,801.32,0.0,1
2025-08-02 06:42:19.691,185.0,801.32,0.0,1
2025-08-02 06:42:19.880,185.0,801.32,0.0,1
2025-08-02 06:42:20.087,185.0,801.32,0.0,1
2025-08-02 06:42:20.234,185.0,801.32,0.0,1
2025-08-02 06:42:20.390,185.0,801.32,0.0,1
2025-08-02 06:42:20.515,185.0,801.32,0.0,1
2025-08-02 06:42:20.688,185.0,801.32,0.0,1
2025-08-02 06:42:20.786,185.0,801.32,0.0,1
2025-08-02 06:42:20.994,185.0,801.32,0.0,1
2025-08-02 06:42:21.184,185.0,801.32,0.0,1
2025-08-02 06:42:21.370,185.0,801.32,0.0,1
2025-08-02 06:42:21.573,186.8,801.32,0.0,1
2025-08-02 06:42:21.844,186.8,801.5,0.0,1
2025-08-02 06:42:22.048,186.8,801.5,0.0,1
2025-08-02 06:42:22.262,186.8,801.5,0.0,1
2025-08-02 06:42:22.448,186.8,801.5,0.0,1
2025-08-02 06:42:22.604,186.8,801.5,0.0,1
2025-08-02 06:42:22.701,186.8,801.5,0.0,1
2025-08-02 06:42:22.911,186.8,801.5,0.0,1
2025-08-02 06:42:23.044,186.8,801.5,0.0,1
2025-08-02 06:42:23.175,185.0,801.5,0.0,1
2025-08-02 06:42:23.356,186.8,801.5,0.0,1
2025-08-02 06:42:23.561,186.8,801.5,0.0,1
2025-08-02 06:42:23.719,186.8,801.5,0.0,1
2025-08-02 06:42:23.853,186.8,801.5,0.0,1
2025-08-02 06:42:23.986,186.8,801.5,0.0,1
2025-08-02 06:42:24.134,186.8,801.5,0.0,1
2025-08-02 06:42:24.307,186.8,801.5,0.0,1
2025-08-02 06:42:24.458,186.8,801.5,0.0,1
2025-08-02 06:42:24.587,186.8,801.5,0.0,1
2025-08-02 06:42:24.715,186.8,801.5,0.0,1
2025-08-02 06:42:24.914,186.8,801.5,0.0,1
2025-08-02 06:42:25.011,186.8,801.5,0.0,1
2025-08-02 06:42:25.210,186.8,801.68,0.0,1
2025-08-02 06:42:25.364,186.8,801.68,0.0,1
2025-08-02 06:42:25.460,186.8,801.68,0.0,1
2025-08-02 06:42:25.662,186.8,801.68,0.0,1
2025-08-02 06:42:25.816,186.8,801.68,0.0,1
2025-08-02 06:42:26.026,186.8,801.68,0.0,1
2025-08-02 06:42:26.163,186.8,801.68,0.0,1
2025-08-02 06:42:26.291,186.8,801.68,0.0,1
2025-08-02 06:42:26.471,186.8,801.68,0.0,1
2025-08-02 06:42:26.651,186.8,801.68,0.0,1
2025-08-02 06:42:26.859,186.8,801.68,0.0,1
2025-08-02 06:42:27.057,186.8,801.68,0.0,1
2025-08-02 06:42:27.277,186.8,801.68,0.0,1
2025-08-02 06:42:27.436,186.8,801.68,0.0,1
2025-08-02 06:42:27.646,186.8,801.68,0.0,1
2025-08-02 06:42:27.752,186.8,801.68,0.0,1
2025-08-02 06:42:27.930,186.8,801.68,0.0,1
2025-08-02 06:42:28.066,186.8,801.68,0.0,1
2025-08-02 06:42:28.198,186.8,801.86,0.0,1
2025-08-02 06:42:28.389,186.8,801.86,0.0,1
2025-08-02 06:42:28.513,186.8,801.86,0.0,1
2025-08-02 06:42:28.692,186.8,801.86,0.0,1
2025-08-02 06:42:28.795,186.8,801.86,0.0,1
2025-08-02 06:42:28.970,186.8,801.86,0.0,1
2025-08-02 06:42:29.101,186.8,801.86,0.0,1
2025-08-02 06:42:29.251,186.8,801.86,0.0,1
2025-08-02 06:42:29.408,186.8,801.86,0.0,1
2025-08-02 06:42:29.559,186.8,801.86,0.0,1
2025-08-02 06:42:29.702,186.8,801.86,0.0,1
2025-08-02 06:42:29.829,186.8,801.86,0.0,1
2025-08-02 06:42:30.008,186.8,801.86,0.0,1
2025-08-02 06:42:30.159,186.8,801.86,0.0,1
2025-08-02 06:42:30.261,186.8,801.86,0.0,1
2025-08-02 06:42:30.434,186.8,801.86,0.0,1
2025-08-02 06:42:30.621,186.8,801.86,0.0,1
2025-08-02 06:42:30.822,186.8,801.86,0.0,1
2025-08-02 06:42:30.958,186.8,801.86,0.0,1
2025-08-02 06:42:31.111,186.8,801.86,0.0,1
2025-08-02 06:42:31.261,186.8,801.86,0.0,1
2025-08-02 06:42:31.416,186.8,801.86,0.0,1
2025-08-02 06:42:31.585,186.8,801.86,0.0,1
2025-08-02 06:42:31.856,186.8,801.86,0.0,1
2025-08-02 06:42:32.114,186.8,801.86,0.0,1
2025-08-02 06:42:32.312,186.8,801.86,0.0,1
2025-08-02 06:42:32.462,186.8,801.86,0.0,1
2025-08-02 06:42:32.617,186.8,801.86,0.0,1
2025-08-02 06:42:32.773,186.8,801.86,0.0,1
2025-08-02 06:42:32.987,186.8,801.86,0.0,1
2025-08-02 06:42:33.091,186.8,802.04,0.0,1
2025-08-02 06:42:33.294,186.8,802.04,0.0,1
2025-08-02 06:42:33.425,186.8,802.04,0.0,1
2025-08-02 06:42:33.535,186.8,802.04,0.0,1
2025-08-02 06:42:33.738,186.8,802.04,0.0,1
2025-08-02 06:42:33.949,186.8,802.04,0.0,1
2025-08-02 06:42:34.140,186.8,802.04,0.0,1
2025-08-02 06:42:34.322,186.8,802.04,0.0,1
2025-08-02 06:42:34.450,186.8,802.04,0.0,1
2025-08-02 06:42:34.620,186.8,802.04,0.0,1
2025-08-02 06:42:34.774,186.8,802.04,0.0,1
2025-08-02 06:42:34.907,186.8,802.04,0.0,1
2025-08-02 06:42:35.035,186.8,802.04,0.0,1
2025-08-02 06:42:35.188,186.8,802.04,0.0,1
2025-08-02 06:42:35.338,186.8,802.04,0.0,1
2025-08-02 06:42:35.492,186.8,802.04,0.0,1
2025-08-02 06:42:35.642,186.8,802.04,0.0,1
2025-08-02 06:42:35.798,186.8,802.04,0.0,1
2025-08-02 06:42:35.946,186.8,802.04,0.0,1
2025-08-02 06:42:36.096,186.8,802.04,0.0,1
2025-08-02 06:42:36.250,186.8,802.04,0.0,1
2025-08-02 06:42:36.354,186.8,802.04,0.0,1
2025-08-02 06:42:36.571,186.8,802.04,0.0,1
2025-08-02 06:42:36.836,186.8,802.04,0.0,1
2025-08-02 06:42:37.112,186.8,802.04,0.0,1
2025-08-02 06:42:37.269,186.8,802.04,0.0,1
2025-08-02 06:42:37.435,186.8,802.04,0.0,1
2025-08-02 06:42:37.563,186.8,802.04,0.0,1
2025-08-02 06:42:37.736,186.8,802.04,0.0,1
2025-08-02 06:42:37.860,186.8,802.04,0.0,1
2025-08-02 06:42:38.032,186.8,802.04,0.0,1
2025-08-02 06:42:38.165,186.8,802.04,0.0,1
2025-08-02 06:42:38.346,186.8,802.22,0.0,1
2025-08-02 06:42:38.500,186.8,802.22,0.0,1
2025-08-02 06:42:38.629,186.8,802.22,0.0,1
2025-08-02 06:42:38.750,186.8,802.22,0.0,1
2025-08-02 06:42:38.955,186.8,802.22,0.0,1
2025-08-02 06:42:39.088,186.8,802.22,0.0,1
2025-08-02 06:42:39.237,186.8,802.22,0.0,1
2025-08-02 06:42:39.392,186.8,802.22,0.0,1
2025-08-02 06:42:39.545,186.8,802.22,0.0,1
2025-08-02 06:42:39.653,186.8,802.22,0.0,1
2025-08-02 06:42:39.852,186.8,802.22,0.0,1
2025-08-02 06:42:40.048,186.8,802.22,0.0,1
2025-08-02 06:42:40.206,186.8,802.22,0.0,1
2025-08-02 06:42:40.358,186.8,802.22,0.0,1
2025-08-02 06:42:40.481,186.8,802.22,0.0,1
2025-08-02 06:42:40.657,186.8,802.22,0.0,1
2025-08-02 06:42:40.807,186.8,802.22,0.0,1
2025-08-02 06:42:40.963,186.8,802.22,0.0,1
2025-08-02 06:42:41.118,186.8,802.22,0.0,1
2025-08-02 06:42:41.276,186.8,802.22,0.0,1
2025-08-02 06:42:41.398,186.8,802.22,0.0,1
2025-08-02 06:42:41.594,186.8,802.22,0.0,1
2025-08-02 06:42:41.728,186.8,802.22,0.0,1
2025-08-02 06:42:41.927,186.8,802.4,0.0,1
2025-08-02 06:42:42.129,186.8,802.4,0.0,1
2025-08-02 06:42:42.283,186.8,802.4,0.0,1
2025-08-02 06:42:42.446,186.8,802.4,0.0,1
2025-08-02 06:42:42.574,186.8,802.4,0.0,1
2025-08-02 06:42:42.719,186.8,802.4,0.0,1
2025-08-02 06:42:42.869,186.8,802.4,0.0,1
2025-08-02 06:42:43.028,186.8,802.4,0.0,1
2025-08-02 06:42:43.183,186.8,802.4,0.0,1
2025-08-02 06:42:43.337,186.8,802.4,0.0,1
2025-08-02 06:42:43.520,186.8,802.4,0.0,1
2025-08-02 06:42:43.698,186.8,802.4,0.0,1
2025-08-02 06:42:43.860,186.8,802.4,0.0,1
2025-08-02 06:42:44.020,186.8,802.4,0.0,1
2025-08-02 06:42:44.177,186.8,802.4,0.0,1
2025-08-02 06:42:44.378,186.8,802.4,0.0,1
2025-08-02 06:42:44.531,186.8,802.4,0.0,1
2025-08-02 06:42:44.679,186.8,802.4,0.0,1
2025-08-02 06:42:44.824,186.8,802.4,0.0,1
2025-08-02 06:42:44.948,186.8,802.4,0.0,1
2025-08-02 06:42:45.133,186.8,802.4,0.0,1
2025-08-02 06:42:45.280,186.8,802.4,0.0,1
2025-08-02 06:42:45.378,186.8,802.4,0.0,1
2025-08-02 06:42:45.478,186.8,802.4,0.0,1
2025-08-02 06:42:45.631,186.8,802.4,0.0,1
2025-08-02 06:42:45.782,186.8,802.4,0.0,1
2025-08-02 06:42:45.925,186.8,802.4,0.0,1
2025-08-02 06:42:46.104,186.8,802.4,0.0,1
2025-08-02 06:42:46.229,186.8,802.4,0.0,1
2025-08-02 06:42:46.385,186.8,802.4,0.0,1
2025-08-02 06:42:46.586,186.8,802.4,0.0,1
2025-08-02 06:42:46.779,186.8,802.4,0.0,1
2025-08-02 06:42:47.052,186.8,802.4,0.0,1
2025-08-02 06:42:47.230,186.8,802.4,0.0,1
2025-08-02 06:42:47.383,186.8,802.4,0.0,1
2025-08-02 06:42:47.528,186.8,802.4,0.0,1
2025-08-02 06:42:47.675,186.8,802.4,0.0,1
2025-08-02 06:42:47.824,186.8,802.4,0.0,1
2025-08-02 06:42:47.974,186.8,802.4,0.0,1
2025-08-02 06:42:48.129,186.8,802.4,0.0,1
2025-08-02 06:42:48.313,186.8,802.4,0.0,1
2025-08-02 06:42:48.522,186.8,802.4,0.0,1
2025-08-02 06:42:48.673,186.8,802.4,0.0,1
2025-08-02 06:42:48.829,186.8,802.4,0.0,1
2025-08-02 06:42:48.931,186.8,802.4,0.0,1
2025-08-02 06:42:49.125,186.8,802.4,0.0,1
2025-08-02 06:42:49.229,186.8,802.4,0.0,1
2025-08-02 06:42:49.428,186.8,802.4,0.0,1
2025-08-02 06:42:49.527,186.8,802.4,0.0,1
2025-08-02 06:42:49.695,186.8,802.4,0.0,1
2025-08-02 06:42:49.854,186.8,802.4,0.0,1
2025-08-02 06:42:49.983,186.8,802.4,0.0,1
2025-08-02 06:42:50.131,186.8,802.4,0.0,1
2025-08-02 06:42:50.277,186.8,802.4,0.0,1
2025-08-02 06:42:50.456,186.8,802.4,0.0,1
2025-08-02 06:42:50.588,186.8,802.58,0.0,1
2025-08-02 06:42:50.767,186.8,802.58,0.0,1
2025-08-02 06:42:50.926,188.6,802.58,0.0,1
2025-08-02 06:42:51.022,188.6,802.58,0.0,1
2025-08-02 06:42:51.195,186.8,802.58,0.0,1
2025-08-02 06:42:51.346,188.6,802.58,0.0,1
2025-08-02 06:42:51.485,188.6,802.58,0.0,1
2025-08-02 06:42:51.650,186.8,802.58,0.0,1
2025-08-02 06:42:51.849,188.6,802.58,0.0,1
2025-08-02 06:42:52.112,188.6,802.58,0.0,1
2025-08-02 06:42:52.292,188.6,802.58,0.0,1
2025-08-02 06:42:52.449,188.6,802.58,0.0,1
2025-08-02 06:42:52.604,188.6,802.58,0.0,1
2025-08-02 06:42:52.716,188.6,802.58,0.0,1
2025-08-02 06:42:52.896,188.6,802.58,0.0,1
2025-08-02 06:42:53.047,188.6,802.58,0.0,1
2025-08-02 06:42:53.211,188.6,802.58,0.0,1
2025-08-02 06:42:53.308,188.6,802.58,0.0,1
2025-08-02 06:42:53.505,188.6,802.76,0.0,1
2025-08-02 06:42:53.609,188.6,802.76,0.0,1
2025-08-02 06:42:53.781,188.6,802.76,0.0,1
2025-08-02 06:42:53.933,188.6,802.76,0.0,1
2025-08-02 06:42:54.101,188.6,802.76,0.0,1
2025-08-02 06:42:54.210,188.6,802.76,0.0,1
2025-08-02 06:42:54.383,188.6,802.76,0.0,1
2025-08-02 06:42:54.512,188.6,802.76,0.0,1
2025-08-02 06:42:54.659,188.6,802.76,0.0,1
2025-08-02 06:42:54.807,188.6,802.76,0.0,1
2025-08-02 06:42:54.954,188.6,802.76,0.0,1
2025-08-02 06:42:55.112,188.6,802.76,0.0,1
2025-08-02 06:42:55.281,188.6,802.76,0.0,1
2025-08-02 06:42:55.410,188.6,802.76,0.0,1
2025-08-02 06:42:55.562,188.6,802.76,0.0,1
2025-08-02 06:42:55.714,188.6,802.94,0.0,1
2025-08-02 06:42:55.866,188.6,802.94,0.0,1
2025-08-02 06:42:56.018,188.6,802.94,0.0,1
2025-08-02 06:42:56.175,188.6,802.94,0.0,1
2025-08-02 06:42:56.271,188.6,802.94,0.0,1
2025-08-02 06:42:56.424,188.6,802.94,0.0,1
2025-08-02 06:42:56.575,188.6,802.94,0.0,1
2025-08-02 06:42:56.845,188.6,802.94,0.0,1
2025-08-02 06:42:57.045,188.6,802.94,0.0,1
2025-08-02 06:42:57.275,188.6,802.94,0.0,1
2025-08-02 06:42:57.384,188.6,802.94,0.0,1
2025-08-02 06:42:57.562,188.6,802.94,0.0,1
2025-08-02 06:42:57.697,188.6,802.94,0.0,1
2025-08-02 06:42:57.833,188.6,802.94,0.0,1
2025-08-02 06:42:57.984,188.6,803.12,0.0,1
2025-08-02 06:42:58.134,188.6,803.12,0.0,1
2025-08-02 06:42:58.286,188.6,803.12,0.0,1
2025-08-02 06:42:58.443,188.6,803.12,0.0,1
2025-08-02 06:42:58.601,188.6,803.12,0.0,1
2025-08-02 06:42:58.754,188.6,803.12,0.0,1
2025-08-02 06:42:58.966,188.6,803.12,0.0,1
2025-08-02 06:42:59.090,188.6,803.12,0.0,1
2025-08-02 06:42:59.249,188.6,803.12,0.0,1
2025-08-02 06:42:59.408,188.6,803.12,0.0,1
2025-08-02 06:42:59.568,188.6,803.12,0.0,1
2025-08-02 06:42:59.667,188.6,803.12,0.0,1
2025-08-02 06:42:59.872,188.6,803.3,0.0,1
2025-08-02 06:43:00.032,188.6,803.3,0.0,1
2025-08-02 06:43:00.154,188.6,803.3,0.0,1
2025-08-02 06:43:00.299,188.6,803.3,0.0,1
2025-08-02 06:43:00.443,188.6,803.3,0.0,1
2025-08-02 06:43:00.601,188.6,803.3,0.0,1
2025-08-02 06:43:00.756,188.6,803.3,0.0,1
2025-08-02 06:43:00.913,188.6,803.3,0.0,1
2025-08-02 06:43:01.065,188.6,803.3,0.0,1
2025-08-02 06:43:01.166,188.6,803.3,0.0,1
2025-08-02 06:43:01.334,188.6,803.48,0.0,1
2025-08-02 06:43:01.484,188.6,803.48,0.0,1
2025-08-02 06:43:01.654,188.6,803.48,0.0,1
2025-08-02 06:43:01.923,188.6,803.48,0.0,1
2025-08-02 06:43:02.120,188.6,803.48,0.0,1
2025-08-02 06:43:02.307,188.6,803.48,0.0,1
2025-08-02 06:43:02.467,188.6,803.48,0.0,1
2025-08-02 06:43:02.620,188.6,803.48,0.0,1
2025-08-02 06:43:02.781,188.6,803.48,0.0,1
2025-08-02 06:43:02.929,188.6,803.66,0.0,1
2025-08-02 06:43:03.059,188.6,803.66,0.0,1
2025-08-02 06:43:03.182,188.6,803.66,0.0,1
2025-08-02 06:43:03.341,188.6,803.66,0.0,1
2025-08-02 06:43:03.501,188.6,803.66,0.0,1
2025-08-02 06:43:03.606,188.6,803.66,0.0,1
2025-08-02 06:43:03.783,188.6,803.66,0.0,1
2025-08-02 06:43:03.936,188.6,803.66,0.0,1
2025-08-02 06:43:04.090,188.6,803.66,0.0,1
2025-08-02 06:43:04.236,188.6,803.66,0.0,1
2025-08-02 06:43:04.384,188.6,803.66,0.0,1
2025-08-02 06:43:04.530,188.6,803.84,0.0,1
2025-08-02 06:43:04.673,188.6,803.84,0.0,1
2025-08-02 06:43:04.819,188.6,803.84,0.0,1
2025-08-02 06:43:04.991,188.6,803.84,0.0,1
2025-08-02 06:43:05.121,188.6,803.84,0.0,1
2025-08-02 06:43:05.291,188.6,803.84,0.0,1
2025-08-02 06:43:05.444,188.6,803.84,0.0,1
2025-08-02 06:43:05.573,188.6,803.84,0.0,1
2025-08-02 06:43:05.726,188.6,803.84,0.0,1
2025-08-02 06:43:05.878,188.6,803.84,0.0,1
2025-08-02 06:43:06.038,188.6,803.84,0.0,1
2025-08-02 06:43:06.194,188.6,803.84,0.0,1
2025-08-02 06:43:06.341,188.6,803.84,0.0,1
2025-08-02 06:43:06.488,188.6,803.84,0.0,1
2025-08-02 06:43:06.641,188.6,803.84,0.0,1
2025-08-02 06:43:32.133,190.4,806.0,0.0,1
2025-08-02 06:43:32.310,190.4,806.18,0.0,1
2025-08-02 06:43:32.468,190.4,806.18,0.0,1
2025-08-02 06:43:32.619,190.4,806.18,0.0,1
2025-08-02 06:43:32.773,190.4,806.18,0.0,1
2025-08-02 06:43:32.901,190.4,806.18,0.0,1
2025-08-02 06:43:33.074,190.4,806.18,0.0,1
2025-08-02 06:43:33.220,190.4,806.18,0.0,1
2025-08-02 06:43:33.367,190.4,806.18,0.0,1
2025-08-02 06:43:33.514,190.4,806.18,0.0,1
2025-08-02 06:43:33.678,190.4,806.18,0.0,1
2025-08-02 06:43:33.782,190.4,806.18,0.0,1
2025-08-02 06:43:33.960,190.4,806.18,0.0,1
2025-08-02 06:43:34.107,190.4,806.36,0.0,1
2025-08-02 06:43:34.254,190.4,806.36,0.0,1
2025-08-02 06:43:34.400,190.4,806.36,0.0,1
2025-08-02 06:43:34.577,190.4,806.36,0.0,1
2025-08-02 06:43:34.766,190.4,806.36,0.0,1
2025-08-02 06:43:34.950,190.4,806.36,0.0,1
2025-08-02 06:43:35.077,190.4,806.36,0.0,1
2025-08-02 06:43:35.244,190.4,806.36,0.0,1
2025-08-02 06:43:35.413,190.4,806.36,0.0,1
2025-08-02 06:43:35.507,190.4,806.36,0.0,1
2025-08-02 06:43:35.706,190.4,806.36,0.0,1
2025-08-02 06:43:35.855,190.4,806.36,0.0,1
2025-08-02 06:43:36.003,190.4,806.36,0.0,1
2025-08-02 06:43:36.153,190.4,806.36,0.0,1
2025-08-02 06:43:36.303,190.4,806.54,0.0,1
2025-08-02 06:43:36.448,190.4,806.54,0.0,1
2025-08-02 06:43:36.666,190.4,806.54,0.0,1
2025-08-02 06:43:36.859,190.4,806.54,0.0,1
2025-08-02 06:43:37.064,190.4,806.54,0.0,1
2025-08-02 06:43:37.192,190.4,806.54,0.0,1
2025-08-02 06:43:37.364,190.4,806.54,0.0,1
2025-08-02 06:43:37.460,190.4,806.54,0.0,1
2025-08-02 06:43:37.628,190.4,806.54,0.0,1
2025-08-02 06:43:37.787,190.4,806.54,0.0,1
2025-08-02 06:43:37.966,190.4,806.54,0.0,1
2025-08-02 06:43:38.093,190.4,806.54,0.0,1
2025-08-02 06:43:38.266,190.4,806.72,0.0,1
2025-08-02 06:43:38.394,190.4,806.72,0.0,1
2025-08-02 06:43:38.571,190.4,806.72,0.0,1
2025-08-02 06:43:38.777,190.4,806.72,0.0,1
2025-08-02 06:43:38.909,190.4,806.72,0.0,1
2025-08-02 06:43:39.056,190.4,806.72,0.0,1
2025-08-02 06:43:39.217,190.4,806.72,0.0,1
2025-08-02 06:43:39.367,190.4,806.72,0.0,1
2025-08-02 06:43:39.513,190.4,806.72,0.0,1
2025-08-02 06:43:39.659,190.4,806.72,0.0,1
2025-08-02 06:43:39.815,190.4,806.72,0.0,1
2025-08-02 06:43:39.967,190.4,806.9,0.0,1
2025-08-02 06:43:40.127,190.4,806.9,0.0,1
2025-08-02 06:43:40.279,190.4,806.9,0.0,1
2025-08-02 06:43:40.417,190.4,806.9,0.0,1
2025-08-02 06:43:40.537,190.4,806.9,0.0,1
2025-08-02 06:43:40.689,190.4,806.9,0.0,1
2025-08-02 06:43:40.845,190.4,806.9,0.0,1
2025-08-02 06:43:40.979,190.4,806.9,0.0,1
2025-08-02 06:43:41.128,190.4,806.9,0.0,1
2025-08-02 06:43:41.288,190.4,806.9,0.0,1
2025-08-02 06:43:41.437,190.4,806.9,0.0,1
2025-08-02 06:43:41.578,190.4,806.9,0.0,1
2025-08-02 06:43:41.856,190.4,806.9,0.0,1
2025-08-02 06:43:42.055,190.4,807.08,0.0,1
2025-08-02 06:43:42.205,190.4,807.08,0.0,1
2025-08-02 06:43:42.356,190.4,807.08,0.0,1
2025-08-02 06:43:42.516,190.4,807.08,0.0,1
2025-08-02 06:43:42.656,190.4,807.08,0.0,1
2025-08-02 06:43:42.846,190.4,807.08,0.0,1
2025-08-02 06:43:42.969,190.4,807.08,0.0,1
2025-08-02 06:43:43.115,190.4,807.08,0.0,1
2025-08-02 06:43:43.239,190.4,807.08,0.0,1
2025-08-02 06:43:43.418,190.4,807.08,0.0,1
2025-08-02 06:43:43.577,190.4,807.08,0.0,1
2025-08-02 06:43:43.707,190.4,807.08,0.0,1
2025-08-02 06:43:43.854,190.4,807.26,0.0,1
2025-08-02 06:43:44.026,190.4,807.26,0.0,1
2025-08-02 06:43:44.129,190.4,807.26,0.0,1
2025-08-02 06:43:44.324,190.4,807.26,0.0,1
2025-08-02 06:43:44.457,190.4,807.26,0.0,1
2025-08-02 06:43:44.616,190.4,807.26,0.0,1
2025-08-02 06:43:44.768,190.4,807.26,0.0,1
2025-08-02 06:43:44.923,190.4,807.26,0.0,1
2025-08-02 06:43:45.075,190.4,807.26,0.0,1
2025-08-02 06:43:45.226,190.4,807.26,0.0,1
2025-08-02 06:43:45.327,190.4,807.26,0.0,1
2025-08-02 06:43:45.471,190.4,807.26,0.0,1
2025-08-02 06:43:45.628,190.4,807.26,0.0,1
2025-08-02 06:43:45.777,190.4,807.44,0.0,1
2025-08-02 06:43:45.923,190.4,807.44,0.0,1
2025-08-02 06:43:46.076,190.4,807.44,0.0,1
2025-08-02 06:43:46.260,190.4,807.44,0.0,1
2025-08-02 06:43:46.422,190.4,807.44,0.0,1
2025-08-02 06:43:46.581,190.4,807.44,0.0,1
2025-08-02 06:43:46.782,190.4,807.44,0.0,1
2025-08-02 06:43:46.983,190.4,807.44,0.0,1
2025-08-02 06:43:47.177,190.4,807.44,0.0,1
2025-08-02 06:43:47.305,190.4,807.44,0.0,1
2025-08-02 06:43:47.481,190.4,807.44,0.0,1
2025-08-02 06:43:47.616,190.4,807.62,0.0,1
2025-08-02 06:43:47.754,190.4,807.62,0.0,1
2025-08-02 06:43:47.928,190.4,807.62,0.0,1
2025-08-02 06:43:48.063,190.4,807.62,0.0,1
2025-08-02 06:43:48.219,190.4,807.62,0.0,1
2025-08-02 06:43:48.379,190.4,807.62,0.0,1
2025-08-02 06:43:48.508,190.4,807.62,0.0,1
2025-08-02 06:43:48.665,190.4,807.62,0.0,1
2025-08-02 06:43:48.830,190.4,807.62,0.0,1
2025-08-02 06:43:48.961,190.4,807.62,0.0,1
2025-08-02 06:43:49.092,190.4,807.62,0.0,1
2025-08-02 06:43:49.263,190.4,807.62,0.0,1
2025-08-02 06:43:49.422,190.4,807.62,0.0,1
2025-08-02 06:43:49.529,190.4,807.62,0.0,1
2025-08-02 06:43:49.736,190.4,807.8,0.0,1
2025-08-02 06:43:49.868,190.4,807.8,0.0,1
2025-08-02 06:43:50.017,190.4,807.8,0.0,1
2025-08-02 06:43:50.164,190.4,807.8,0.0,1
2025-08-02 06:43:50.311,190.4,807.8,0.0,1
2025-08-02 06:43:50.464,190.4,807.8,0.0,1
2025-08-02 06:43:50.624,190.4,807.8,0.0,1
2025-08-02 06:43:50.817,190.4,807.8,0.0,1
2025-08-02 06:43:50.970,190.4,807.8,0.0,1
2025-08-02 06:43:51.161,190.4,807.8,0.0,1
2025-08-02 06:43:51.317,190.4,807.8,0.0,1
2025-08-02 06:43:51.521,190.4,807.8,0.0,1
2025-08-02 06:43:51.800,190.4,807.8,0.0,1
2025-08-02 06:43:52.008,190.4,807.8,0.0,1
2025-08-02 06:43:52.200,190.4,807.8,0.0,1
2025-08-02 06:43:52.328,190.4,807.98,0.0,1
2025-08-02 06:43:52.500,190.4,807.98,0.0,1
2025-08-02 06:43:52.663,190.4,807.98,0.0,1
2025-08-02 06:43:52.769,190.4,807.98,0.0,1
2025-08-02 06:43:52.958,190.4,807.98,0.0,1
2025-08-02 06:43:53.121,190.4,807.98,0.0,1
2025-08-02 06:43:53.333,190.4,807.98,0.0,1
2025-08-02 06:43:53.459,190.4,807.98,0.0,1
2025-08-02 06:43:53.611,190.4,807.98,0.0,1
2025-08-02 06:43:53.759,190.4,807.98,0.0,1
2025-08-02 06:43:53.915,190.4,807.98,0.0,1
2025-08-02 06:43:54.067,190.4,807.98,0.0,1
2025-08-02 06:43:54.207,190.4,807.98,0.0,1
2025-08-02 06:43:54.358,190.4,807.98,0.0,1
2025-08-02 06:43:54.535,190.4,807.98,0.0,1
2025-08-02 06:43:54.659,190.4,807.98,0.0,1
2025-08-02 06:43:54.806,190.4,807.98,0.0,1
2025-08-02 06:43:54.962,190.4,807.98,0.0,1
2025-08-02 06:43:55.116,190.4,807.98,0.0,1
2025-08-02 06:43:55.269,190.4,807.98,0.0,1
2025-08-02 06:43:55.413,190.4,807.98,0.0,1
2025-08-02 06:43:55.565,190.4,808.16,0.0,1
2025-08-02 06:43:55.744,192.2,808.16,0.0,1
2025-08-02 06:43:55.895,192.2,808.16,0.0,1
2025-08-02 06:43:56.045,192.2,808.16,0.0,1
2025-08-02 06:43:56.191,192.2,808.16,0.0,1
2025-08-02 06:43:56.348,190.4,808.16,0.0,1
2025-08-02 06:43:56.504,190.4,808.16,0.0,1
2025-08-02 06:43:56.713,192.2,808.16,0.0,1
2025-08-02 06:43:56.988,192.2,808.16,0.0,1
2025-08-02 06:43:57.196,192.2,808.16,0.0,1
2025-08-02 06:43:57.327,192.2,808.16,0.0,1
2025-08-02 06:43:57.446,192.2,808.16,0.0,1
2025-08-02 06:43:57.595,192.2,808.16,0.0,1
2025-08-02 06:43:57.772,192.2,808.16,0.0,1
2025-08-02 06:43:57.901,192.2,808.16,0.0,1
2025-08-02 06:43:58.100,192.2,808.16,0.0,1
2025-08-02 06:43:58.283,192.2,808.16,0.0,1
2025-08-02 06:43:58.440,192.2,808.16,0.0,1
2025-08-02 06:43:58.612,192.2,808.16,0.0,1
2025-08-02 06:43:58.735,192.2,808.16,0.0,1
2025-08-02 06:43:58.913,192.2,808.16,0.0,1
2025-08-02 06:43:59.037,192.2,808.16,0.0,1
2025-08-02 06:43:59.214,192.2,808.34,0.0,1
2025-08-02 06:43:59.382,192.2,808.34,0.0,1
2025-08-02 06:43:59.537,192.2,808.34,0.0,1
2025-08-02 06:43:59.666,192.2,808.34,0.0,1
2025-08-02 06:43:59.788,192.2,808.34,0.0,1
2025-08-02 06:43:59.985,192.2,808.34,0.0,1
2025-08-02 06:44:00.089,192.2,808.34,0.0,1
2025-08-02 06:44:00.295,192.2,808.34,0.0,1
2025-08-02 06:44:00.483,192.2,808.34,0.0,1
2025-08-02 06:44:00.641,192.2,808.34,0.0,1
2025-08-02 06:44:00.795,192.2,808.34,0.0,1
2025-08-02 06:44:00.967,192.2,808.34,0.0,1
2025-08-02 06:44:01.125,192.2,808.34,0.0,1
2025-08-02 06:44:01.256,192.2,808.34,0.0,1
2025-08-02 06:44:01.406,192.2,808.34,0.0,1
2025-08-02 06:44:01.580,192.2,808.34,0.0,1
2025-08-02 06:44:01.846,192.2,808.34,0.0,1
2025-08-02 06:44:02.049,192.2,808.34,0.0,1
2025-08-02 06:44:02.223,192.2,808.34,0.0,1
2025-08-02 06:44:02.379,192.2,808.34,0.0,1
2025-08-02 06:44:02.531,192.2,808.34,0.0,1
2025-08-02 06:44:02.689,192.2,808.34,0.0,1
2025-08-02 06:44:02.817,192.2,808.34,0.0,1
2025-08-02 06:44:02.943,192.2,808.34,0.0,1
2025-08-02 06:44:03.114,192.2,808.34,0.0,1
2025-08-02 06:44:03.246,192.2,808.34,0.0,1
2025-08-02 06:44:03.420,192.2,808.34,0.0,1
2025-08-02 06:44:03.574,192.2,808.34,0.0,1
2025-08-02 06:44:03.700,192.2,808.34,0.0,1
2025-08-02 06:44:03.848,192.2,808.34,0.0,1
2025-08-02 06:44:04.023,192.2,808.34,0.0,1
2025-08-02 06:44:04.176,192.2,808.34,0.0,1
2025-08-02 06:44:04.301,192.2,808.34,0.0,1
2025-08-02 06:44:04.447,192.2,808.34,0.0,1
2025-08-02 06:44:04.631,192.2,808.34,0.0,1
2025-08-02 06:44:04.837,192.2,808.34,0.0,1
2025-08-02 06:44:04.973,192.2,808.34,0.0,1
2025-08-02 06:44:05.169,192.2,808.34,0.0,1
2025-08-02 06:44:05.328,192.2,808.34,0.0,1
2025-08-02 06:44:05.464,192.2,808.52,0.0,1
2025-08-02 06:44:05.618,192.2,808.52,0.0,1
2025-08-02 06:44:05.728,192.2,808.52,0.0,1
2025-08-02 06:44:08.391,192.2,808.52,0.0,1
2025-08-02 06:44:08.520,192.2,808.52,0.0,1
2025-08-02 06:44:08.612,192.2,808.52,0.0,1
2025-08-02 06:44:08.761,192.2,808.52,0.0,1
2025-08-02 06:44:08.917,192.2,808.52,0.0,1
2025-08-02 06:44:09.101,192.2,808.52,0.0,1
2025-08-02 06:44:09.256,192.2,808.52,0.0,1
2025-08-02 06:44:09.385,192.2,808.52,0.0,1
2025-08-02 06:44:09.492,192.2,808.52,0.0,1
2025-08-02 06:44:09.644,192.2,808.52,0.0,1
2025-08-02 06:44:09.849,192.2,808.52,0.0,1
2025-08-02 06:44:09.945,192.2,808.52,0.0,1
2025-08-02 06:44:10.095,192.2,808.52,0.0,1
2025-08-02 06:44:10.277,192.2,808.52,0.0,1
2025-08-02 06:44:10.404,192.2,808.52,0.0,1
2025-08-02 06:44:10.500,192.2,808.52,0.0,1
2025-08-02 06:44:10.647,192.2,808.52,0.0,1
2025-08-02 06:44:10.799,192.2,808.52,0.0,1
2025-08-02 06:44:10.945,192.2,808.52,0.0,1
2025-08-02 06:44:11.038,192.2,808.52,0.0,1
2025-08-02 06:44:11.183,192.2,808.52,0.0,1
2025-08-02 06:44:11.282,192.2,808.52,0.0,1
2025-08-02 06:44:11.428,192.2,808.52,0.0,1
2025-08-02 06:44:11.569,192.2,808.7,0.0,1
2025-08-02 06:44:11.780,192.2,808.7,0.0,1
2025-08-02 06:44:11.905,192.2,808.7,0.0,1
2025-08-02 06:44:12.117,192.2,808.7,0.0,1
2025-08-02 06:44:12.249,192.2,808.7,0.0,1
2025-08-02 06:44:12.403,192.2,808.7,0.0,1
2025-08-02 06:44:12.579,192.2,808.7,0.0,1
2025-08-02 06:44:12.729,192.2,808.7,0.0,1
2025-08-02 06:44:12.881,192.2,808.7,0.0,1
2025-08-02 06:44:13.064,192.2,808.7,0.0,1
2025-08-02 06:44:13.194,192.2,808.7,0.0,1
2025-08-02 06:44:13.385,192.2,808.7,0.0,1
2025-08-02 06:44:13.535,192.2,808.7,0.0,1
2025-08-02 06:44:13.683,192.2,808.7,0.0,1
2025-08-02 06:44:13.787,192.2,808.7,0.0,1
2025-08-02 06:44:13.910,192.2,808.7,0.0,1
2025-08-02 06:44:13.983,192.2,808.7,0.0,1
2025-08-02 06:44:14.073,192.2,808.7,0.0,1
2025-08-02 06:44:14.216,192.2,808.7,0.0,1
2025-08-02 06:44:14.314,192.2,808.7,0.0,1
2025-08-02 06:44:14.462,192.2,808.7,0.0,1
2025-08-02 06:44:14.541,192.2,808.7,0.0,1
2025-08-02 06:44:14.603,192.2,808.7,0.0,1
2025-08-02 06:44:14.700,192.2,808.7,0.0,1
2025-08-02 06:44:14.850,192.2,808.7,0.0,1
2025-08-02 06:44:15.002,192.2,808.7,0.0,1
2025-08-02 06:44:15.084,192.2,808.7,0.0,1
2025-08-02 06:44:15.149,192.2,808.7,0.0,1
2025-08-02 06:44:15.238,192.2,808.7,0.0,1
2025-08-02 06:44:15.330,192.2,808.7,0.0,1
2025-08-02 06:44:15.476,192.2,808.7,0.0,1
2025-08-02 06:44:15.630,192.2,808.7,0.0,1
2025-08-02 06:44:15.896,192.2,808.7,0.0,1
2025-08-02 06:44:16.035,192.2,808.7,0.0,1
2025-08-02 06:44:16.163,192.2,808.7,0.0,1
2025-08-02 06:44:16.258,192.2,808.7,0.0,1
2025-08-02 06:44:16.356,192.2,808.7,0.0,1
2025-08-02 06:44:16.483,192.2,808.7,0.0,1
2025-08-02 06:44:16.653,192.2,808.7,0.0,1
2025-08-02 06:44:16.852,192.2,808.7,0.0,1
2025-08-02 06:44:17.055,192.2,808.7,0.0,1
2025-08-02 06:44:17.200,192.2,808.7,0.0,1
2025-08-02 06:44:17.349,192.2,808.7,0.0,1
2025-08-02 06:44:17.533,192.2,808.7,0.0,1
2025-08-02 06:44:17.684,192.2,808.7,0.0,1
2025-08-02 06:44:17.812,192.2,808.7,0.0,1
2025-08-02 06:44:17.911,192.2,808.7,0.0,1
2025-08-02 06:44:18.061,192.2,808.7,0.0,1
2025-08-02 06:44:18.214,192.2,808.7,0.0,1
2025-08-02 06:44:18.395,192.2,808.7,0.0,1
2025-08-02 06:44:18.552,192.2,808.7,0.0,1
2025-08-02 06:44:18.700,192.2,808.7,0.0,1
2025-08-02 06:44:18.876,192.2,808.7,0.0,1
2025-08-02 06:44:19.022,192.2,808.7,0.0,1
2025-08-02 06:44:19.170,192.2,808.7,0.0,1
2025-08-02 06:44:19.266,192.2,808.7,0.0,1
2025-08-02 06:44:19.336,192.2,808.7,0.0,1
2025-08-02 06:44:19.404,192.2,808.7,0.0,1
2025-08-02 06:44:19.502,192.2,808.7,0.0,1
2025-08-02 06:44:19.654,192.2,808.7,0.0,1
2025-08-02 06:44:19.842,192.2,808.7,0.0,1
2025-08-02 06:44:19.968,192.2,808.7,0.0,1
2025-08-02 06:44:20.037,192.2,808.7,0.0,1
2025-08-02 06:44:20.128,192.2,808.7,0.0,1
2025-08-02 06:44:20.273,192.2,808.7,0.0,1
2025-08-02 06:44:20.368,192.2,808.7,0.0,1
2025-08-02 06:44:20.519,192.2,808.7,0.0,1
2025-08-02 06:44:20.676,192.2,808.7,0.0,1
2025-08-02 06:44:20.859,192.2,808.7,0.0,1
2025-08-02 06:44:21.009,192.2,808.7,0.0,1
2025-08-02 06:44:21.158,192.2,808.88,0.0,1
2025-08-02 06:44:21.335,192.2,808.88,0.0,1
2025-08-02 06:44:21.487,192.2,808.88,0.0,1
2025-08-02 06:44:21.658,192.2,808.88,0.0,1
2025-08-02 06:44:21.862,192.2,808.88,0.0,1
2025-08-02 06:44:22.056,192.2,808.88,0.0,1
2025-08-02 06:44:22.206,192.2,808.88,0.0,1
2025-08-02 06:44:22.346,192.2,808.88,0.0,1
2025-08-02 06:44:22.444,192.2,808.88,0.0,1
2025-08-02 06:44:22.599,192.2,808.88,0.0,1
2025-08-02 06:44:22.895,192.2,808.88,0.0,1
2025-08-02 06:44:23.040,192.2,808.88,0.0,1
2025-08-02 06:44:23.116,192.2,808.88,0.0,1
2025-08-02 06:44:23.217,192.2,808.88,0.0,1
2025-08-02 06:44:23.362,192.2,808.88,0.0,1
2025-08-02 06:44:23.433,192.2,808.88,0.0,1
2025-08-02 06:44:23.577,192.2,808.88,0.0,1
2025-08-02 06:44:23.676,192.2,808.88,0.0,1
2025-08-02 06:44:23.823,192.2,808.88,0.0,1
2025-08-02 06:44:23.978,192.2,808.88,0.0,1
2025-08-02 06:44:24.126,192.2,808.88,0.0,1
2025-08-02 06:44:24.220,192.2,808.88,0.0,1
2025-08-02 06:44:24.365,192.2,808.88,0.0,1
2025-08-02 06:44:24.515,192.2,808.88,0.0,1
2025-08-02 06:44:24.592,192.2,808.88,0.0,1
2025-08-02 06:44:24.661,192.2,808.88,0.0,1
2025-08-02 06:44:24.751,192.2,808.88,0.0,1
2025-08-02 06:44:24.899,192.2,808.88,0.0,1
2025-08-02 06:44:25.048,192.2,808.88,0.0,1
2025-08-02 06:44:25.145,192.2,808.88,0.0,1
2025-08-02 06:44:25.290,192.2,808.88,0.0,1
2025-08-02 06:44:25.442,192.2,808.88,0.0,1
2025-08-02 06:44:25.509,192.2,808.88,0.0,1
2025-08-02 06:44:25.628,192.2,808.88,0.0,1
2025-08-02 06:44:25.779,192.2,808.88,0.0,1
2025-08-02 06:44:25.944,192.2,808.88,0.0,1
2025-08-02 06:44:26.104,192.2,808.88,0.0,1
2025-08-02 06:44:26.266,192.2,808.88,0.0,1
2025-08-02 06:44:26.441,192.2,808.88,0.0,1
2025-08-02 06:44:26.591,192.2,808.88,0.0,1
2025-08-02 06:44:26.716,192.2,808.88,0.0,1
2025-08-02 06:44:26.921,192.2,808.88,0.0,1
2025-08-02 06:44:27.128,192.2,808.88,0.0,1
2025-08-02 06:44:27.218,192.2,808.88,0.0,1
2025-08-02 06:44:27.364,192.2,808.88,0.0,1
2025-08-02 06:44:27.521,192.2,809.06,0.0,1
2025-08-02 06:44:27.699,192.2,809.06,0.0,1
2025-08-02 06:44:27.858,192.2,809.06,0.0,1
2025-08-02 06:44:27.990,192.2,809.06,0.0,1
2025-08-02 06:44:28.090,192.2,809.06,0.0,1
2025-08-02 06:44:28.236,192.2,809.06,0.0,1
2025-08-02 06:44:28.391,192.2,809.06,0.0,1
2025-08-02 06:44:28.568,194.0,809.06,0.0,1
2025-08-02 06:44:28.718,194.0,809.06,0.0,1
2025-08-02 06:44:28.867,194.0,809.06,0.0,1
2025-08-02 06:44:29.043,192.2,809.06,0.0,1
2025-08-02 06:44:29.205,192.2,809.06,0.0,1
2025-08-02 06:44:29.355,192.2,809.06,0.0,1
2025-08-02 06:44:29.530,194.0,809.06,0.0,1
2025-08-02 06:44:29.686,194.0,809.06,0.0,1
2025-08-02 06:44:29.811,194.0,809.06,0.0,1
2025-08-02 06:44:29.909,192.2,809.06,0.0,1
2025-08-02 06:44:29.991,192.2,809.06,0.0,1
2025-08-02 06:44:30.111,192.2,809.06,0.0,1
2025-08-02 06:44:30.185,194.0,809.06,0.0,1
2025-08-02 06:44:30.419,194.0,809.06,0.0,1
2025-08-02 06:44:30.566,194.0,809.06,0.0,1
2025-08-02 06:44:30.661,194.0,809.06,0.0,1
2025-08-02 06:44:30.808,194.0,809.06,0.0,1
2025-08-02 06:44:30.911,194.0,809.06,0.0,1
2025-08-02 06:44:31.058,194.0,809.06,0.0,1
2025-08-02 06:44:31.212,194.0,809.06,0.0,1
2025-08-02 06:44:31.383,194.0,809.06,0.0,1
2025-08-02 06:44:31.580,194.0,809.06,0.0,1
2025-08-02 06:44:31.775,194.0,809.06,0.0,1
2025-08-02 06:44:31.916,194.0,809.06,0.0,1
2025-08-02 06:44:32.086,194.0,809.06,0.0,1
2025-08-02 06:44:32.264,194.0,809.06,0.0,1
2025-08-02 06:44:32.397,194.0,809.06,0.0,1
2025-08-02 06:44:32.491,194.0,809.06,0.0,1
2025-08-02 06:44:32.638,194.0,809.06,0.0,1
2025-08-02 06:44:32.795,194.0,809.06,0.0,1
2025-08-02 06:44:32.955,194.0,809.06,0.0,1
2025-08-02 06:44:33.135,194.0,809.06,0.0,1
2025-08-02 06:44:33.268,194.0,809.06,0.0,1
2025-08-02 06:44:33.424,194.0,809.06,0.0,1
2025-08-02 06:44:33.520,194.0,809.06,0.0,1
2025-08-02 06:44:33.666,194.0,809.06,0.0,1
2025-08-02 06:44:33.812,194.0,809.06,0.0,1
2025-08-02 06:44:33.882,194.0,809.24,0.0,1
2025-08-02 06:44:33.977,194.0,809.24,0.0,1
2025-08-02 06:44:34.045,194.0,809.24,0.0,1
2025-08-02 06:44:34.142,194.0,809.24,0.0,1
2025-08-02 06:44:34.295,194.0,809.24,0.0,1
2025-08-02 06:44:34.469,194.0,809.24,0.0,1
2025-08-02 06:44:34.622,194.0,809.24,0.0,1
2025-08-02 06:44:34.778,194.0,809.24,0.0,1
2025-08-02 06:44:34.957,194.0,809.24,0.0,1
2025-08-02 06:44:35.083,194.0,809.24,0.0,1
2025-08-02 06:44:35.256,194.0,809.24,0.0,1
2025-08-02 06:44:35.478,194.0,809.24,0.0,1
2025-08-02 06:44:35.577,194.0,809.24,0.0,1
2025-08-02 06:44:35.678,194.0,809.24,0.0,1
2025-08-02 06:44:35.827,194.0,809.24,0.0,1
2025-08-02 06:44:35.975,194.0,809.24,0.0,1
2025-08-02 06:44:36.044,194.0,809.24,0.0,1
2025-08-02 06:44:36.113,194.0,809.24,0.0,1
2025-08-02 06:44:36.180,194.0,809.24,0.0,1
2025-08-02 06:44:36.278,194.0,809.24,0.0,1
2025-08-02 06:44:36.415,194.0,809.24,0.0,1
2025-08-02 06:44:36.583,194.0,809.24,0.0,1
2025-08-02 06:44:36.720,194.0,809.24,0.0,1
2025-08-02 06:44:36.922,194.0,809.24,0.0,1
2025-08-02 06:44:37.131,194.0,809.24,0.0,1
2025-08-02 06:44:37.290,194.0,809.24,0.0,1
2025-08-02 06:44:37.444,194.0,809.24,0.0,1
2025-08-02 06:44:37.549,194.0,809.24,0.0,1
2025-08-02 06:44:37.671,194.0,809.24,0.0,1
2025-08-02 06:44:37.768,194.0,809.24,0.0,1
2025-08-02 06:44:37.867,194.0,809.24,0.0,1
2025-08-02 06:44:37.991,194.0,809.24,0.0,1
2025-08-02 06:44:38.143,194.0,809.24,0.0,1
2025-08-02 06:44:38.321,194.0,809.24,0.0,1
2025-08-02 06:44:38.476,194.0,809.24,0.0,1
2025-08-02 06:44:38.602,194.0,809.24,0.0,1
2025-08-02 06:44:38.699,194.0,809.24,0.0,1
2025-08-02 06:44:38.845,194.0,809.24,0.0,1
2025-08-02 06:44:38.955,194.0,809.24,0.0,1
2025-08-02 06:44:39.108,194.0,809.42,0.0,1
2025-08-02 06:44:39.235,194.0,809.42,0.0,1
2025-08-02 06:44:39.329,194.0,809.42,0.0,1
2025-08-02 06:44:39.483,194.0,809.42,0.0,1
2025-08-02 06:44:39.639,194.0,809.42,0.0,1
2025-08-02 06:44:39.814,194.0,809.42,0.0,1
2025-08-02 06:44:39.969,194.0,809.42,0.0,1
2025-08-02 06:44:40.120,194.0,809.42,0.0,1
2025-08-02 06:44:40.283,194.0,809.42,0.0,1
2025-08-02 06:44:40.432,194.0,809.42,0.0,1
2025-08-02 06:44:40.524,194.0,809.42,0.0,1
2025-08-02 06:44:40.648,194.0,809.42,0.0,1
2025-08-02 06:44:40.742,194.0,809.42,0.0,1
2025-08-02 06:44:40.892,194.0,809.42,0.0,1
2025-08-02 06:44:41.043,194.0,809.42,0.0,1
2025-08-02 06:44:41.193,194.0,809.42,0.0,1
2025-08-02 06:44:41.268,194.0,809.42,0.0,1
2025-08-02 06:44:41.338,194.0,809.42,0.0,1
2025-08-02 06:44:41.436,194.0,809.42,0.0,1
2025-08-02 06:44:41.580,194.0,809.42,0.0,1
2025-08-02 06:44:41.718,194.0,809.42,0.0,1
2025-08-02 06:44:41.928,194.0,809.42,0.0,1
2025-08-02 06:44:42.049,194.0,809.42,0.0,1
2025-08-02 06:44:42.231,194.0,809.42,0.0,1
2025-08-02 06:44:42.361,194.0,809.42,0.0,1
2025-08-02 06:44:42.457,194.0,809.42,0.0,1
2025-08-02 06:44:42.602,194.0,809.42,0.0,1
2025-08-02 06:44:42.775,194.0,809.42,0.0,1
2025-08-02 06:44:42.929,194.0,809.42,0.0,1
2025-08-02 06:44:43.079,194.0,809.42,0.0,1
2025-08-02 06:44:43.227,194.0,809.6,0.0,1
2025-08-02 06:44:43.317,194.0,809.6,0.0,1
2025-08-02 06:44:43.436,194.0,809.6,0.0,1
2025-08-02 06:44:43.599,194.0,809.6,0.0,1
2025-08-02 06:44:43.780,194.0,809.6,0.0,1
2025-08-02 06:44:43.938,194.0,809.6,0.0,1
2025-08-02 06:44:44.073,194.0,809.6,0.0,1
2025-08-02 06:44:44.165,194.0,809.6,0.0,1
2025-08-02 06:44:44.309,194.0,809.6,0.0,1
2025-08-02 06:44:44.461,194.0,809.6,0.0,1
2025-08-02 06:44:44.532,194.0,809.6,0.0,1
2025-08-02 06:44:44.943,194.0,809.6,0.0,1
2025-08-02 06:44:45.096,194.0,809.6,0.0,1
2025-08-02 06:44:45.254,194.0,809.6,0.0,1
2025-08-02 06:44:45.430,194.0,809.6,0.0,1
2025-08-02 06:44:45.586,194.0,809.6,0.0,1
2025-08-02 06:44:45.735,194.0,809.6,0.0,1
2025-08-02 06:44:45.926,194.0,809.6,0.0,1
2025-08-02 06:44:46.056,194.0,809.6,0.0,1
2025-08-02 06:44:46.204,194.0,809.6,0.0,1
2025-08-02 06:44:46.301,194.0,809.6,0.0,1
2025-08-02 06:44:46.445,194.0,809.6,0.0,1
2025-08-02 06:44:46.596,194.0,809.6,0.0,1
2025-08-02 06:44:46.794,194.0,809.6,0.0,1
2025-08-02 06:44:47.069,194.0,809.6,0.0,1
2025-08-02 06:44:47.255,194.0,809.6,0.0,1
2025-08-02 06:44:47.407,194.0,809.6,0.0,1
2025-08-02 06:44:47.566,194.0,809.78,0.0,1
2025-08-02 06:44:47.740,194.0,809.78,0.0,1
2025-08-02 06:44:47.894,194.0,809.78,0.0,1
2025-08-02 06:44:48.025,194.0,809.78,0.0,1
2025-08-02 06:44:48.254,194.0,809.78,0.0,1
2025-08-02 06:44:48.327,194.0,809.78,0.0,1
2025-08-02 06:44:48.425,194.0,809.78,0.0,1
2025-08-02 06:44:48.575,194.0,809.78,0.0,1
2025-08-02 06:44:48.648,194.0,809.78,0.0,1
2025-08-02 06:44:48.752,194.0,809.78,0.0,1
2025-08-02 06:44:48.901,194.0,809.78,0.0,1
2025-08-02 06:44:49.053,194.0,809.78,0.0,1
2025-08-02 06:44:49.124,194.0,809.78,0.0,1
2025-08-02 06:44:49.198,194.0,809.78,0.0,1
2025-08-02 06:44:49.293,194.0,809.78,0.0,1
2025-08-02 06:44:49.436,194.0,809.78,0.0,1
2025-08-02 06:44:49.534,194.0,809.78,0.0,1
2025-08-02 06:44:49.691,194.0,809.78,0.0,1
2025-08-02 06:44:49.824,194.0,809.78,0.0,1
2025-08-02 06:44:49.922,194.0,809.78,0.0,1
2025-08-02 06:44:50.049,194.0,809.78,0.0,1
2025-08-02 06:44:50.197,194.0,809.78,0.0,1
2025-08-02 06:44:50.376,194.0,809.78,0.0,1
2025-08-02 06:44:50.528,194.0,809.78,0.0,1
2025-08-02 06:44:50.684,194.0,809.78,0.0,1
2025-08-02 06:44:50.858,194.0,809.78,0.0,1
2025-08-02 06:44:51.011,194.0,809.78,0.0,1
2025-08-02 06:44:51.159,194.0,809.96,0.0,1
2025-08-02 06:44:51.335,194.0,809.96,0.0,1
2025-08-02 06:44:51.490,194.0,809.96,0.0,1
2025-08-02 06:44:51.655,194.0,809.96,0.0,1
2025-08-02 06:44:51.854,194.0,809.96,0.0,1
2025-08-02 06:44:52.058,194.0,809.96,0.0,1
2025-08-02 06:44:52.205,194.0,809.96,0.0,1
2025-08-02 06:44:52.349,194.0,809.96,0.0,1
2025-08-02 06:44:52.451,194.0,809.96,0.0,1
2025-08-02 06:44:52.600,194.0,809.96,0.0,1
2025-08-02 06:44:52.747,194.0,809.96,0.0,1
2025-08-02 06:44:52.925,194.0,809.96,0.0,1
2025-08-02 06:44:53.091,194.0,809.96,0.0,1
2025-08-02 06:44:53.228,194.0,809.96,0.0,1
2025-08-02 06:44:53.405,194.0,809.96,0.0,1
2025-08-02 06:44:53.565,194.0,809.96,0.0,1
2025-08-02 06:44:53.686,194.0,809.96,0.0,1
2025-08-02 06:44:53.788,194.0,809.96,0.0,1
2025-08-02 06:44:53.937,194.0,809.96,0.0,1
2025-08-02 06:44:54.033,194.0,809.96,0.0,1
2025-08-02 06:44:54.185,194.0,809.96,0.0,1
2025-08-02 06:44:54.337,194.0,810.14,0.0,1
2025-08-02 06:44:54.515,194.0,810.14,0.0,1
2025-08-02 06:44:54.666,194.0,810.14,0.0,1
2025-08-02 06:44:54.818,194.0,810.14,0.0,1
2025-08-02 06:44:54.989,194.0,810.14,0.0,1
2025-08-02 06:44:55.148,194.0,810.14,0.0,1
2025-08-02 06:44:55.302,194.0,810.14,0.0,1
2025-08-02 06:44:55.478,194.0,810.14,0.0,1
2025-08-02 06:44:55.621,194.0,810.14,0.0,1
2025-08-02 06:44:55.771,194.0,810.14,0.0,1
2025-08-02 06:44:55.842,194.0,810.14,0.0,1
2025-08-02 06:44:55.940,194.0,810.14,0.0,1
2025-08-02 06:44:56.096,194.0,810.14,0.0,1
2025-08-02 06:44:56.196,194.0,810.14,0.0,1
2025-08-02 06:44:56.341,194.0,810.14,0.0,1
2025-08-02 06:44:56.494,194.0,810.14,0.0,1
2025-08-02 06:44:56.588,194.0,810.14,0.0,1
2025-08-02 06:44:56.796,194.0,810.14,0.0,1
2025-08-02 06:44:56.996,194.0,810.32,0.0,1
2025-08-02 06:44:57.155,194.0,810.32,0.0,1
2025-08-02 06:44:57.298,194.0,810.32,0.0,1
2025-08-02 06:44:57.399,194.0,810.32,0.0,1
2025-08-02 06:44:57.546,194.0,810.32,0.0,1
2025-08-02 06:44:57.700,194.0,810.32,0.0,1
2025-08-02 06:44:57.875,194.0,810.32,0.0,1
2025-08-02 06:44:58.011,194.0,810.32,0.0,1
2025-08-02 06:44:58.106,194.0,810.32,0.0,1
2025-08-02 06:44:58.254,194.0,810.32,0.0,1
2025-08-02 06:44:58.409,194.0,810.32,0.0,1
2025-08-02 06:44:58.562,194.0,810.32,0.0,1
2025-08-02 06:44:58.660,194.0,810.32,0.0,1
2025-08-02 06:44:58.811,194.0,810.32,0.0,1
2025-08-02 06:44:58.964,194.0,810.32,0.0,1
2025-08-02 06:44:59.121,194.0,810.32,0.0,1
2025-08-02 06:44:59.272,194.0,810.32,0.0,1
2025-08-02 06:44:59.364,194.0,810.32,0.0,1
2025-08-02 06:44:59.533,194.0,810.5,0.0,1
2025-08-02 06:44:59.688,194.0,810.5,0.0,1
2025-08-02 06:44:59.818,194.0,810.5,0.0,1
2025-08-02 06:44:59.918,194.0,810.5,0.0,1
2025-08-02 06:45:00.069,194.0,810.5,0.0,1
2025-08-02 06:45:00.223,194.0,810.5,0.0,1
2025-08-02 06:45:00.376,194.0,810.5,0.0,1
2025-08-02 06:45:00.560,194.0,810.5,0.0,1
2025-08-02 06:45:00.694,194.0,810.5,0.0,1
2025-08-02 06:45:00.777,194.0,810.5,0.0,1
2025-08-02 06:45:00.877,194.0,810.5,0.0,1
2025-08-02 06:45:01.021,194.0,810.5,0.0,1
2025-08-02 06:45:01.352,194.0,810.5,0.0,1
2025-08-02 06:45:01.502,194.0,810.5,0.0,1
2025-08-02 06:45:01.589,194.0,810.5,0.0,1
2025-08-02 06:45:01.803,194.0,810.5,0.0,1
2025-08-02 06:45:02.064,194.0,810.5,0.0,1
2025-08-02 06:45:02.251,194.0,810.5,0.0,1
2025-08-02 06:45:02.399,194.0,810.68,0.0,1
2025-08-02 06:45:02.558,194.0,810.68,0.0,1
2025-08-02 06:45:02.738,194.0,810.68,0.0,1
2025-08-02 06:45:02.895,194.0,810.68,0.0,1
2025-08-02 06:45:03.025,194.0,810.68,0.0,1
2025-08-02 06:45:03.119,194.0,810.68,0.0,1
2025-08-02 06:45:03.277,194.0,810.68,0.0,1
2025-08-02 06:45:03.431,194.0,810.68,0.0,1
2025-08-02 06:45:03.610,194.0,810.68,0.0,1
2025-08-02 06:45:03.765,194.0,810.68,0.0,1
2025-08-02 06:45:03.894,194.0,810.68,0.0,1
2025-08-02 06:45:03.987,194.0,810.68,0.0,1
2025-08-02 06:45:04.077,194.0,810.68,0.0,1
2025-08-02 06:45:04.177,194.0,810.68,0.0,1
2025-08-02 06:45:04.331,194.0,810.68,0.0,1
2025-08-02 06:45:04.457,194.0,810.68,0.0,1
2025-08-02 06:45:04.549,194.0,810.68,0.0,1
2025-08-02 06:45:04.620,194.0,810.68,0.0,1
2025-08-02 06:45:04.693,194.0,810.68,0.0,1
2025-08-02 06:45:04.861,194.0,810.68,0.0,1
2025-08-02 06:45:05.009,194.0,810.68,0.0,1
2025-08-02 06:45:05.163,194.0,810.68,0.0,1
2025-08-02 06:45:05.319,194.0,810.68,0.0,1
2025-08-02 06:45:05.495,194.0,810.68,0.0,1
2025-08-02 06:45:05.653,194.0,810.86,0.0,1
2025-08-02 06:45:05.776,194.0,810.86,0.0,1
2025-08-02 06:45:05.867,194.0,810.86,0.0,1
2025-08-02 06:45:05.958,194.0,810.86,0.0,1
2025-08-02 06:45:06.026,194.0,810.86,0.0,1
2025-08-02 06:45:06.117,194.0,810.86,0.0,1
2025-08-02 06:45:06.208,194.0,810.86,0.0,1
2025-08-02 06:45:06.306,194.0,810.86,0.0,1
2025-08-02 06:45:06.460,194.0,810.86,0.0,1
2025-08-02 06:45:06.648,194.0,810.86,0.0,1
2025-08-02 06:45:06.927,194.0,810.86,0.0,1
2025-08-02 06:45:07.128,194.0,810.86,0.0,1
2025-08-02 06:45:07.252,194.0,810.86,0.0,1
2025-08-02 06:45:07.346,194.0,810.86,0.0,1
2025-08-02 06:45:07.492,194.0,810.86,0.0,1
2025-08-02 06:45:07.644,194.0,810.86,0.0,1
2025-08-02 06:45:07.747,194.0,810.86,0.0,1
2025-08-02 06:45:07.892,194.0,810.86,0.0,1
2025-08-02 06:45:08.046,194.0,811.04,0.0,1
2025-08-02 06:45:08.204,194.0,811.04,0.0,1
2025-08-02 06:45:08.366,194.0,811.04,0.0,1
2025-08-02 06:45:08.512,194.0,811.04,0.0,1
2025-08-02 06:45:08.608,194.0,811.04,0.0,1
2025-08-02 06:45:08.699,194.0,811.04,0.0,1
2025-08-02 06:45:08.844,194.0,811.04,0.0,1
2025-08-02 06:45:08.938,194.0,811.04,0.0,1
2025-08-02 06:45:09.040,194.0,811.04,0.0,1
2025-08-02 06:45:09.192,194.0,811.04,0.0,1
2025-08-02 06:45:09.377,194.0,811.04,0.0,1
2025-08-02 06:45:09.508,194.0,811.04,0.0,1
2025-08-02 06:45:09.648,194.0,811.04,0.0,1
2025-08-02 06:45:09.747,194.0,811.04,0.0,1
2025-08-02 06:45:09.841,194.0,811.04,0.0,1
2025-08-02 06:45:09.972,194.0,811.04,0.0,1
2025-08-02 06:45:10.102,194.0,811.04,0.0,1
2025-08-02 06:45:10.201,194.0,811.04,0.0,1
2025-08-02 06:45:10.353,194.0,811.22,0.0,1
2025-08-02 06:45:10.428,194.0,811.22,0.0,1
2025-08-02 06:45:10.527,194.0,811.22,0.0,1
2025-08-02 06:45:10.627,194.0,811.22,0.0,1
2025-08-02 06:45:10.772,194.0,811.22,0.0,1
2025-08-02 06:45:10.929,194.0,811.22,0.0,1
2025-08-02 06:45:11.082,194.0,811.22,0.0,1
2025-08-02 06:45:11.262,194.0,811.22,0.0,1
2025-08-02 06:45:11.417,194.0,811.22,0.0,1
2025-08-02 06:45:11.583,194.0,811.22,0.0,1
2025-08-02 06:45:11.726,194.0,811.22,0.0,1
2025-08-02 06:45:11.927,194.0,811.22,0.0,1
2025-08-02 06:45:12.139,194.0,811.22,0.0,1
2025-08-02 06:45:12.259,194.0,811.22,0.0,1
2025-08-02 06:45:12.353,194.0,811.22,0.0,1
2025-08-02 06:45:12.528,194.0,811.22,0.0,1
2025-08-02 06:45:12.652,194.0,811.22,0.0,1
2025-08-02 06:45:12.756,194.0,811.22,0.0,1
2025-08-02 06:45:12.903,194.0,811.22,0.0,1
2025-08-02 06:45:12.979,194.0,811.22,0.0,1
2025-08-02 06:45:13.072,194.0,811.22,0.0,1
2025-08-02 06:45:13.141,194.0,811.4,0.0,1
2025-08-02 06:45:13.239,194.0,811.4,0.0,1
2025-08-02 06:45:13.388,194.0,811.4,0.0,1
2025-08-02 06:45:13.548,194.0,811.4,0.0,1
2025-08-02 06:45:13.851,194.0,811.4,0.0,1
2025-08-02 06:45:13.946,194.0,811.4,0.0,1
2025-08-02 06:45:14.092,194.0,811.4,0.0,1
2025-08-02 06:45:14.187,194.0,811.4,0.0,1
2025-08-02 06:45:14.333,194.0,811.4,0.0,1
2025-08-02 06:45:14.489,194.0,811.4,0.0,1
2025-08-02 06:45:14.638,194.0,811.4,0.0,1
2025-08-02 06:45:14.731,194.0,811.4,0.0,1
2025-08-02 06:45:14.874,194.0,811.4,0.0,1
2025-08-02 06:45:14.969,194.0,811.4,0.0,1
2025-08-02 06:45:15.061,194.0,811.4,0.0,1
2025-08-02 06:45:15.188,194.0,811.4,0.0,1
2025-08-02 06:45:15.338,194.0,811.4,0.0,1
2025-08-02 06:45:15.524,194.0,811.4,0.0,1
2025-08-02 06:45:15.649,194.0,811.4,0.0,1
2025-08-02 06:45:15.718,194.0,811.4,0.0,1
2025-08-02 06:45:15.960,194.0,811.4,0.0,1
2025-08-02 06:45:16.043,194.0,811.4,0.0,1
2025-08-02 06:45:16.115,194.0,811.4,0.0,1
2025-08-02 06:45:16.184,194.0,811.4,0.0,1
2025-08-02 06:45:16.274,194.0,811.4,0.0,1
2025-08-02 06:45:16.345,194.0,811.4,0.0,1
2025-08-02 06:45:16.493,194.0,811.4,0.0,1
2025-08-02 06:45:16.576,195.8,811.4,0.0,1
2025-08-02 06:45:16.789,195.8,811.4,0.0,1
2025-08-02 06:45:16.989,195.8,811.58,0.0,1
2025-08-02 06:45:17.157,194.0,811.58,0.0,1
2025-08-02 06:45:17.337,194.0,811.58,0.0,1
2025-08-02 06:45:17.492,194.0,811.58,0.0,1
2025-08-02 06:45:17.643,194.0,811.58,0.0,1
2025-08-02 06:45:17.793,194.0,811.58,0.0,1
2025-08-02 06:45:17.870,194.0,811.58,0.0,1
2025-08-02 06:45:17.970,195.8,811.58,0.0,1
2025-08-02 06:45:18.122,195.8,811.58,0.0,1
2025-08-02 06:45:18.200,195.8,811.58,0.0,1
2025-08-02 06:45:18.269,195.8,811.58,0.0,1
2025-08-02 06:45:18.367,195.8,811.58,0.0,1
2025-08-02 06:45:18.487,195.8,811.58,0.0,1
2025-08-02 06:45:18.633,195.8,811.58,0.0,1
2025-08-02 06:45:18.710,195.8,811.58,0.0,1
2025-08-02 06:45:18.809,195.8,811.58,0.0,1
2025-08-02 06:45:18.954,195.8,811.58,0.0,1
2025-08-02 06:45:19.048,195.8,811.58,0.0,1
2025-08-02 06:45:19.196,195.8,811.58,0.0,1
2025-08-02 06:45:19.354,195.8,811.58,0.0,1
2025-08-02 06:45:19.431,195.8,811.58,0.0,1
2025-08-02 06:45:19.612,195.8,811.58,0.0,1
2025-08-02 06:45:19.734,195.8,811.58,0.0,1
2025-08-02 06:45:19.839,195.8,811.58,0.0,1
2025-08-02 06:45:19.990,195.8,811.58,0.0,1
2025-08-02 06:45:20.146,195.8,811.58,0.0,1
2025-08-02 06:45:20.330,195.8,811.58,0.0,1
2025-08-02 06:45:20.455,195.8,811.58,0.0,1
2025-08-02 06:45:20.548,195.8,811.58,0.0,1
2025-08-02 06:45:20.637,195.8,811.58,0.0,1
2025-08-02 06:45:20.728,195.8,811.76,0.0,1
2025-08-02 06:45:20.841,195.8,811.76,0.0,1
2025-08-02 06:45:20.933,195.8,811.76,0.0,1
2025-08-02 06:45:21.023,195.8,811.76,0.0,1
2025-08-02 06:45:21.171,195.8,811.76,0.0,1
2025-08-02 06:45:21.270,195.8,811.76,0.0,1
2025-08-02 06:45:21.421,195.8,811.76,0.0,1
2025-08-02 06:45:21.496,195.8,811.76,0.0,1
2025-08-02 06:45:21.655,195.8,811.76,0.0,1
2025-08-02 06:45:21.858,195.8,811.76,0.0,1
2025-08-02 06:45:21.989,195.8,811.76,0.0,1
2025-08-02 06:45:22.139,195.8,811.76,0.0,1
2025-08-02 06:45:22.241,195.8,811.76,0.0,1
2025-08-02 06:45:22.387,195.8,811.76,0.0,1
2025-08-02 06:45:22.518,195.8,811.76,0.0,1
2025-08-02 06:45:22.617,195.8,811.76,0.0,1
2025-08-02 06:45:22.765,195.8,811.76,0.0,1
2025-08-02 06:45:22.920,195.8,811.76,0.0,1
2025-08-02 06:45:22.996,195.8,811.76,0.0,1
2025-08-02 06:45:23.069,195.8,811.76,0.0,1
2025-08-02 06:45:23.160,195.8,811.76,0.0,1
2025-08-02 06:45:23.254,195.8,811.76,0.0,1
2025-08-02 06:45:23.406,195.8,811.76,0.0,1
2025-08-02 06:45:23.563,195.8,811.76,0.0,1
2025-08-02 06:45:23.728,195.8,811.76,0.0,1
2025-08-02 06:45:23.881,195.8,811.76,0.0,1
2025-08-02 06:45:24.030,195.8,811.76,0.0,1
2025-08-02 06:45:24.112,195.8,811.76,0.0,1
2025-08-02 06:45:24.209,195.8,811.76,0.0,1
2025-08-02 06:45:24.332,195.8,811.76,0.0,1
2025-08-02 06:45:24.399,195.8,811.76,0.0,1
2025-08-02 06:45:24.575,195.8,811.76,0.0,1
2025-08-02 06:45:24.722,195.8,811.76,0.0,1
2025-08-02 06:45:24.875,195.8,811.76,0.0,1
2025-08-02 06:45:25.064,195.8,811.76,0.0,1
2025-08-02 06:45:25.190,195.8,811.76,0.0,1
2025-08-02 06:45:25.263,195.8,811.76,0.0,1
2025-08-02 06:45:25.356,195.8,811.76,0.0,1
2025-08-02 06:45:25.590,195.8,811.76,0.0,1
2025-08-02 06:45:25.737,195.8,811.76,0.0,1
2025-08-02 06:45:25.887,195.8,811.76,0.0,1
2025-08-02 06:45:25.988,195.8,811.94,0.0,1
2025-08-02 06:45:26.134,195.8,811.94,0.0,1
2025-08-02 06:45:26.289,195.8,811.94,0.0,1
2025-08-02 06:45:26.467,195.8,811.94,0.0,1
2025-08-02 06:45:26.664,195.8,811.94,0.0,1
2025-08-02 06:45:26.862,195.8,811.94,0.0,1
2025-08-02 06:45:26.995,195.8,811.94,0.0,1
2025-08-02 06:45:27.185,195.8,811.94,0.0,1
2025-08-02 06:45:27.336,195.8,811.94,0.0,1
2025-08-02 06:45:27.477,195.8,811.94,0.0,1
2025-08-02 06:45:27.563,195.8,811.94,0.0,1
2025-08-02 06:45:27.729,195.8,811.94,0.0,1
2025-08-02 06:45:27.876,195.8,811.94,0.0,1
2025-08-02 06:45:27.941,195.8,811.94,0.0,1
2025-08-02 06:45:28.031,195.8,811.94,0.0,1
2025-08-02 06:45:28.204,195.8,811.94,0.0,1
2025-08-02 06:45:28.277,195.8,811.94,0.0,1
2025-08-02 06:45:28.342,195.8,811.94,0.0,1
2025-08-02 06:45:28.432,195.8,811.94,0.0,1
2025-08-02 06:45:28.605,195.8,811.94,0.0,1
2025-08-02 06:45:28.786,195.8,811.94,0.0,1
2025-08-02 06:45:28.928,195.8,811.94,0.0,1
2025-08-02 06:45:29.080,195.8,811.94,0.0,1
2025-08-02 06:45:29.266,195.8,811.94,0.0,1
2025-08-02 06:45:29.392,195.8,811.94,0.0,1
2025-08-02 06:45:29.495,195.8,811.94,0.0,1
2025-08-02 06:45:29.641,195.8,811.94,0.0,1
2025-08-02 06:45:29.798,195.8,811.94,0.0,1
2025-08-02 06:45:29.949,195.8,811.94,0.0,1
2025-08-02 06:45:30.128,195.8,811.94,0.0,1
2025-08-02 06:45:30.259,195.8,812.12,0.0,1
2025-08-02 06:45:30.331,195.8,812.12,0.0,1
2025-08-02 06:45:30.400,195.8,812.12,0.0,1
2025-08-02 06:45:30.470,195.8,812.12,0.0,1
2025-08-02 06:45:30.563,195.8,812.12,0.0,1
2025-08-02 06:45:30.689,195.8,812.12,0.0,1
2025-08-02 06:45:30.782,195.8,812.12,0.0,1
2025-08-02 06:45:30.927,195.8,812.12,0.0,1
2025-08-02 06:45:31.077,195.8,812.12,0.0,1
2025-08-02 06:45:31.232,195.8,812.12,0.0,1
2025-08-02 06:45:31.307,195.8,812.12,0.0,1
2025-08-02 06:45:31.406,195.8,812.12,0.0,1
2025-08-02 06:45:31.575,195.8,812.12,0.0,1
2025-08-02 06:45:31.705,195.8,812.12,0.0,1
2025-08-02 06:45:31.913,195.8,812.12,0.0,1
2025-08-02 06:45:32.137,195.8,812.12,0.0,1
2025-08-02 06:45:32.280,195.8,812.12,0.0,1
2025-08-02 06:45:32.377,195.8,812.12,0.0,1
2025-08-02 06:45:32.528,195.8,812.12,0.0,1
2025-08-02 06:45:32.690,195.8,812.12,0.0,1
2025-08-02 06:45:32.845,195.8,812.12,0.0,1
2025-08-02 06:45:32.998,195.8,812.12,0.0,1
2025-08-02 06:45:33.145,195.8,812.12,0.0,1
2025-08-02 06:45:33.240,195.8,812.12,0.0,1
2025-08-02 06:45:33.393,195.8,812.12,0.0,1
2025-08-02 06:45:33.541,195.8,812.12,0.0,1
2025-08-02 06:45:33.698,195.8,812.12,0.0,1
2025-08-02 06:45:33.873,195.8,812.12,0.0,1
2025-08-02 06:45:34.020,195.8,812.12,0.0,1
2025-08-02 06:45:34.167,195.8,812.12,0.0,1
2025-08-02 06:45:34.241,195.8,812.12,0.0,1
2025-08-02 06:45:34.318,195.8,812.12,0.0,1
2025-08-02 06:45:34.464,195.8,812.12,0.0,1
2025-08-02 06:45:34.562,195.8,812.3,0.0,1
2025-08-02 06:45:34.712,195.8,812.3,0.0,1
2025-08-02 06:45:34.863,195.8,812.3,0.0,1
2025-08-02 06:45:35.021,195.8,812.3,0.0,1
2025-08-02 06:45:35.193,195.8,812.3,0.0,1
2025-08-02 06:45:35.353,195.8,812.3,0.0,1
2025-08-02 06:45:35.483,195.8,812.3,0.0,1
2025-08-02 06:45:35.582,195.8,812.3,0.0,1
2025-08-02 06:45:35.727,195.8,812.3,0.0,1
2025-08-02 06:45:35.890,195.8,812.3,0.0,1
2025-08-02 06:45:36.036,195.8,812.3,0.0,1
2025-08-02 06:45:36.217,195.8,812.3,0.0,1
2025-08-02 06:45:36.370,195.8,812.3,0.0,1
2025-08-02 06:45:36.498,195.8,812.3,0.0,1
2025-08-02 06:45:36.708,195.8,812.3,0.0,1
2025-08-02 06:45:36.842,195.8,812.3,0.0,1
2025-08-02 06:45:37.044,195.8,812.3,0.0,1
2025-08-02 06:45:37.175,195.8,812.3,0.0,1
2025-08-02 06:45:37.326,195.8,812.3,0.0,1
2025-08-02 06:45:37.483,195.8,812.3,0.0,1
2025-08-02 06:45:37.671,195.8,812.3,0.0,1
2025-08-02 06:45:37.814,195.8,812.3,0.0,1
2025-08-02 06:45:37.935,195.8,812.3,0.0,1
2025-08-02 06:45:38.030,195.8,812.3,0.0,1
2025-08-02 06:45:38.200,195.8,812.48,0.0,1
2025-08-02 06:45:38.440,195.8,812.48,0.0,1
2025-08-02 06:45:38.587,195.8,812.48,0.0,1
2025-08-02 06:45:38.739,195.8,812.48,0.0,1
2025-08-02 06:45:38.922,195.8,812.48,0.0,1
2025-08-02 06:45:39.087,195.8,812.48,0.0,1
2025-08-02 06:45:39.215,195.8,812.48,0.0,1
2025-08-02 06:45:39.293,195.8,812.48,0.0,1
2025-08-02 06:45:39.364,195.8,812.48,0.0,1
2025-08-02 06:45:39.467,195.8,812.48,0.0,1
2025-08-02 06:45:39.609,195.8,812.48,0.0,1
2025-08-02 06:45:39.788,195.8,812.48,0.0,1
2025-08-02 06:45:39.924,195.8,812.48,0.0,1
2025-08-02 06:45:40.022,195.8,812.48,0.0,1
2025-08-02 06:45:40.169,195.8,812.48,0.0,1
2025-08-02 06:45:40.314,195.8,812.48,0.0,1
2025-08-02 06:45:40.422,195.8,812.48,0.0,1
2025-08-02 06:45:40.567,195.8,812.48,0.0,1
2025-08-02 06:45:40.749,195.8,812.48,0.0,1
2025-08-02 06:45:40.871,195.8,812.48,0.0,1
2025-08-02 06:45:40.994,195.8,812.48,0.0,1
2025-08-02 06:45:41.115,195.8,812.48,0.0,1
2025-08-02 06:45:41.185,195.8,812.48,0.0,1
2025-08-02 06:45:41.284,195.8,812.48,0.0,1
2025-08-02 06:45:41.439,195.8,812.48,0.0,1
2025-08-02 06:45:41.646,195.8,812.48,0.0,1
2025-08-02 06:45:41.854,195.8,812.48,0.0,1
2025-08-02 06:45:42.052,195.8,812.48,0.0,1
2025-08-02 06:45:42.241,195.8,812.48,0.0,1
2025-08-02 06:45:42.395,195.8,812.48,0.0,1
2025-08-02 06:45:42.568,195.8,812.48,0.0,1
2025-08-02 06:45:42.721,195.8,812.48,0.0,1
2025-08-02 06:45:42.873,195.8,812.48,0.0,1
2025-08-02 06:45:42.955,195.8,812.48,0.0,1
2025-08-02 06:45:43.046,195.8,812.48,0.0,1
2025-08-02 06:45:43.137,195.8,812.48,0.0,1
2025-08-02 06:45:43.287,195.8,812.66,0.0,1
2025-08-02 06:45:43.384,195.8,812.66,0.0,1
2025-08-02 06:45:43.535,195.8,812.66,0.0,1
2025-08-02 06:45:43.688,195.8,812.66,0.0,1
2025-08-02 06:45:43.868,195.8,812.66,0.0,1
2025-08-02 06:45:43.997,195.8,812.66,0.0,1
2025-08-02 06:45:44.064,195.8,812.66,0.0,1
2025-08-02 06:45:44.157,195.8,812.66,0.0,1
2025-08-02 06:45:44.261,195.8,812.66,0.0,1
2025-08-02 06:45:44.411,195.8,812.66,0.0,1
2025-08-02 06:45:44.561,195.8,812.66,0.0,1
2025-08-02 06:45:44.743,195.8,812.66,0.0,1
2025-08-02 06:45:44.878,195.8,812.66,0.0,1
2025-08-02 06:45:45.029,195.8,812.66,0.0,1
2025-08-02 06:45:45.128,195.8,812.66,0.0,1
2025-08-02 06:45:45.275,195.8,812.66,0.0,1
2025-08-02 06:45:45.438,195.8,812.66,0.0,1
2025-08-02 06:45:45.593,195.8,812.66,0.0,1
2025-08-02 06:45:45.743,195.8,812.66,0.0,1
2025-08-02 06:45:45.900,195.8,812.66,0.0,1
2025-08-02 06:45:45.979,195.8,812.66,0.0,1
2025-08-02 06:45:46.052,195.8,812.66,0.0,1
2025-08-02 06:45:46.125,195.8,812.66,0.0,1
2025-08-02 06:45:46.193,195.8,812.66,0.0,1
2025-08-02 06:45:46.292,195.8,812.66,0.0,1
2025-08-02 06:45:46.441,195.8,812.66,0.0,1
2025-08-02 06:45:46.586,195.8,812.66,0.0,1
2025-08-02 06:45:46.793,195.8,812.66,0.0,1
2025-08-02 06:45:46.995,195.8,812.66,0.0,1
2025-08-02 06:45:47.173,195.8,812.66,0.0,1
2025-08-02 06:45:47.304,195.8,812.84,0.0,1
2025-08-02 06:45:47.399,195.8,812.84,0.0,1
2025-08-02 06:45:47.551,195.8,812.84,0.0,1
2025-08-02 06:45:47.634,195.8,812.84,0.0,1
2025-08-02 06:45:47.727,195.8,812.84,0.0,1
2025-08-02 06:45:47.827,195.8,812.84,0.0,1
2025-08-02 06:45:47.973,195.8,812.84,0.0,1
2025-08-02 06:45:48.127,195.8,812.84,0.0,1
2025-08-02 06:45:48.281,195.8,812.84,0.0,1
2025-08-02 06:45:48.460,195.8,812.84,0.0,1
2025-08-02 06:45:48.590,195.8,812.84,0.0,1
2025-08-02 06:45:48.662,195.8,812.84,0.0,1
2025-08-02 06:45:48.752,195.8,812.84,0.0,1
2025-08-02 06:45:48.905,195.8,812.84,0.0,1
2025-08-02 06:45:49.056,195.8,812.84,0.0,1
2025-08-02 06:45:49.130,195.8,812.84,0.0,1
2025-08-02 06:45:49.203,195.8,812.84,0.0,1
2025-08-02 06:45:49.357,195.8,812.84,0.0,1
2025-08-02 06:45:49.531,195.8,812.84,0.0,1
2025-08-02 06:45:49.689,195.8,812.84,0.0,1
2025-08-02 06:45:49.847,195.8,812.84,0.0,1
2025-08-02 06:45:49.995,195.8,812.84,0.0,1
2025-08-02 06:45:50.069,195.8,812.84,0.0,1
2025-08-02 06:45:50.170,195.8,812.84,0.0,1
2025-08-02 06:45:50.319,195.8,812.84,0.0,1
2025-08-02 06:45:50.471,195.8,812.84,0.0,1
2025-08-02 06:45:50.609,195.8,812.84,0.0,1
2025-08-02 06:45:50.708,195.8,812.84,0.0,1
2025-08-02 06:45:50.908,195.8,812.84,0.0,1
2025-08-02 06:45:50.999,195.8,812.84,0.0,1
2025-08-02 06:45:51.150,195.8,812.84,0.0,1
2025-08-02 06:45:51.300,195.8,812.84,0.0,1
2025-08-02 06:45:51.455,195.8,812.84,0.0,1
2025-08-02 06:45:51.646,195.8,813.02,0.0,1
2025-08-02 06:45:51.784,195.8,813.02,0.0,1
2025-08-02 06:45:51.982,195.8,813.02,0.0,1
2025-08-02 06:45:52.175,195.8,813.02,0.0,1
2025-08-02 06:45:52.330,195.8,813.02,0.0,1
2025-08-02 06:45:52.475,195.8,813.02,0.0,1
2025-08-02 06:45:52.551,195.8,813.02,0.0,1
2025-08-02 06:45:52.620,195.8,813.02,0.0,1
2025-08-02 06:45:52.709,195.8,813.02,0.0,1
2025-08-02 06:45:52.857,195.8,813.02,0.0,1
2025-08-02 06:45:53.009,195.8,813.02,0.0,1
2025-08-02 06:45:53.106,195.8,813.02,0.0,1
2025-08-02 06:45:53.242,195.8,813.02,0.0,1
2025-08-02 06:45:53.398,195.8,813.02,0.0,1
2025-08-02 06:45:53.550,195.8,813.02,0.0,1
2025-08-02 06:45:53.629,195.8,813.02,0.0,1
2025-08-02 06:45:53.705,195.8,813.02,0.0,1
2025-08-02 06:45:53.776,195.8,813.02,0.0,1
2025-08-02 06:45:53.843,195.8,813.02,0.0,1
2025-08-02 06:45:53.943,195.8,813.02,0.0,1
2025-08-02 06:45:54.096,195.8,813.02,0.0,1
2025-08-02 06:45:54.245,195.8,813.02,0.0,1
2025-08-02 06:45:54.397,195.8,813.02,0.0,1
2025-08-02 06:45:54.573,195.8,813.02,0.0,1
2025-08-02 06:45:54.721,195.8,813.02,0.0,1
2025-08-02 06:45:54.877,195.8,813.02,0.0,1
2025-08-02 06:45:55.062,195.8,813.02,0.0,1
2025-08-02 06:45:55.190,195.8,813.02,0.0,1
2025-08-02 06:45:55.263,195.8,813.02,0.0,1
2025-08-02 06:45:55.407,195.8,813.02,0.0,1
2025-08-02 06:45:55.486,195.8,813.2,0.0,1
2025-08-02 06:45:55.555,195.8,813.2,0.0,1
2025-08-02 06:45:55.657,195.8,813.2,0.0,1
2025-08-02 06:45:55.805,195.8,813.2,0.0,1
2025-08-02 06:45:55.878,195.8,813.2,0.0,1
2025-08-02 06:45:55.949,195.8,813.2,0.0,1
2025-08-02 06:45:56.039,195.8,813.2,0.0,1
2025-08-02 06:45:56.190,195.8,813.2,0.0,1
2025-08-02 06:45:56.340,195.8,813.2,0.0,1
2025-08-02 06:45:56.423,195.8,813.2,0.0,1
2025-08-02 06:45:56.518,195.8,813.2,0.0,1
2025-08-02 06:45:56.656,195.8,813.2,0.0,1
2025-08-02 06:45:56.868,195.8,813.2,0.0,1
2025-08-02 06:45:57.063,195.8,813.2,0.0,1
2025-08-02 06:45:57.207,195.8,813.2,0.0,1
2025-08-02 06:45:57.282,195.8,813.2,0.0,1
2025-08-02 06:45:57.375,195.8,813.2,0.0,1
2025-08-02 06:45:57.444,195.8,813.2,0.0,1
2025-08-02 06:45:57.544,195.8,813.2,0.0,1
2025-08-02 06:45:57.692,195.8,813.2,0.0,1
2025-08-02 06:45:57.767,195.8,813.2,0.0,1
2025-08-02 06:45:57.835,195.8,813.2,0.0,1
2025-08-02 06:45:57.926,195.8,813.2,0.0,1
2025-08-02 06:45:57.992,195.8,813.2,0.0,1
2025-08-02 06:45:58.091,195.8,813.2,0.0,1
2025-08-02 06:45:58.219,195.8,813.2,0.0,1
2025-08-02 06:45:58.287,195.8,813.2,0.0,1
2025-08-02 06:45:58.387,195.8,813.2,0.0,1
2025-08-02 06:45:58.536,195.8,813.2,0.0,1
2025-08-02 06:45:58.720,195.8,813.2,0.0,1
2025-08-02 06:45:58.870,195.8,813.2,0.0,1
2025-08-02 06:45:59.016,195.8,813.2,0.0,1
2025-08-02 06:45:59.191,195.8,813.2,0.0,1
2025-08-02 06:45:59.350,195.8,813.2,0.0,1
2025-08-02 06:45:59.504,195.8,813.2,0.0,1
2025-08-02 06:45:59.671,195.8,813.2,0.0,1
2025-08-02 06:45:59.827,195.8,813.2,0.0,1
2025-08-02 06:45:59.987,195.8,813.2,0.0,1
2025-08-02 06:46:00.161,195.8,813.2,0.0,1
2025-08-02 06:46:00.312,195.8,813.38,0.0,1
2025-08-02 06:46:00.458,195.8,813.38,0.0,1
2025-08-02 06:46:00.640,195.8,813.38,0.0,1
2025-08-02 06:46:00.793,195.8,813.38,0.0,1
2025-08-02 06:46:00.925,195.8,813.38,0.0,1
2025-08-02 06:46:01.025,195.8,813.38,0.0,1
2025-08-02 06:46:01.171,195.8,813.38,0.0,1
2025-08-02 06:46:01.351,195.8,813.38,0.0,1
2025-08-02 06:46:01.502,195.8,813.38,0.0,1
2025-08-02 06:46:01.656,195.8,813.38,0.0,1
2025-08-02 06:46:01.859,195.8,813.38,0.0,1
2025-08-02 06:46:02.060,195.8,813.38,0.0,1
2025-08-02 06:46:02.238,195.8,813.38,0.0,1
2025-08-02 06:46:02.363,195.8,813.38,0.0,1
2025-08-02 06:46:02.461,195.8,813.38,0.0,1
2025-08-02 06:46:02.608,195.8,813.38,0.0,1
2025-08-02 06:46:02.704,195.8,813.38,0.0,1
2025-08-02 06:46:02.850,195.8,813.38,0.0,1
2025-08-02 06:46:03.007,195.8,813.38,0.0,1
2025-08-02 06:46:03.267,195.8,813.38,0.0,1
2025-08-02 06:46:03.434,195.8,813.38,0.0,1
2025-08-02 06:46:03.566,195.8,813.38,0.0,1
2025-08-02 06:46:03.715,197.6,813.38,0.0,1
2025-08-02 06:46:03.808,197.6,813.38,0.0,1
2025-08-02 06:46:03.953,197.6,813.38,0.0,1
2025-08-02 06:46:04.054,197.6,813.38,0.0,1
2025-08-02 06:46:04.204,197.6,813.38,0.0,1
2025-08-02 06:46:04.380,197.6,813.38,0.0,1
2025-08-02 06:46:04.528,197.6,813.38,0.0,1
2025-08-02 06:46:04.695,197.6,813.38,0.0,1
2025-08-02 06:46:04.826,197.6,813.38,0.0,1
2025-08-02 06:46:04.917,195.8,813.38,0.0,1
2025-08-02 06:46:05.017,195.8,813.38,0.0,1
2025-08-02 06:46:05.166,195.8,813.38,0.0,1
2025-08-02 06:46:05.317,197.6,813.38,0.0,1
2025-08-02 06:46:05.499,197.6,813.38,0.0,1
2025-08-02 06:46:05.660,197.6,813.38,0.0,1
2025-08-02 06:46:05.790,197.6,813.38,0.0,1
2025-08-02 06:46:05.869,197.6,813.38,0.0,1
2025-08-02 06:46:05.967,197.6,813.38,0.0,1
2025-08-02 06:46:06.125,197.6,813.38,0.0,1
2025-08-02 06:46:06.278,197.6,813.38,0.0,1
2025-08-02 06:46:06.461,197.6,813.56,0.0,1
2025-08-02 06:46:06.653,197.6,813.56,0.0,1
2025-08-02 06:46:06.854,197.6,813.56,0.0,1
2025-08-02 06:46:06.984,197.6,813.56,0.0,1
2025-08-02 06:46:07.145,197.6,813.56,0.0,1
2025-08-02 06:46:07.327,197.6,813.56,0.0,1
2025-08-02 06:46:07.483,197.6,813.56,0.0,1
2025-08-02 06:46:07.610,197.6,813.56,0.0,1
2025-08-02 06:46:07.709,197.6,813.56,0.0,1
2025-08-02 06:46:07.855,197.6,813.56,0.0,1
2025-08-02 06:46:07.953,197.6,813.56,0.0,1
2025-08-02 06:46:08.106,197.6,813.56,0.0,1
2025-08-02 06:46:08.261,197.6,813.56,0.0,1
2025-08-02 06:46:08.441,197.6,813.56,0.0,1
2025-08-02 06:46:08.586,197.6,813.56,0.0,1
2025-08-02 06:46:08.737,197.6,813.56,0.0,1
2025-08-02 06:46:08.915,197.6,813.56,0.0,1
2025-08-02 06:46:09.068,197.6,813.56,0.0,1
2025-08-02 06:46:09.227,197.6,813.56,0.0,1
2025-08-02 06:46:09.383,197.6,813.56,0.0,1
2025-08-02 06:46:09.533,197.6,813.56,0.0,1
2025-08-02 06:46:09.627,197.6,813.56,0.0,1
2025-08-02 06:46:09.775,197.6,813.56,0.0,1
2025-08-02 06:46:09.964,197.6,813.56,0.0,1
2025-08-02 06:46:10.114,197.6,813.56,0.0,1
2025-08-02 06:46:10.263,197.6,813.56,0.0,1
2025-08-02 06:46:10.414,197.6,813.56,0.0,1
2025-08-02 06:46:10.491,197.6,813.56,0.0,1
2025-08-02 06:46:10.558,197.6,813.56,0.0,1
2025-08-02 06:46:10.648,197.6,813.56,0.0,1
2025-08-02 06:46:10.748,197.6,813.56,0.0,1
2025-08-02 06:46:10.890,197.6,813.56,0.0,1
2025-08-02 06:46:11.041,197.6,813.56,0.0,1
2025-08-02 06:46:11.195,197.6,813.56,0.0,1
2025-08-02 06:46:11.346,197.6,813.56,0.0,1
2025-08-02 06:46:11.421,197.6,813.56,0.0,1
2025-08-02 06:46:11.492,197.6,813.56,0.0,1
2025-08-02 06:46:11.650,197.6,813.56,0.0,1
2025-08-02 06:46:11.863,197.6,813.56,0.0,1
2025-08-02 06:46:12.053,197.6,813.56,0.0,1
2025-08-02 06:46:12.203,197.6,813.56,0.0,1
2025-08-02 06:46:12.367,197.6,813.56,0.0,1
2025-08-02 06:46:12.500,197.6,813.74,0.0,1
2025-08-02 06:46:12.593,197.6,813.74,0.0,1
2025-08-02 06:46:12.694,197.6,813.74,0.0,1
2025-08-02 06:46:12.841,197.6,813.74,0.0,1
2025-08-02 06:46:12.916,197.6,813.74,0.0,1
2025-08-02 06:46:13.010,197.6,813.74,0.0,1
2025-08-02 06:46:13.191,197.6,813.74,0.0,1
2025-08-02 06:46:13.311,197.6,813.74,0.0,1
2025-08-02 06:46:13.382,197.6,813.74,0.0,1
2025-08-02 06:46:13.530,197.6,813.74,0.0,1
2025-08-02 06:46:13.606,197.6,813.74,0.0,1
2025-08-02 06:46:13.673,197.6,813.74,0.0,1
2025-08-02 06:46:13.777,197.6,813.74,0.0,1
2025-08-02 06:46:13.926,197.6,813.74,0.0,1
2025-08-02 06:46:14.076,197.6,813.74,0.0,1
2025-08-02 06:46:14.252,197.6,813.74,0.0,1
2025-08-02 06:46:14.400,197.6,813.74,0.0,1
2025-08-02 06:46:14.548,197.6,813.74,0.0,1
2025-08-02 06:46:14.644,197.6,813.74,0.0,1
2025-08-02 06:46:14.796,197.6,813.74,0.0,1
2025-08-02 06:46:14.958,197.6,813.74,0.0,1
2025-08-02 06:46:15.118,197.6,813.74,0.0,1
2025-08-02 06:46:15.268,197.6,813.74,0.0,1
2025-08-02 06:46:15.426,197.6,813.74,0.0,1
2025-08-02 06:46:15.584,197.6,813.74,0.0,1
2025-08-02 06:46:15.759,197.6,813.74,0.0,1
2025-08-02 06:46:16.020,197.6,813.74,0.0,1
2025-08-02 06:46:16.142,197.6,813.74,0.0,1
2025-08-02 06:46:16.284,197.6,813.74,0.0,1
2025-08-02 06:46:16.383,197.6,813.74,0.0,1
2025-08-02 06:46:16.579,197.6,813.74,0.0,1
2025-08-02 06:46:16.778,197.6,813.74,0.0,1
2025-08-02 06:46:16.909,197.6,813.74,0.0,1
2025-08-02 06:46:17.117,197.6,813.74,0.0,1
2025-08-02 06:46:17.217,197.6,813.74,0.0,1
2025-08-02 06:46:17.316,197.6,813.74,0.0,1
2025-08-02 06:46:17.471,197.6,813.74,0.0,1
2025-08-02 06:46:17.792,197.6,813.74,0.0,1
2025-08-02 06:46:17.947,197.6,813.74,0.0,1
2025-08-02 06:46:18.121,197.6,813.74,0.0,1
2025-08-02 06:46:18.272,197.6,813.74,0.0,1
2025-08-02 06:46:18.428,197.6,813.74,0.0,1
2025-08-02 06:46:18.585,197.6,813.74,0.0,1
2025-08-02 06:46:18.772,197.6,813.74,0.0,1
2025-08-02 06:46:18.893,197.6,813.92,0.0,1
2025-08-02 06:46:18.991,197.6,813.92,0.0,1
2025-08-02 06:46:19.140,197.6,813.92,0.0,1
2025-08-02 06:46:19.298,197.6,813.92,0.0,1
2025-08-02 06:46:19.446,197.6,813.92,0.0,1
2025-08-02 06:46:19.599,197.6,813.92,0.0,1
2025-08-02 06:46:19.777,197.6,813.92,0.0,1
2025-08-02 06:46:19.927,197.6,813.92,0.0,1
2025-08-02 06:46:20.078,197.6,813.92,0.0,1
2025-08-02 06:46:20.265,197.6,813.92,0.0,1
2025-08-02 06:46:20.393,197.6,813.92,0.0,1
2025-08-02 06:46:20.489,197.6,813.92,0.0,1
2025-08-02 06:46:20.607,197.6,813.92,0.0,1
2025-08-02 06:46:20.707,197.6,813.92,0.0,1
2025-08-02 06:46:20.859,197.6,813.92,0.0,1
2025-08-02 06:46:20.992,197.6,813.92,0.0,1
2025-08-02 06:46:21.092,197.6,813.92,0.0,1
2025-08-02 06:46:21.245,197.6,813.92,0.0,1
2025-08-02 06:46:21.383,197.6,813.92,0.0,1
2025-08-02 06:46:21.575,197.6,813.92,0.0,1
2025-08-02 06:46:21.783,197.6,813.92,0.0,1
2025-08-02 06:46:21.977,197.6,813.92,0.0,1
2025-08-02 06:46:22.169,197.6,813.92,0.0,1
2025-08-02 06:46:22.245,197.6,813.92,0.0,1
2025-08-02 06:46:22.315,197.6,813.92,0.0,1
2025-08-02 06:46:22.418,197.6,813.92,0.0,1
2025-08-02 06:46:22.567,197.6,813.92,0.0,1
2025-08-02 06:46:22.739,197.6,813.92,0.0,1
2025-08-02 06:46:22.890,197.6,813.92,0.0,1
2025-08-02 06:46:23.045,197.6,813.92,0.0,1
2025-08-02 06:46:23.199,197.6,813.92,0.0,1
2025-08-02 06:46:23.385,197.6,813.92,0.0,1
2025-08-02 06:46:23.509,197.6,813.92,0.0,1
2025-08-02 06:46:23.584,197.6,813.92,0.0,1
2025-08-02 06:46:23.649,197.6,813.92,0.0,1
2025-08-02 06:46:23.717,197.6,813.92,0.0,1
2025-08-02 06:46:23.817,197.6,813.92,0.0,1
2025-08-02 06:46:23.967,197.6,813.92,0.0,1
2025-08-02 06:46:24.065,197.6,813.92,0.0,1
2025-08-02 06:46:24.213,197.6,813.92,0.0,1
2025-08-02 06:46:24.370,197.6,813.92,0.0,1
2025-08-02 06:46:24.494,197.6,813.92,0.0,1
2025-08-02 06:46:24.592,197.6,813.92,0.0,1
2025-08-02 06:46:24.746,197.6,813.92,0.0,1
2025-08-02 06:46:24.906,197.6,813.92,0.0,1
2025-08-02 06:46:25.055,197.6,813.92,0.0,1
2025-08-02 06:46:25.129,197.6,813.92,0.0,1
2025-08-02 06:46:25.332,197.6,813.92,0.0,1
2025-08-02 06:46:25.463,197.6,813.92,0.0,1
2025-08-02 06:46:25.612,197.6,813.92,0.0,1
2025-08-02 06:46:25.711,197.6,813.92,0.0,1
2025-08-02 06:46:25.860,197.6,813.92,0.0,1
2025-08-02 06:46:26.006,197.6,813.92,0.0,1
2025-08-02 06:46:26.102,197.6,813.92,0.0,1
2025-08-02 06:46:26.395,197.6,813.92,0.0,1
2025-08-02 06:46:26.496,197.6,813.92,0.0,1
2025-08-02 06:46:26.654,197.6,813.92,0.0,1
2025-08-02 06:46:26.785,197.6,813.92,0.0,1
2025-08-02 06:46:26.991,197.6,814.1,0.0,1
2025-08-02 06:46:27.187,197.6,814.1,0.0,1
2025-08-02 06:46:27.364,197.6,814.1,0.0,1
2025-08-02 06:46:27.515,197.6,814.1,0.0,1
2025-08-02 06:46:27.669,197.6,814.1,0.0,1
2025-08-02 06:46:27.805,197.6,814.1,0.0,1
2025-08-02 06:46:27.905,197.6,814.1,0.0,1
2025-08-02 06:46:28.105,197.6,814.1,0.0,1
2025-08-02 06:46:28.258,197.6,814.1,0.0,1
2025-08-02 06:46:28.341,197.6,814.1,0.0,1
2025-08-02 06:46:28.409,197.6,814.1,0.0,1
2025-08-02 06:46:28.511,197.6,814.1,0.0,1
2025-08-02 06:46:28.663,197.6,814.1,0.0,1
2025-08-02 06:46:28.816,197.6,814.1,0.0,1
2025-08-02 06:46:29.104,197.6,814.1,0.0,1
2025-08-02 06:46:29.174,197.6,814.1,0.0,1
2025-08-02 06:46:29.334,197.6,814.1,0.0,1
2025-08-02 06:46:29.428,197.6,814.1,0.0,1
2025-08-02 06:46:29.576,197.6,814.1,0.0,1
2025-08-02 06:46:29.727,197.6,814.1,0.0,1
2025-08-02 06:46:29.829,197.6,814.1,0.0,1
2025-08-02 06:46:29.958,197.6,814.1,0.0,1
2025-08-02 06:46:30.036,197.6,814.1,0.0,1
2025-08-02 06:46:30.129,197.6,814.1,0.0,1
2025-08-02 06:46:30.288,197.6,814.1,0.0,1
2025-08-02 06:46:30.445,197.6,814.1,0.0,1
2025-08-02 06:46:30.598,197.6,814.1,0.0,1
2025-08-02 06:46:30.748,197.6,814.1,0.0,1
2025-08-02 06:46:30.825,197.6,814.1,0.0,1
2025-08-02 06:46:30.897,197.6,814.1,0.0,1
2025-08-02 06:46:30.997,197.6,814.1,0.0,1
2025-08-02 06:46:31.146,197.6,814.28,0.0,1
2025-08-02 06:46:31.304,197.6,814.28,0.0,1
2025-08-02 06:46:31.481,197.6,814.28,0.0,1
2025-08-02 06:46:31.646,197.6,814.28,0.0,1
2025-08-02 06:46:31.774,197.6,814.28,0.0,1
2025-08-02 06:46:31.980,197.6,814.28,0.0,1
2025-08-02 06:46:32.200,197.6,814.28,0.0,1
2025-08-02 06:46:32.352,197.6,814.28,0.0,1
2025-08-02 06:46:32.473,197.6,814.28,0.0,1
2025-08-02 06:46:32.578,197.6,814.28,0.0,1
2025-08-02 06:46:32.672,197.6,814.28,0.0,1
2025-08-02 06:46:32.819,197.6,814.28,0.0,1
2025-08-02 06:46:32.986,197.6,814.28,0.0,1
2025-08-02 06:46:33.164,197.6,814.28,0.0,1
2025-08-02 06:46:33.286,197.6,814.28,0.0,1
2025-08-02 06:46:33.356,197.6,814.28,0.0,1
2025-08-02 06:46:33.454,197.6,814.28,0.0,1
2025-08-02 06:46:33.571,197.6,814.28,0.0,1
2025-08-02 06:46:33.648,197.6,814.28,0.0,1
2025-08-02 06:46:33.826,197.6,814.28,0.0,1
2025-08-02 06:46:33.952,197.6,814.28,0.0,1
2025-08-02 06:46:34.046,197.6,814.28,0.0,1
2025-08-02 06:46:34.214,197.6,814.28,0.0,1
2025-08-02 06:46:34.394,197.6,814.28,0.0,1
2025-08-02 06:46:34.518,197.6,814.28,0.0,1
2025-08-02 06:46:34.693,197.6,814.28,0.0,1
2025-08-02 06:46:34.841,197.6,814.28,0.0,1
2025-08-02 06:46:35.016,197.6,814.28,0.0,1
2025-08-02 06:46:35.170,197.6,814.28,0.0,1
2025-08-02 06:46:35.322,197.6,814.28,0.0,1
2025-08-02 06:46:35.486,197.6,814.28,0.0,1
2025-08-02 06:46:35.641,197.6,814.28,0.0,1
2025-08-02 06:46:35.798,197.6,814.28,0.0,1
2025-08-02 06:46:35.977,197.6,814.28,0.0,1
2025-08-02 06:46:36.128,197.6,814.28,0.0,1
2025-08-02 06:46:36.278,197.6,814.28,0.0,1
2025-08-02 06:46:36.452,197.6,814.28,0.0,1
2025-08-02 06:46:36.646,197.6,814.28,0.0,1
2025-08-02 06:46:36.844,197.6,814.28,0.0,1
2025-08-02 06:46:36.974,197.6,814.28,0.0,1
2025-08-02 06:46:37.188,197.6,814.28,0.0,1
2025-08-02 06:46:37.310,197.6,814.28,0.0,1
2025-08-02 06:46:37.378,197.6,814.28,0.0,1
2025-08-02 06:46:37.451,197.6,814.28,0.0,1
2025-08-02 06:46:37.571,197.6,814.28,0.0,1
2025-08-02 06:46:37.717,197.6,814.28,0.0,1
2025-08-02 06:46:37.889,197.6,814.28,0.0,1
2025-08-02 06:46:38.047,197.6,814.28,0.0,1
2025-08-02 06:46:38.198,197.6,814.28,0.0,1
2025-08-02 06:46:38.376,197.6,814.28,0.0,1
2025-08-02 06:46:38.532,197.6,814.28,0.0,1
2025-08-02 06:46:38.687,197.6,814.28,0.0,1
2025-08-02 06:46:38.833,197.6,814.28,0.0,1
2025-08-02 06:46:38.905,197.6,814.28,0.0,1
2025-08-02 06:46:39.004,197.6,814.28,0.0,1
2025-08-02 06:46:39.151,197.6,814.28,0.0,1
2025-08-02 06:46:39.246,197.6,814.28,0.0,1
2025-08-02 06:46:39.394,197.6,814.46,0.0,1
2025-08-02 06:46:39.574,197.6,814.46,0.0,1
2025-08-02 06:46:39.726,197.6,814.46,0.0,1
2025-08-02 06:46:39.878,197.6,814.46,0.0,1
2025-08-02 06:46:40.055,197.6,814.46,0.0,1
2025-08-02 06:46:40.213,197.6,814.46,0.0,1
2025-08-02 06:46:40.344,197.6,814.46,0.0,1
2025-08-02 06:46:40.441,197.6,814.46,0.0,1
2025-08-02 06:46:40.580,197.6,814.46,0.0,1
2025-08-02 06:46:40.737,197.6,814.46,0.0,1
2025-08-02 06:46:40.889,197.6,814.46,0.0,1
2025-08-02 06:46:40.966,197.6,814.46,0.0,1
2025-08-02 06:46:41.035,197.6,814.46,0.0,1
2025-08-02 06:46:41.127,197.6,814.46,0.0,1
2025-08-02 06:46:41.248,197.6,814.46,0.0,1
2025-08-02 06:46:41.340,197.6,814.46,0.0,1
2025-08-02 06:46:41.496,197.6,814.46,0.0,1
2025-08-02 06:46:41.660,197.6,814.46,0.0,1
2025-08-02 06:46:42.009,197.6,814.46,0.0,1
2025-08-02 06:46:42.133,197.6,814.46,0.0,1
2025-08-02 06:46:42.312,197.6,814.46,0.0,1
2025-08-02 06:46:42.465,197.6,814.46,0.0,1
2025-08-02 06:46:42.595,197.6,814.46,0.0,1
2025-08-02 06:46:42.690,197.6,814.46,0.0,1
2025-08-02 06:46:42.844,197.6,814.46,0.0,1
2025-08-02 06:46:42.992,197.6,814.46,0.0,1
2025-08-02 06:46:43.088,197.6,814.46,0.0,1
2025-08-02 06:46:43.156,197.6,814.46,0.0,1
2025-08-02 06:46:43.226,197.6,814.46,0.0,1
2025-08-02 06:46:43.315,197.6,814.46,0.0,1
2025-08-02 06:46:43.415,197.6,814.46,0.0,1
2025-08-02 06:46:43.565,197.6,814.46,0.0,1
2025-08-02 06:46:43.741,197.6,814.46,0.0,1
2025-08-02 06:46:43.892,197.6,814.46,0.0,1
2025-08-02 06:46:44.044,197.6,814.46,0.0,1
2025-08-02 06:46:44.198,197.6,814.46,0.0,1
2025-08-02 06:46:44.369,197.6,814.46,0.0,1
2025-08-02 06:46:44.519,197.6,814.46,0.0,1
2025-08-02 06:46:44.669,197.6,814.46,0.0,1
2025-08-02 06:46:44.902,197.6,814.46,0.0,1
2025-08-02 06:46:45.059,197.6,814.46,0.0,1
2025-08-02 06:46:45.135,197.6,814.46,0.0,1
2025-08-02 06:46:45.201,197.6,814.46,0.0,1
2025-08-02 06:46:45.298,197.6,814.46,0.0,1
2025-08-02 06:46:45.447,197.6,814.46,0.0,1
2025-08-02 06:46:45.605,197.6,814.46,0.0,1
2025-08-02 06:46:45.779,197.6,814.46,0.0,1
2025-08-02 06:46:45.932,197.6,814.46,0.0,1
2025-08-02 06:46:46.085,197.6,814.46,0.0,1
2025-08-02 06:46:46.246,197.6,814.46,0.0,1
2025-08-02 06:46:46.397,197.6,814.46,0.0,1
2025-08-02 06:46:46.588,197.6,814.46,0.0,1
2025-08-02 06:46:46.798,197.6,814.64,0.0,1
2025-08-02 06:46:47.001,197.6,814.64,0.0,1
2025-08-02 06:46:47.194,197.6,814.64,0.0,1
2025-08-02 06:46:47.376,197.6,814.64,0.0,1
2025-08-02 06:46:47.528,197.6,814.64,0.0,1
2025-08-02 06:46:47.679,197.6,814.64,0.0,1
2025-08-02 06:46:47.856,197.6,814.64,0.0,1
2025-08-02 06:46:48.010,197.6,814.64,0.0,1
2025-08-02 06:46:48.134,197.6,814.64,0.0,1
2025-08-02 06:46:48.231,197.6,814.64,0.0,1
2025-08-02 06:46:48.330,197.6,814.64,0.0,1
2025-08-02 06:46:48.454,197.6,814.64,0.0,1
2025-08-02 06:46:48.531,197.6,814.64,0.0,1
2025-08-02 06:46:48.600,197.6,814.64,0.0,1
2025-08-02 06:46:48.694,197.6,814.64,0.0,1
2025-08-02 06:46:48.841,197.6,814.64,0.0,1
2025-08-02 06:46:48.991,197.6,814.64,0.0,1
2025-08-02 06:46:49.085,197.6,814.64,0.0,1
2025-08-02 06:46:49.237,197.6,814.64,0.0,1
2025-08-02 06:46:49.395,197.6,814.64,0.0,1
2025-08-02 06:46:49.565,197.6,814.64,0.0,1
2025-08-02 06:46:49.721,197.6,814.64,0.0,1
2025-08-02 06:46:49.873,197.6,814.64,0.0,1
2025-08-02 06:46:50.000,197.6,814.64,0.0,1
2025-08-02 06:46:50.093,197.6,814.64,0.0,1
2025-08-02 06:46:50.159,197.6,814.64,0.0,1
2025-08-02 06:46:50.248,197.6,814.64,0.0,1
2025-08-02 06:46:50.393,197.6,814.64,0.0,1
2025-08-02 06:46:50.488,197.6,814.64,0.0,1
2025-08-02 06:46:50.579,197.6,814.64,0.0,1
2025-08-02 06:46:50.725,197.6,814.64,0.0,1
2025-08-02 06:46:50.873,197.6,814.64,0.0,1
2025-08-02 06:46:51.036,197.6,814.64,0.0,1
2025-08-02 06:46:51.210,197.6,814.64,0.0,1
2025-08-02 06:46:51.363,197.6,814.64,0.0,1
2025-08-02 06:46:51.511,197.6,814.64,0.0,1
2025-08-02 06:46:51.724,197.6,814.64,0.0,1
2025-08-02 06:46:51.927,197.6,814.64,0.0,1
2025-08-02 06:46:52.226,197.6,814.64,0.0,1
2025-08-02 06:46:52.381,197.6,814.64,0.0,1
2025-08-02 06:46:52.455,197.6,814.64,0.0,1
2025-08-02 06:46:52.551,197.6,814.64,0.0,1
2025-08-02 06:46:52.702,197.6,814.64,0.0,1
2025-08-02 06:46:52.866,197.6,814.64,0.0,1
2025-08-02 06:46:53.021,197.6,814.64,0.0,1
2025-08-02 06:46:53.193,197.6,814.64,0.0,1
2025-08-02 06:46:53.336,197.6,814.64,0.0,1
2025-08-02 06:46:53.488,197.6,814.82,0.0,1
2025-08-02 06:46:53.566,197.6,814.82,0.0,1
2025-08-02 06:46:53.633,197.6,814.82,0.0,1
2025-08-02 06:46:53.733,197.6,814.82,0.0,1
2025-08-02 06:46:53.876,197.6,814.82,0.0,1
2025-08-02 06:46:53.968,197.6,814.82,0.0,1
2025-08-02 06:46:54.117,197.6,814.82,0.0,1
2025-08-02 06:46:54.268,197.6,814.82,0.0,1
2025-08-02 06:46:54.526,197.6,814.82,0.0,1
2025-08-02 06:46:54.655,197.6,814.82,0.0,1
2025-08-02 06:46:54.747,197.6,814.82,0.0,1
2025-08-02 06:46:54.973,197.6,814.82,0.0,1
2025-08-02 06:46:55.094,197.6,814.82,0.0,1
2025-08-02 06:46:55.238,197.6,814.82,0.0,1
2025-08-02 06:46:55.389,197.6,814.82,0.0,1
2025-08-02 06:46:55.517,197.6,814.82,0.0,1
2025-08-02 06:46:55.594,197.6,814.82,0.0,1
2025-08-02 06:46:55.773,197.6,814.82,0.0,1
2025-08-02 06:46:55.918,197.6,814.82,0.0,1
2025-08-02 06:46:56.066,197.6,814.82,0.0,1
2025-08-02 06:46:56.166,197.6,814.82,0.0,1
2025-08-02 06:46:56.307,197.6,814.82,0.0,1
2025-08-02 06:46:56.458,197.6,814.82,0.0,1
2025-08-02 06:46:56.648,197.6,814.82,0.0,1
2025-08-02 06:46:56.858,197.6,814.82,0.0,1
2025-08-02 06:46:57.063,197.6,814.82,0.0,1
2025-08-02 06:46:57.200,197.6,814.82,0.0,1
2025-08-02 06:46:57.332,197.6,814.82,0.0,1
2025-08-02 06:46:57.489,197.6,814.82,0.0,1
2025-08-02 06:46:57.647,197.6,814.82,0.0,1
2025-08-02 06:46:57.804,197.6,814.82,0.0,1
2025-08-02 06:46:57.956,197.6,814.82,0.0,1
2025-08-02 06:46:58.113,197.6,814.82,0.0,1
2025-08-02 06:46:58.191,197.6,814.82,0.0,1
2025-08-02 06:46:58.262,197.6,814.82,0.0,1
2025-08-02 06:46:58.414,197.6,814.82,0.0,1
2025-08-02 06:46:58.588,197.6,814.82,0.0,1
2025-08-02 06:46:58.746,197.6,814.82,0.0,1
2025-08-02 06:46:58.909,197.6,814.82,0.0,1
2025-08-02 06:46:59.058,197.6,814.82,0.0,1
2025-08-02 06:46:59.211,197.6,814.82,0.0,1
2025-08-02 06:46:59.305,197.6,814.82,0.0,1
2025-08-02 06:46:59.457,197.6,814.82,0.0,1
2025-08-02 06:46:59.553,197.6,814.82,0.0,1
2025-08-02 06:46:59.701,197.6,815.0,0.0,1
2025-08-02 06:46:59.863,197.6,815.0,0.0,1
2025-08-02 06:47:00.050,197.6,815.0,0.0,1
2025-08-02 06:47:00.170,197.6,815.0,0.0,1
2025-08-02 06:47:00.271,197.6,815.0,0.0,1
2025-08-02 06:47:00.421,197.6,815.0,0.0,1
2025-08-02 06:47:00.572,197.6,815.0,0.0,1
2025-08-02 06:47:00.723,197.6,815.0,0.0,1
2025-08-02 06:47:00.883,197.6,815.0,0.0,1
2025-08-02 06:47:01.070,197.6,815.0,0.0,1
2025-08-02 06:47:01.198,197.6,815.0,0.0,1
2025-08-02 06:47:01.348,197.6,815.0,0.0,1
2025-08-02 06:47:01.426,197.6,815.0,0.0,1
2025-08-02 06:47:01.517,197.6,815.0,0.0,1
2025-08-02 06:47:01.733,197.6,815.0,0.0,1
2025-08-02 06:47:01.937,197.6,815.0,0.0,1
2025-08-02 06:47:02.133,197.6,815.0,0.0,1
2025-08-02 06:47:02.320,197.6,815.0,0.0,1
2025-08-02 06:47:02.476,197.6,815.0,0.0,1
2025-08-02 06:47:02.603,197.6,815.0,0.0,1
2025-08-02 06:47:02.701,197.6,815.0,0.0,1
2025-08-02 06:47:02.861,197.6,815.0,0.0,1
2025-08-02 06:47:03.010,197.6,815.0,0.0,1
2025-08-02 06:47:03.164,197.6,815.0,0.0,1
2025-08-02 06:47:03.341,197.6,815.0,0.0,1
2025-08-02 06:47:03.473,197.6,815.0,0.0,1
2025-08-02 06:47:03.574,197.6,815.0,0.0,1
2025-08-02 06:47:03.722,197.6,815.0,0.0,1
2025-08-02 06:47:03.910,197.6,815.0,0.0,1
2025-08-02 06:47:04.037,197.6,815.0,0.0,1
2025-08-02 06:47:04.111,197.6,815.0,0.0,1
2025-08-02 06:47:04.188,197.6,815.0,0.0,1
2025-08-02 06:47:04.261,197.6,815.0,0.0,1
2025-08-02 06:47:04.361,197.6,815.0,0.0,1
2025-08-02 06:47:04.513,197.6,815.0,0.0,1
2025-08-02 06:47:04.640,197.6,815.0,0.0,1
2025-08-02 06:47:04.745,197.6,815.0,0.0,1
2025-08-02 06:47:04.907,197.6,815.0,0.0,1
2025-08-02 06:47:05.033,197.6,815.0,0.0,1
2025-08-02 06:47:05.100,197.6,815.0,0.0,1
2025-08-02 06:47:05.243,197.6,815.0,0.0,1
2025-08-02 06:47:05.348,197.6,815.0,0.0,1
2025-08-02 06:47:05.494,197.6,815.0,0.0,1
2025-08-02 06:47:05.655,197.6,815.0,0.0,1
2025-08-02 06:47:05.779,197.6,815.0,0.0,1
2025-08-02 06:47:05.856,197.6,815.0,0.0,1
2025-08-02 06:47:05.922,197.6,815.0,0.0,1
2025-08-02 06:47:06.026,197.6,815.0,0.0,1
2025-08-02 06:47:06.188,197.6,815.0,0.0,1
2025-08-02 06:47:06.340,197.6,815.0,0.0,1
2025-08-02 06:47:06.516,197.6,815.0,0.0,1
2025-08-02 06:47:06.650,197.6,815.0,0.0,1
2025-08-02 06:47:06.858,197.6,815.0,0.0,1
2025-08-02 06:47:07.058,197.6,815.18,0.0,1
2025-08-02 06:47:07.212,199.4,815.18,0.0,1
2025-08-02 06:47:07.338,199.4,815.18,0.0,1
2025-08-02 06:47:07.438,199.4,815.18,0.0,1
2025-08-02 06:47:07.588,197.6,815.18,0.0,1
2025-08-02 06:47:07.759,197.6,815.18,0.0,1
2025-08-02 06:47:08.004,197.6,815.18,0.0,1
2025-08-02 06:47:08.147,199.4,815.18,0.0,1
2025-08-02 06:47:08.223,199.4,815.18,0.0,1
2025-08-02 06:47:08.291,199.4,815.18,0.0,1
2025-08-02 06:47:08.358,199.4,815.18,0.0,1
2025-08-02 06:47:08.425,199.4,815.18,0.0,1
2025-08-02 06:47:08.523,199.4,815.18,0.0,1
2025-08-02 06:47:08.688,199.4,815.18,0.0,1
2025-08-02 06:47:08.838,199.4,815.18,0.0,1
2025-08-02 06:47:08.986,199.4,815.18,0.0,1
2025-08-02 06:47:09.064,197.6,815.18,0.0,1
2025-08-02 06:47:09.210,197.6,815.18,0.0,1
2025-08-02 06:47:09.309,197.6,815.18,0.0,1
2025-08-02 06:47:09.462,199.4,815.18,0.0,1
2025-08-02 06:47:09.587,199.4,815.18,0.0,1
2025-08-02 06:47:09.686,199.4,815.18,0.0,1
2025-08-02 06:47:09.830,199.4,815.18,0.0,1
2025-08-02 06:47:09.925,199.4,815.18,0.0,1
2025-08-02 06:47:10.075,199.4,815.18,0.0,1
2025-08-02 06:47:10.226,197.6,815.18,0.0,1
2025-08-02 06:47:10.377,197.6,815.18,0.0,1
2025-08-02 06:47:10.531,197.6,815.18,0.0,1
2025-08-02 06:47:10.603,199.4,815.18,0.0,1
2025-08-02 06:47:10.671,199.4,815.18,0.0,1
2025-08-02 06:47:10.845,199.4,815.18,0.0,1
2025-08-02 06:47:10.968,197.6,815.18,0.0,1
2025-08-02 06:47:11.043,197.6,815.18,0.0,1
2025-08-02 06:47:11.142,197.6,815.18,0.0,1
2025-08-02 06:47:11.276,199.4,815.18,0.0,1
2025-08-02 06:47:11.424,199.4,815.18,0.0,1
2025-08-02 06:47:11.575,199.4,815.18,0.0,1
2025-08-02 06:47:11.778,199.4,815.18,0.0,1
2025-08-02 06:47:11.970,199.4,815.18,0.0,1
2025-08-02 06:47:12.152,199.4,815.18,0.0,1
2025-08-02 06:47:12.304,199.4,815.18,0.0,1
2025-08-02 06:47:12.451,199.4,815.18,0.0,1
2025-08-02 06:47:12.634,199.4,815.18,0.0,1
2025-08-02 06:47:12.790,199.4,815.18,0.0,1
2025-08-02 06:47:12.938,199.4,815.18,0.0,1
2025-08-02 06:47:13.123,199.4,815.18,0.0,1
2025-08-02 06:47:13.251,199.4,815.18,0.0,1
2025-08-02 06:47:13.326,199.4,815.18,0.0,1
2025-08-02 06:47:13.473,199.4,815.18,0.0,1
2025-08-02 06:47:13.653,197.6,815.18,0.0,1
2025-08-02 06:47:13.805,197.6,815.18,0.0,1
2025-08-02 06:47:13.957,197.6,815.18,0.0,1
2025-08-02 06:47:14.134,199.4,815.18,0.0,1
2025-08-02 06:47:14.287,199.4,815.18,0.0,1
2025-08-02 06:47:14.437,199.4,815.18,0.0,1
2025-08-02 06:47:14.618,199.4,815.18,0.0,1
2025-08-02 06:47:14.773,199.4,815.18,0.0,1
2025-08-02 06:47:14.895,199.4,815.18,0.0,1
2025-08-02 06:47:14.989,199.4,815.18,0.0,1
2025-08-02 06:47:15.143,199.4,815.18,0.0,1
2025-08-02 06:47:15.293,199.4,815.18,0.0,1
2025-08-02 06:47:15.385,199.4,815.18,0.0,1
2025-08-02 06:47:15.486,199.4,815.18,0.0,1
2025-08-02 06:47:15.638,199.4,815.18,0.0,1
2025-08-02 06:47:15.791,199.4,815.18,0.0,1
2025-08-02 06:47:15.918,199.4,815.18,0.0,1
2025-08-02 06:47:16.018,199.4,815.18,0.0,1
2025-08-02 06:47:16.166,199.4,815.18,0.0,1
2025-08-02 06:47:16.268,199.4,815.18,0.0,1
2025-08-02 06:47:16.413,199.4,815.18,0.0,1
2025-08-02 06:47:16.581,199.4,815.18,0.0,1
2025-08-02 06:47:16.713,199.4,815.18,0.0,1
2025-08-02 06:47:16.917,199.4,815.18,0.0,1
2025-08-02 06:47:17.123,199.4,815.18,0.0,1
2025-08-02 06:47:17.275,199.4,815.18,0.0,1
2025-08-02 06:47:17.431,199.4,815.18,0.0,1
2025-08-02 06:47:17.588,199.4,815.18,0.0,1
2025-08-02 06:47:17.720,199.4,815.18,0.0,1
2025-08-02 06:47:17.818,199.4,815.18,0.0,1
2025-08-02 06:47:17.964,199.4,815.18,0.0,1
2025-08-02 06:47:18.117,199.4,815.18,0.0,1
2025-08-02 06:47:18.273,199.4,815.18,0.0,1
2025-08-02 06:47:18.350,199.4,815.18,0.0,1
2025-08-02 06:47:18.445,199.4,815.18,0.0,1
2025-08-02 06:47:18.590,199.4,815.18,0.0,1
2025-08-02 06:47:18.751,199.4,815.18,0.0,1
2025-08-02 06:47:18.901,199.4,815.18,0.0,1
2025-08-02 06:47:19.070,199.4,815.18,0.0,1
2025-08-02 06:47:19.230,199.4,815.18,0.0,1
2025-08-02 06:47:19.388,199.4,815.18,0.0,1
2025-08-02 06:47:19.515,199.4,815.18,0.0,1
2025-08-02 06:47:19.607,199.4,815.18,0.0,1
2025-08-02 06:47:19.682,199.4,815.18,0.0,1
2025-08-02 06:47:19.777,199.4,815.18,0.0,1
2025-08-02 06:47:19.920,199.4,815.18,0.0,1
2025-08-02 06:47:20.066,199.4,815.18,0.0,1
2025-08-02 06:47:20.168,199.4,815.36,0.0,1
2025-08-02 06:47:20.438,199.4,815.36,0.0,1
2025-08-02 06:47:20.528,199.4,815.36,0.0,1
2025-08-02 06:47:20.620,199.4,815.36,0.0,1
2025-08-02 06:47:20.763,199.4,815.36,0.0,1
2025-08-02 06:47:20.907,199.4,815.36,0.0,1
2025-08-02 06:47:20.984,199.4,815.36,0.0,1
2025-08-02 06:47:21.148,199.4,815.36,0.0,1
2025-08-02 06:47:21.291,199.4,815.36,0.0,1
2025-08-02 06:47:21.358,199.4,815.36,0.0,1
2025-08-02 06:47:21.454,199.4,815.36,0.0,1
2025-08-02 06:47:21.587,199.4,815.36,0.0,1
2025-08-02 06:47:21.794,199.4,815.36,0.0,1
2025-08-02 06:47:21.996,199.4,815.36,0.0,1
2025-08-02 06:47:22.182,199.4,815.36,0.0,1
2025-08-02 06:47:22.313,199.4,815.36,0.0,1
2025-08-02 06:47:22.411,199.4,815.36,0.0,1
2025-08-02 06:47:22.550,199.4,815.36,0.0,1
2025-08-02 06:47:22.643,199.4,815.36,0.0,1
2025-08-02 06:47:22.742,199.4,815.36,0.0,1
2025-08-02 06:47:22.902,199.4,815.36,0.0,1
2025-08-02 06:47:23.027,199.4,815.36,0.0,1
2025-08-02 06:47:23.098,199.4,815.36,0.0,1
2025-08-02 06:47:23.186,199.4,815.36,0.0,1
2025-08-02 06:47:23.336,199.4,815.36,0.0,1
2025-08-02 06:47:23.488,199.4,815.36,0.0,1
2025-08-02 06:47:23.562,199.4,815.36,0.0,1
2025-08-02 06:47:23.631,199.4,815.36,0.0,1
2025-08-02 06:47:23.806,199.4,815.36,0.0,1
2025-08-02 06:47:23.929,199.4,815.36,0.0,1
2025-08-02 06:47:23.999,199.4,815.36,0.0,1
2025-08-02 06:47:24.152,199.4,815.36,0.0,1
2025-08-02 06:47:24.221,199.4,815.36,0.0,1
2025-08-02 06:47:24.348,199.4,815.36,0.0,1
2025-08-02 06:47:24.478,199.4,815.36,0.0,1
2025-08-02 06:47:24.573,199.4,815.36,0.0,1
2025-08-02 06:47:24.721,199.4,815.36,0.0,1
2025-08-02 06:47:24.877,199.4,815.36,0.0,1
2025-08-02 06:47:25.054,199.4,815.36,0.0,1
2025-08-02 06:47:25.199,199.4,815.36,0.0,1
2025-08-02 06:47:25.361,199.4,815.36,0.0,1
2025-08-02 06:47:25.539,199.4,815.36,0.0,1
2025-08-02 06:47:25.692,199.4,815.36,0.0,1
2025-08-02 06:47:25.838,199.4,815.36,0.0,1
2025-08-02 06:47:25.908,199.4,815.36,0.0,1
2025-08-02 06:47:25.976,199.4,815.36,0.0,1
2025-08-02 06:47:26.066,199.4,815.36,0.0,1
2025-08-02 06:47:26.208,199.4,815.36,0.0,1
2025-08-02 06:47:26.282,199.4,815.36,0.0,1
2025-08-02 06:47:26.351,199.4,815.36,0.0,1
2025-08-02 06:47:26.427,199.4,815.36,0.0,1
2025-08-02 06:47:26.563,199.4,815.36,0.0,1
2025-08-02 06:47:26.772,199.4,815.36,0.0,1
2025-08-02 06:47:26.901,199.4,815.36,0.0,1
2025-08-02 06:47:27.105,199.4,815.36,0.0,1
2025-08-02 06:47:27.237,199.4,815.36,0.0,1
2025-08-02 06:47:27.379,199.4,815.36,0.0,1
2025-08-02 06:47:27.445,199.4,815.36,0.0,1
2025-08-02 06:47:27.544,199.4,815.36,0.0,1
2025-08-02 06:47:27.690,199.4,815.36,0.0,1
2025-08-02 06:47:27.835,199.4,815.36,0.0,1
2025-08-02 06:47:27.937,199.4,815.36,0.0,1
2025-08-02 06:47:28.088,199.4,815.36,0.0,1
2025-08-02 06:47:28.237,199.4,815.36,0.0,1
2025-08-02 06:47:28.405,199.4,815.36,0.0,1
2025-08-02 06:47:28.555,199.4,815.36,0.0,1
2025-08-02 06:47:28.656,199.4,815.36,0.0,1
2025-08-02 06:47:28.802,199.4,815.36,0.0,1
2025-08-02 06:47:28.954,199.4,815.36,0.0,1
2025-08-02 06:47:29.025,199.4,815.36,0.0,1
2025-08-02 06:47:29.095,199.4,815.36,0.0,1
2025-08-02 06:47:29.196,199.4,815.36,0.0,1
2025-08-02 06:47:29.316,199.4,815.36,0.0,1
2025-08-02 06:47:29.386,199.4,815.36,0.0,1
2025-08-02 06:47:29.461,199.4,815.36,0.0,1
2025-08-02 06:47:29.565,199.4,815.36,0.0,1
2025-08-02 06:47:29.688,199.4,815.36,0.0,1
2025-08-02 06:47:29.755,199.4,815.36,0.0,1
2025-08-02 06:47:29.847,199.4,815.36,0.0,1
2025-08-02 06:47:29.971,199.4,815.36,0.0,1
2025-08-02 06:47:30.070,199.4,815.36,0.0,1
2025-08-02 06:47:30.220,199.4,815.36,0.0,1
2025-08-02 06:47:30.369,199.4,815.36,0.0,1
2025-08-02 06:47:30.551,199.4,815.36,0.0,1
2025-08-02 06:47:30.711,199.4,815.36,0.0,1
2025-08-02 06:47:30.838,199.4,815.36,0.0,1
2025-08-02 06:47:30.938,199.4,815.36,0.0,1
2025-08-02 06:47:31.088,199.4,815.36,0.0,1
2025-08-02 06:47:31.238,199.4,815.36,0.0,1
2025-08-02 06:47:31.419,199.4,815.36,0.0,1
2025-08-02 06:47:31.567,199.4,815.36,0.0,1
2025-08-02 06:47:31.706,199.4,815.36,0.0,1
2025-08-02 06:47:31.906,199.4,815.36,0.0,1
2025-08-02 06:47:32.036,199.4,815.36,0.0,1
2025-08-02 06:47:32.175,199.4,815.36,0.0,1
2025-08-02 06:47:32.274,199.4,815.36,0.0,1
2025-08-02 06:47:32.521,199.4,815.54,0.0,1
2025-08-02 06:47:32.590,199.4,815.54,0.0,1
2025-08-02 06:47:32.657,199.4,815.54,0.0,1
2025-08-02 06:47:32.724,199.4,815.54,0.0,1
2025-08-02 06:47:32.816,199.4,815.54,0.0,1
2025-08-02 06:47:32.907,199.4,815.54,0.0,1
2025-08-02 06:47:33.008,199.4,815.54,0.0,1
2025-08-02 06:47:33.155,199.4,815.54,0.0,1
2025-08-02 06:47:33.312,199.4,815.54,0.0,1
2025-08-02 06:47:33.460,199.4,815.54,0.0,1
2025-08-02 06:47:33.637,199.4,815.54,0.0,1
2025-08-02 06:47:33.785,199.4,815.54,0.0,1
2025-08-02 06:47:33.932,199.4,815.54,0.0,1
2025-08-02 06:47:34.108,199.4,815.54,0.0,1
2025-08-02 06:47:34.265,199.4,815.54,0.0,1
2025-08-02 06:47:34.414,199.4,815.54,0.0,1
2025-08-02 06:47:34.507,199.4,815.54,0.0,1
2025-08-02 06:47:34.651,199.4,815.54,0.0,1
2025-08-02 06:47:34.749,199.4,815.54,0.0,1
2025-08-02 06:47:34.898,199.4,815.54,0.0,1
2025-08-02 06:47:35.072,199.4,815.54,0.0,1
2025-08-02 06:47:35.227,199.4,815.54,0.0,1
2025-08-02 06:47:35.369,199.4,815.54,0.0,1
2025-08-02 06:47:35.462,199.4,815.54,0.0,1
2025-08-02 06:47:35.617,199.4,815.54,0.0,1
2025-08-02 06:47:35.769,199.4,815.54,0.0,1
2025-08-02 06:47:35.956,199.4,815.54,0.0,1
2025-08-02 06:47:36.076,199.4,815.54,0.0,1
2025-08-02 06:47:36.146,199.4,815.54,0.0,1
2025-08-02 06:47:36.246,199.4,815.54,0.0,1
2025-08-02 06:47:36.403,199.4,815.54,0.0,1
2025-08-02 06:47:36.570,199.4,815.54,0.0,1
2025-08-02 06:47:36.783,199.4,815.54,0.0,1
2025-08-02 06:47:36.985,199.4,815.54,0.0,1
2025-08-02 06:47:37.168,199.4,815.54,0.0,1
2025-08-02 06:47:37.273,199.4,815.54,0.0,1
2025-08-02 06:47:37.398,199.4,815.54,0.0,1
2025-08-02 06:47:37.500,199.4,815.54,0.0,1
2025-08-02 06:47:37.645,199.4,815.54,0.0,1
2025-08-02 06:47:37.803,199.4,815.54,0.0,1
2025-08-02 06:47:37.899,199.4,815.54,0.0,1
2025-08-02 06:47:38.048,199.4,815.54,0.0,1
2025-08-02 06:47:38.230,199.4,815.54,0.0,1
2025-08-02 06:47:38.376,199.4,815.54,0.0,1
2025-08-02 06:47:38.527,199.4,815.54,0.0,1
2025-08-02 06:47:38.709,199.4,815.54,0.0,1
2025-08-02 06:47:38.858,199.4,815.54,0.0,1
2025-08-02 06:47:39.011,199.4,815.54,0.0,1
2025-08-02 06:47:39.187,199.4,815.54,0.0,1
2025-08-02 06:47:39.341,199.4,815.54,0.0,1
2025-08-02 06:47:39.490,199.4,815.54,0.0,1
2025-08-02 06:47:39.667,199.4,815.54,0.0,1
2025-08-02 06:47:39.826,199.4,815.54,0.0,1
2025-08-02 06:47:39.952,199.4,815.54,0.0,1
2025-08-02 06:47:40.047,199.4,815.54,0.0,1
2025-08-02 06:47:40.139,199.4,815.54,0.0,1
2025-08-02 06:47:40.265,199.4,815.54,0.0,1
2025-08-02 06:47:40.415,199.4,815.54,0.0,1
2025-08-02 06:47:40.593,199.4,815.54,0.0,1
2025-08-02 06:47:40.745,199.4,815.54,0.0,1
2025-08-02 06:47:40.901,199.4,815.72,0.0,1
2025-08-02 06:47:41.086,199.4,815.72,0.0,1
2025-08-02 06:47:41.213,199.4,815.72,0.0,1
2025-08-02 06:47:41.305,199.4,815.72,0.0,1
2025-08-02 06:47:41.450,199.4,815.72,0.0,1
2025-08-02 06:47:41.564,199.4,815.72,0.0,1
2025-08-02 06:47:41.915,199.4,815.72,0.0,1
2025-08-02 06:47:42.113,199.4,815.72,0.0,1
2025-08-02 06:47:42.273,199.4,815.72,0.0,1
2025-08-02 06:47:42.425,199.4,815.72,0.0,1
2025-08-02 06:47:42.598,199.4,815.72,0.0,1
2025-08-02 06:47:42.770,199.4,815.72,0.0,1
2025-08-02 06:47:42.892,199.4,815.72,0.0,1
2025-08-02 06:47:42.986,199.4,815.72,0.0,1
2025-08-02 06:47:43.078,199.4,815.72,0.0,1
2025-08-02 06:47:43.223,199.4,815.72,0.0,1
2025-08-02 06:47:43.375,199.4,815.72,0.0,1
2025-08-02 06:47:43.473,199.4,815.72,0.0,1
2025-08-02 06:47:43.626,199.4,815.72,0.0,1
2025-08-02 06:47:43.807,199.4,815.72,0.0,1
2025-08-02 06:47:43.967,199.4,815.72,0.0,1
2025-08-02 06:47:44.093,199.4,815.72,0.0,1
2025-08-02 06:47:44.193,199.4,815.72,0.0,1
2025-08-02 06:47:44.340,199.4,815.72,0.0,1
2025-08-02 06:47:44.441,199.4,815.72,0.0,1
2025-08-02 06:47:44.578,199.4,815.72,0.0,1
2025-08-02 06:47:44.734,199.4,815.72,0.0,1
2025-08-02 06:47:44.914,199.4,815.72,0.0,1
2025-08-02 06:47:45.063,199.4,815.72,0.0,1
2025-08-02 06:47:45.218,199.4,815.72,0.0,1
2025-08-02 06:47:45.400,199.4,815.72,0.0,1
2025-08-02 06:47:45.556,199.4,815.72,0.0,1
2025-08-02 06:47:45.834,199.4,815.72,0.0,1
2025-08-02 06:47:45.925,199.4,815.72,0.0,1
2025-08-02 06:47:46.026,199.4,815.72,0.0,1
2025-08-02 06:47:46.172,199.4,815.72,0.0,1
2025-08-02 06:47:46.243,199.4,815.72,0.0,1
2025-08-02 06:47:46.311,199.4,815.72,0.0,1
2025-08-02 06:47:46.381,199.4,815.72,0.0,1
2025-08-02 06:47:46.451,199.4,815.72,0.0,1
2025-08-02 06:47:46.658,199.4,815.72,0.0,1
2025-08-02 06:47:46.864,199.4,815.72,0.0,1
2025-08-02 06:47:47.002,199.4,815.72,0.0,1
2025-08-02 06:47:47.200,199.4,815.72,0.0,1
2025-08-02 06:47:47.300,199.4,815.72,0.0,1
2025-08-02 06:47:47.469,199.4,815.72,0.0,1
2025-08-02 06:47:47.625,199.4,815.72,0.0,1
2025-08-02 06:47:47.802,199.4,815.72,0.0,1
2025-08-02 06:47:47.923,199.4,815.72,0.0,1
2025-08-02 06:47:47.999,199.4,815.72,0.0,1
2025-08-02 06:47:48.093,199.4,815.72,0.0,1
2025-08-02 06:47:48.242,199.4,815.72,0.0,1
2025-08-02 06:47:48.392,199.4,815.72,0.0,1
2025-08-02 06:47:48.467,199.4,815.72,0.0,1
2025-08-02 06:47:48.534,199.4,815.72,0.0,1
2025-08-02 06:47:48.625,199.4,815.72,0.0,1
2025-08-02 06:47:48.713,199.4,815.72,0.0,1
2025-08-02 06:47:48.782,199.4,815.72,0.0,1
2025-08-02 06:47:48.874,199.4,815.72,0.0,1
2025-08-02 06:47:49.024,199.4,815.72,0.0,1
2025-08-02 06:47:49.170,199.4,815.72,0.0,1
2025-08-02 06:47:49.246,199.4,815.72,0.0,1
2025-08-02 06:47:49.320,199.4,815.9,0.0,1
2025-08-02 06:47:49.409,199.4,815.9,0.0,1
2025-08-02 06:47:49.551,199.4,815.9,0.0,1
2025-08-02 06:47:49.623,199.4,815.9,0.0,1
2025-08-02 06:47:49.776,199.4,815.9,0.0,1
2025-08-02 06:47:49.844,199.4,815.9,0.0,1
2025-08-02 06:47:49.911,199.4,815.9,0.0,1
2025-08-02 06:47:50.004,199.4,815.9,0.0,1
2025-08-02 06:47:50.100,199.4,815.9,0.0,1
2025-08-02 06:47:50.251,199.4,815.9,0.0,1
2025-08-02 06:47:50.407,199.4,815.9,0.0,1
2025-08-02 06:47:50.592,199.4,815.9,0.0,1
2025-08-02 06:47:50.715,199.4,815.9,0.0,1
2025-08-02 06:47:50.785,199.4,815.9,0.0,1
2025-08-02 06:47:50.874,199.4,815.9,0.0,1
2025-08-02 06:47:51.034,199.4,815.9,0.0,1
2025-08-02 06:47:51.190,199.4,815.9,0.0,1
2025-08-02 06:47:51.367,199.4,815.9,0.0,1
2025-08-02 06:47:51.516,199.4,815.9,0.0,1
2025-08-02 06:47:51.663,199.4,815.9,0.0,1
2025-08-02 06:47:51.865,199.4,815.9,0.0,1
2025-08-02 06:47:52.064,199.4,815.9,0.0,1
2025-08-02 06:47:52.239,199.4,815.9,0.0,1
2025-08-02 06:47:52.391,199.4,815.9,0.0,1
2025-08-02 06:47:52.520,199.4,815.9,0.0,1
2025-08-02 06:47:52.614,199.4,815.9,0.0,1
2025-08-02 06:47:52.709,199.4,815.9,0.0,1
2025-08-02 06:47:52.858,199.4,815.9,0.0,1
2025-08-02 06:47:52.955,199.4,815.9,0.0,1
2025-08-02 06:47:53.101,199.4,815.9,0.0,1
2025-08-02 06:47:53.258,199.4,815.9,0.0,1
2025-08-02 06:47:53.436,199.4,815.9,0.0,1
2025-08-02 06:47:53.588,199.4,815.9,0.0,1
2025-08-02 06:47:53.716,199.4,815.9,0.0,1
2025-08-02 06:47:53.808,199.4,815.9,0.0,1
2025-08-02 06:47:53.875,199.4,815.9,0.0,1
2025-08-02 06:47:53.978,199.4,815.9,0.0,1
2025-08-02 06:47:54.130,199.4,815.9,0.0,1
2025-08-02 06:47:54.283,199.4,815.9,0.0,1
2025-08-02 06:47:54.466,199.4,815.9,0.0,1
2025-08-02 06:47:54.598,199.4,815.9,0.0,1
2025-08-02 06:47:54.775,199.4,815.9,0.0,1
2025-08-02 06:47:54.934,199.4,815.9,0.0,1
2025-08-02 06:47:55.084,199.4,815.9,0.0,1
2025-08-02 06:47:55.232,199.4,815.9,0.0,1
2025-08-02 06:47:55.310,199.4,815.9,0.0,1
2025-08-02 06:47:55.379,199.4,815.9,0.0,1
2025-08-02 06:47:55.472,199.4,815.9,0.0,1
2025-08-02 06:47:55.615,199.4,815.9,0.0,1
2025-08-02 06:47:55.772,199.4,815.9,0.0,1
2025-08-02 06:47:55.845,199.4,815.9,0.0,1
2025-08-02 06:47:56.012,199.4,815.9,0.0,1
2025-08-02 06:47:56.176,199.4,815.9,0.0,1
2025-08-02 06:47:56.253,199.4,815.9,0.0,1
2025-08-02 06:47:56.327,199.4,815.9,0.0,1
2025-08-02 06:47:56.425,199.4,815.9,0.0,1
2025-08-02 06:47:56.518,199.4,815.9,0.0,1
2025-08-02 06:47:56.667,199.4,815.9,0.0,1
2025-08-02 06:47:56.864,199.4,815.9,0.0,1
2025-08-02 06:47:57.069,199.4,815.9,0.0,1
2025-08-02 06:47:57.238,199.4,815.9,0.0,1
2025-08-02 06:47:57.384,199.4,815.9,0.0,1
2025-08-02 06:47:57.538,199.4,815.9,0.0,1
2025-08-02 06:47:57.638,199.4,815.9,0.0,1
2025-08-02 06:47:57.963,199.4,815.9,0.0,1
2025-08-02 06:47:58.117,199.4,815.9,0.0,1
2025-08-02 06:47:58.296,199.4,816.08,0.0,1
2025-08-02 06:47:58.446,199.4,816.08,0.0,1
2025-08-02 06:47:58.617,199.4,816.08,0.0,1
2025-08-02 06:47:58.772,199.4,816.08,0.0,1
2025-08-02 06:47:58.930,199.4,816.08,0.0,1
2025-08-02 06:47:59.052,199.4,816.08,0.0,1
2025-08-02 06:47:59.150,199.4,816.08,0.0,1
2025-08-02 06:47:59.223,199.4,816.08,0.0,1
2025-08-02 06:47:59.312,199.4,816.08,0.0,1
2025-08-02 06:47:59.458,199.4,816.08,0.0,1
2025-08-02 06:47:59.608,199.4,816.08,0.0,1
2025-08-02 06:47:59.796,199.4,816.08,0.0,1
2025-08-02 06:47:59.937,199.4,816.08,0.0,1
2025-08-02 06:48:00.088,199.4,816.08,0.0,1
2025-08-02 06:48:00.170,199.4,816.08,0.0,1
2025-08-02 06:48:00.238,199.4,816.08,0.0,1
2025-08-02 06:48:00.385,199.4,816.08,0.0,1
2025-08-02 06:48:00.487,199.4,816.08,0.0,1
2025-08-02 06:48:00.632,199.4,816.08,0.0,1
2025-08-02 06:48:00.781,199.4,816.08,0.0,1
2025-08-02 06:48:00.968,199.4,816.08,0.0,1
2025-08-02 06:48:01.095,199.4,816.08,0.0,1
2025-08-02 06:48:01.173,199.4,816.08,0.0,1
2025-08-02 06:48:01.245,199.4,816.08,0.0,1
2025-08-02 06:48:01.346,199.4,816.08,0.0,1
2025-08-02 06:48:01.498,199.4,816.08,0.0,1
2025-08-02 06:48:01.658,199.4,816.08,0.0,1
2025-08-02 06:48:01.859,199.4,816.08,0.0,1
2025-08-02 06:48:02.063,199.4,816.08,0.0,1
2025-08-02 06:48:02.220,199.4,816.08,0.0,1
2025-08-02 06:48:02.366,199.4,816.08,0.0,1
2025-08-02 06:48:02.444,199.4,816.08,0.0,1
2025-08-02 06:48:02.522,199.4,816.08,0.0,1
2025-08-02 06:48:02.617,199.4,816.08,0.0,1
2025-08-02 06:48:02.802,199.4,816.08,0.0,1
2025-08-02 06:48:02.926,199.4,816.08,0.0,1
2025-08-02 06:48:03.003,199.4,816.08,0.0,1
2025-08-02 06:48:03.182,199.4,816.08,0.0,1
2025-08-02 06:48:03.332,199.4,816.08,0.0,1
2025-08-02 06:48:03.490,199.4,816.08,0.0,1
2025-08-02 06:48:03.666,199.4,816.08,0.0,1
2025-08-02 06:48:03.802,199.4,816.08,0.0,1
2025-08-02 06:48:03.956,199.4,816.08,0.0,1
2025-08-02 06:48:04.060,199.4,816.08,0.0,1
2025-08-02 06:48:04.233,199.4,816.08,0.0,1
2025-08-02 06:48:04.382,199.4,816.08,0.0,1
2025-08-02 06:48:04.530,199.4,816.08,0.0,1
2025-08-02 06:48:04.603,199.4,816.08,0.0,1
2025-08-02 06:48:04.676,199.4,816.08,0.0,1
2025-08-02 06:48:04.775,199.4,816.08,0.0,1
2025-08-02 06:48:04.922,199.4,816.08,0.0,1
2025-08-02 06:48:05.115,199.4,816.08,0.0,1
2025-08-02 06:48:05.262,199.4,816.08,0.0,1
2025-08-02 06:48:05.390,199.4,816.08,0.0,1
2025-08-02 06:48:05.486,199.4,816.08,0.0,1
2025-08-02 06:48:05.579,199.4,816.08,0.0,1
2025-08-02 06:48:05.723,199.4,816.08,0.0,1
2025-08-02 06:48:05.828,199.4,816.08,0.0,1
2025-08-02 06:48:05.978,199.4,816.08,0.0,1
2025-08-02 06:48:06.128,199.4,816.08,0.0,1
2025-08-02 06:48:06.297,199.4,816.08,0.0,1
2025-08-02 06:48:06.452,199.4,816.08,0.0,1
2025-08-02 06:48:06.636,199.4,816.08,0.0,1
2025-08-02 06:48:06.839,199.4,816.08,0.0,1
2025-08-02 06:48:07.049,199.4,816.08,0.0,1
2025-08-02 06:48:07.269,199.4,816.08,0.0,1
2025-08-02 06:48:07.418,199.4,816.08,0.0,1
2025-08-02 06:48:07.571,199.4,816.08,0.0,1
2025-08-02 06:48:07.754,199.4,816.08,0.0,1
2025-08-02 06:48:07.878,199.4,816.08,0.0,1
2025-08-02 06:48:07.949,199.4,816.08,0.0,1
2025-08-02 06:48:08.022,199.4,816.08,0.0,1
2025-08-02 06:48:08.089,199.4,816.08,0.0,1
2025-08-02 06:48:08.186,199.4,816.08,0.0,1
2025-08-02 06:48:08.279,199.4,816.08,0.0,1
2025-08-02 06:48:08.424,199.4,816.26,0.0,1
2025-08-02 06:48:08.579,199.4,816.26,0.0,1
2025-08-02 06:48:08.657,199.4,816.26,0.0,1
2025-08-02 06:48:08.753,199.4,816.26,0.0,1
2025-08-02 06:48:08.847,199.4,816.26,0.0,1
2025-08-02 06:48:08.948,199.4,816.26,0.0,1
2025-08-02 06:48:09.100,199.4,816.26,0.0,1
2025-08-02 06:48:09.275,199.4,816.26,0.0,1
2025-08-02 06:48:09.426,199.4,816.26,0.0,1
2025-08-02 06:48:09.575,199.4,816.26,0.0,1
2025-08-02 06:48:09.748,199.4,816.26,0.0,1
2025-08-02 06:48:09.900,199.4,816.26,0.0,1
2025-08-02 06:48:10.055,199.4,816.26,0.0,1
2025-08-02 06:48:10.233,199.4,816.26,0.0,1
2025-08-02 06:48:10.381,199.4,816.26,0.0,1
2025-08-02 06:48:10.535,199.4,816.26,0.0,1
2025-08-02 06:48:10.718,199.4,816.26,0.0,1
2025-08-02 06:48:10.991,199.4,816.26,0.0,1
2025-08-02 06:48:11.089,199.4,816.26,0.0,1
2025-08-02 06:48:11.158,199.4,816.26,0.0,1
2025-08-02 06:48:11.259,199.4,816.26,0.0,1
2025-08-02 06:48:11.406,199.4,816.26,0.0,1
2025-08-02 06:48:11.578,199.4,816.26,0.0,1
2025-08-02 06:48:11.707,199.4,816.26,0.0,1
2025-08-02 06:48:11.919,199.4,816.26,0.0,1
2025-08-02 06:48:12.134,199.4,816.26,0.0,1
2025-08-02 06:48:12.265,199.4,816.26,0.0,1
2025-08-02 06:48:12.363,199.4,816.26,0.0,1
2025-08-02 06:48:12.484,199.4,816.26,0.0,1
2025-08-02 06:48:12.634,199.4,816.26,0.0,1
2025-08-02 06:48:12.817,199.4,816.26,0.0,1
2025-08-02 06:48:12.973,199.4,816.26,0.0,1
2025-08-02 06:48:13.102,199.4,816.26,0.0,1
2025-08-02 06:48:13.199,199.4,816.26,0.0,1
2025-08-02 06:48:13.346,199.4,816.26,0.0,1
2025-08-02 06:48:13.445,199.4,816.26,0.0,1
2025-08-02 06:48:13.593,199.4,816.26,0.0,1
2025-08-02 06:48:13.734,199.4,816.26,0.0,1
2025-08-02 06:48:13.829,199.4,816.26,0.0,1
2025-08-02 06:48:13.972,199.4,816.26,0.0,1
2025-08-02 06:48:14.068,199.4,816.26,0.0,1
2025-08-02 06:48:14.214,199.4,816.26,0.0,1
2025-08-02 06:48:14.308,199.4,816.26,0.0,1
2025-08-02 06:48:14.453,199.4,816.26,0.0,1
2025-08-02 06:48:14.543,199.4,816.26,0.0,1
2025-08-02 06:48:14.693,199.4,816.26,0.0,1
2025-08-02 06:48:14.845,199.4,816.26,0.0,1
2025-08-02 06:48:14.939,199.4,816.26,0.0,1
2025-08-02 06:48:15.085,199.4,816.44,0.0,1
2025-08-02 06:48:15.253,199.4,816.44,0.0,1
2025-08-02 06:48:15.379,199.4,816.44,0.0,1
2025-08-02 06:48:15.477,199.4,816.44,0.0,1
2025-08-02 06:48:15.630,199.4,816.44,0.0,1
2025-08-02 06:48:15.705,199.4,816.44,0.0,1
2025-08-02 06:48:15.797,199.4,816.44,0.0,1
2025-08-02 06:48:15.866,199.4,816.44,0.0,1
2025-08-02 06:48:15.965,199.4,816.44,0.0,1
2025-08-02 06:48:16.111,199.4,816.44,0.0,1
2025-08-02 06:48:16.261,199.4,816.44,0.0,1
2025-08-02 06:48:16.412,199.4,816.44,0.0,1
2025-08-02 06:48:16.631,199.4,816.44,0.0,1
2025-08-02 06:48:16.837,199.4,816.44,0.0,1
2025-08-02 06:48:16.963,199.4,816.44,0.0,1
2025-08-02 06:48:17.166,199.4,816.44,0.0,1
2025-08-02 06:48:17.320,199.4,816.44,0.0,1
2025-08-02 06:48:17.472,199.4,816.44,0.0,1
2025-08-02 06:48:17.612,199.4,816.44,0.0,1
2025-08-02 06:48:17.685,199.4,816.44,0.0,1
2025-08-02 06:48:17.753,199.4,816.44,0.0,1
2025-08-02 06:48:17.858,199.4,816.44,0.0,1
2025-08-02 06:48:18.006,199.4,816.44,0.0,1
2025-08-02 06:48:18.180,199.4,816.44,0.0,1
2025-08-02 06:48:18.330,199.4,816.44,0.0,1
2025-08-02 06:48:18.488,199.4,816.44,0.0,1
2025-08-02 06:48:18.666,199.4,816.44,0.0,1
2025-08-02 06:48:18.818,199.4,816.44,0.0,1
2025-08-02 06:48:18.969,199.4,816.44,0.0,1
2025-08-02 06:48:19.152,199.4,816.44,0.0,1
2025-08-02 06:48:19.287,199.4,816.44,0.0,1
2025-08-02 06:48:19.442,199.4,816.44,0.0,1
2025-08-02 06:48:19.541,199.4,816.44,0.0,1
2025-08-02 06:48:19.693,199.4,816.44,0.0,1
2025-08-02 06:48:19.815,199.4,816.44,0.0,1
2025-08-02 06:48:19.908,199.4,816.44,0.0,1
2025-08-02 06:48:20.057,199.4,816.44,0.0,1
2025-08-02 06:48:20.205,199.4,816.44,0.0,1
2025-08-02 06:48:20.275,199.4,816.44,0.0,1
2025-08-02 06:48:20.367,199.4,816.44,0.0,1
2025-08-02 06:48:20.511,199.4,816.44,0.0,1
2025-08-02 06:48:20.616,199.4,816.44,0.0,1
2025-08-02 06:48:20.772,199.4,816.44,0.0,1
2025-08-02 06:48:20.950,199.4,816.44,0.0,1
2025-08-02 06:48:21.075,199.4,816.44,0.0,1
2025-08-02 06:48:21.145,199.4,816.44,0.0,1
2025-08-02 06:48:21.239,199.4,816.44,0.0,1
2025-08-02 06:48:21.389,199.4,816.44,0.0,1
2025-08-02 06:48:21.458,199.4,816.44,0.0,1
2025-08-02 06:48:21.566,199.4,816.44,0.0,1
2025-08-02 06:48:21.705,199.4,816.44,0.0,1
2025-08-02 06:48:21.913,199.4,816.44,0.0,1
2025-08-02 06:48:22.119,199.4,816.44,0.0,1
2025-08-02 06:48:22.293,199.4,816.44,0.0,1
2025-08-02 06:48:22.445,199.4,816.44,0.0,1
2025-08-02 06:48:22.599,199.4,816.44,0.0,1
2025-08-02 06:48:22.780,199.4,816.44,0.0,1
2025-08-02 06:48:22.930,199.4,816.44,0.0,1
2025-08-02 06:48:23.077,199.4,816.44,0.0,1
2025-08-02 06:48:23.248,199.4,816.44,0.0,1
2025-08-02 06:48:23.398,199.4,816.44,0.0,1
2025-08-02 06:48:23.545,199.4,816.44,0.0,1
2025-08-02 06:48:23.841,199.4,816.44,0.0,1
2025-08-02 06:48:23.932,199.4,816.44,0.0,1
2025-08-02 06:48:24.024,199.4,816.44,0.0,1
2025-08-02 06:48:24.120,199.4,816.44,0.0,1
2025-08-02 06:48:24.266,199.4,816.44,0.0,1
2025-08-02 06:48:24.419,199.4,816.44,0.0,1
2025-08-02 06:48:24.516,199.4,816.44,0.0,1
2025-08-02 06:48:24.663,199.4,816.44,0.0,1
2025-08-02 06:48:24.814,199.4,816.44,0.0,1
2025-08-02 06:48:24.989,199.4,816.44,0.0,1
2025-08-02 06:48:25.142,199.4,816.44,0.0,1
2025-08-02 06:48:25.301,199.4,816.44,0.0,1
2025-08-02 06:48:25.500,199.4,816.44,0.0,1
2025-08-02 06:48:25.627,199.4,816.44,0.0,1
2025-08-02 06:48:25.781,199.4,816.44,0.0,1
2025-08-02 06:48:25.966,199.4,816.44,0.0,1
2025-08-02 06:48:26.087,199.4,816.44,0.0,1
2025-08-02 06:48:26.161,199.4,816.44,0.0,1
2025-08-02 06:48:26.299,199.4,816.44,0.0,1
2025-08-02 06:48:26.398,199.4,816.44,0.0,1
2025-08-02 06:48:26.594,199.4,816.44,0.0,1
2025-08-02 06:48:26.789,199.4,816.44,0.0,1
2025-08-02 06:48:26.995,199.4,816.44,0.0,1
2025-08-02 06:48:27.184,199.4,816.44,0.0,1
2025-08-02 06:48:27.362,199.4,816.44,0.0,1
2025-08-02 06:48:27.516,199.4,816.44,0.0,1
2025-08-02 06:48:27.670,199.4,816.44,0.0,1
2025-08-02 06:48:27.804,199.4,816.44,0.0,1
2025-08-02 06:48:27.904,199.4,816.44,0.0,1
2025-08-02 06:48:28.047,199.4,816.44,0.0,1
2025-08-02 06:48:28.196,199.4,816.44,0.0,1
2025-08-02 06:48:28.288,199.4,816.44,0.0,1
2025-08-02 06:48:28.434,199.4,816.44,0.0,1
2025-08-02 06:48:28.594,199.4,816.44,0.0,1
2025-08-02 06:48:28.671,199.4,816.44,0.0,1
2025-08-02 06:48:28.738,199.4,816.44,0.0,1
2025-08-02 06:48:28.838,199.4,816.44,0.0,1
2025-08-02 06:48:28.989,199.4,816.44,0.0,1
2025-08-02 06:48:29.167,199.4,816.44,0.0,1
2025-08-02 06:48:29.338,199.4,816.44,0.0,1
2025-08-02 06:48:29.466,199.4,816.44,0.0,1
2025-08-02 06:48:29.613,199.4,816.44,0.0,1
2025-08-02 06:48:29.688,199.4,816.44,0.0,1
2025-08-02 06:48:29.757,199.4,816.44,0.0,1
2025-08-02 06:48:29.855,199.4,816.44,0.0,1
2025-08-02 06:48:30.008,199.4,816.44,0.0,1
2025-08-02 06:48:30.139,199.4,816.44,0.0,1
2025-08-02 06:48:30.234,199.4,816.44,0.0,1
2025-08-02 06:48:30.332,199.4,816.44,0.0,1
2025-08-02 06:48:30.482,199.4,816.44,0.0,1
2025-08-02 06:48:30.635,199.4,816.44,0.0,1
2025-08-02 06:48:30.814,199.4,816.44,0.0,1
2025-08-02 06:48:30.970,199.4,816.44,0.0,1
2025-08-02 06:48:31.123,199.4,816.44,0.0,1
2025-08-02 06:48:31.301,199.4,816.44,0.0,1
2025-08-02 06:48:31.429,199.4,816.44,0.0,1
2025-08-02 06:48:31.497,199.4,816.44,0.0,1
2025-08-02 06:48:31.585,199.4,816.44,0.0,1
2025-08-02 06:48:31.793,199.4,816.44,0.0,1
2025-08-02 06:48:31.993,199.4,816.44,0.0,1
2025-08-02 06:48:32.117,199.4,816.44,0.0,1
2025-08-02 06:48:32.215,199.4,816.44,0.0,1
2025-08-02 06:48:32.361,199.4,816.44,0.0,1
2025-08-02 06:48:32.519,199.4,816.44,0.0,1
2025-08-02 06:48:32.674,199.4,816.44,0.0,1
2025-08-02 06:48:32.856,199.4,816.44,0.0,1
2025-08-02 06:48:33.010,199.4,816.44,0.0,1
2025-08-02 06:48:33.172,199.4,816.44,0.0,1
2025-08-02 06:48:33.327,199.4,816.44,0.0,1
2025-08-02 06:48:33.474,199.4,816.44,0.0,1
2025-08-02 06:48:33.568,199.4,816.44,0.0,1
2025-08-02 06:48:33.723,199.4,816.44,0.0,1
2025-08-02 06:48:33.898,199.4,816.62,0.0,1
2025-08-02 06:48:34.044,199.4,816.62,0.0,1
2025-08-02 06:48:34.194,199.4,816.62,0.0,1
2025-08-02 06:48:34.294,199.4,816.62,0.0,1
2025-08-02 06:48:34.451,199.4,816.62,0.0,1
2025-08-02 06:48:34.579,199.4,816.62,0.0,1
2025-08-02 06:48:34.680,199.4,816.62,0.0,1
2025-08-02 06:48:34.838,199.4,816.62,0.0,1
2025-08-02 06:48:35.023,199.4,816.62,0.0,1
2025-08-02 06:48:35.152,199.4,816.62,0.0,1
2025-08-02 06:48:35.249,199.4,816.62,0.0,1
2025-08-02 06:48:35.397,199.4,816.62,0.0,1
2025-08-02 06:48:36.298,199.4,816.62,0.0,1
2025-08-02 06:48:36.449,199.4,816.62,0.0,1
2025-08-02 06:48:36.582,199.4,816.62,0.0,1
2025-08-02 06:48:36.785,199.4,816.62,0.0,1
2025-08-02 06:48:36.996,199.4,816.62,0.0,1
2025-08-02 06:48:37.163,199.4,816.62,0.0,1
2025-08-02 06:48:37.305,199.4,816.62,0.0,1
2025-08-02 06:48:37.375,199.4,816.62,0.0,1
2025-08-02 06:48:37.469,199.4,816.62,0.0,1
2025-08-02 06:48:37.618,199.4,816.62,0.0,1
2025-08-02 06:48:37.771,199.4,816.62,0.0,1
2025-08-02 06:48:37.845,199.4,816.62,0.0,1
2025-08-02 06:48:37.936,199.4,816.62,0.0,1
2025-08-02 06:48:38.006,199.4,816.62,0.0,1
2025-08-02 06:48:38.098,199.4,816.62,0.0,1
2025-08-02 06:48:38.244,199.4,816.62,0.0,1
2025-08-02 06:48:38.394,199.4,816.62,0.0,1
2025-08-02 06:48:38.493,199.4,816.62,0.0,1
2025-08-02 06:48:38.635,199.4,816.62,0.0,1
2025-08-02 06:48:38.734,199.4,816.62,0.0,1
2025-08-02 06:48:38.882,199.4,816.62,0.0,1
2025-08-02 06:48:39.038,199.4,816.62,0.0,1
2025-08-02 06:48:39.221,199.4,816.62,0.0,1
2025-08-02 06:48:39.353,199.4,816.62,0.0,1
2025-08-02 06:48:39.501,199.4,816.8,0.0,1
2025-08-02 06:48:39.602,199.4,816.8,0.0,1
2025-08-02 06:48:39.748,199.4,816.8,0.0,1
2025-08-02 06:48:39.896,199.4,816.8,0.0,1
2025-08-02 06:48:39.986,199.4,816.8,0.0,1
2025-08-02 06:48:40.074,199.4,816.8,0.0,1
2025-08-02 06:48:40.167,199.4,816.8,0.0,1
2025-08-02 06:48:40.257,199.4,816.8,0.0,1
2025-08-02 06:48:40.405,199.4,816.8,0.0,1
2025-08-02 06:48:40.563,199.4,816.8,0.0,1
2025-08-02 06:48:40.738,199.4,816.8,0.0,1
2025-08-02 06:48:40.897,199.4,816.8,0.0,1
2025-08-02 06:48:41.049,199.4,816.8,0.0,1
2025-08-02 06:48:41.226,199.4,816.8,0.0,1
2025-08-02 06:48:41.382,199.4,816.8,0.0,1
2025-08-02 06:48:41.508,199.4,816.8,0.0,1
2025-08-02 06:48:41.657,199.4,816.8,0.0,1
2025-08-02 06:48:41.863,199.4,816.8,0.0,1
2025-08-02 06:48:41.996,199.4,816.8,0.0,1
2025-08-02 06:48:42.177,199.4,816.8,0.0,1
2025-08-02 06:48:42.339,199.4,816.8,0.0,1
2025-08-02 06:48:42.496,199.4,816.8,0.0,1
2025-08-02 06:48:42.671,199.4,816.8,0.0,1
2025-08-02 06:48:42.828,199.4,816.8,0.0,1
2025-08-02 06:48:42.950,199.4,816.8,0.0,1
2025-08-02 06:48:43.050,199.4,816.8,0.0,1
2025-08-02 06:48:43.204,199.4,816.8,0.0,1
2025-08-02 06:48:43.383,199.4,816.8,0.0,1
2025-08-02 06:48:43.544,199.4,816.8,0.0,1
2025-08-02 06:48:43.673,199.4,816.8,0.0,1
2025-08-02 06:48:43.768,199.4,816.8,0.0,1
2025-08-02 06:48:43.915,199.4,816.8,0.0,1
2025-08-02 06:48:44.067,199.4,816.8,0.0,1
2025-08-02 06:48:44.142,199.4,816.8,0.0,1
2025-08-02 06:48:44.211,199.4,816.8,0.0,1
2025-08-02 06:48:44.277,199.4,816.8,0.0,1
2025-08-02 06:48:44.374,199.4,816.8,0.0,1
2025-08-02 06:48:44.528,199.4,816.8,0.0,1
2025-08-02 06:48:44.690,199.4,816.8,0.0,1
2025-08-02 06:48:44.846,199.4,816.8,0.0,1
2025-08-02 06:48:45.004,199.4,816.8,0.0,1
2025-08-02 06:48:45.160,199.4,816.8,0.0,1
2025-08-02 06:48:45.342,199.4,816.8,0.0,1
2025-08-02 06:48:45.464,199.4,816.8,0.0,1
2025-08-02 06:48:45.536,199.4,816.8,0.0,1
2025-08-02 06:48:45.634,199.4,816.8,0.0,1
2025-08-02 06:48:45.778,199.4,816.8,0.0,1
2025-08-02 06:48:45.873,199.4,816.8,0.0,1
2025-08-02 06:48:45.942,199.4,816.8,0.0,1
2025-08-02 06:48:46.103,199.4,816.8,0.0,1
2025-08-02 06:48:46.259,199.4,816.8,0.0,1
2025-08-02 06:48:46.407,199.4,816.8,0.0,1
2025-08-02 06:48:46.484,199.4,816.8,0.0,1
2025-08-02 06:48:46.645,199.4,816.8,0.0,1
2025-08-02 06:48:46.852,199.4,816.8,0.0,1
2025-08-02 06:48:46.975,199.4,816.8,0.0,1
2025-08-02 06:48:47.150,199.4,816.8,0.0,1
2025-08-02 06:48:47.297,199.4,816.8,0.0,1
2025-08-02 06:48:47.371,199.4,816.8,0.0,1
2025-08-02 06:48:47.439,199.4,816.8,0.0,1
2025-08-02 06:48:47.564,199.4,816.8,0.0,1
2025-08-02 06:48:47.682,199.4,816.8,0.0,1
2025-08-02 06:48:47.773,199.4,816.8,0.0,1
2025-08-02 06:48:47.843,199.4,816.8,0.0,1
2025-08-02 06:48:47.944,199.4,816.8,0.0,1
2025-08-02 06:48:48.096,199.4,816.8,0.0,1
2025-08-02 06:48:48.276,199.4,816.8,0.0,1
2025-08-02 06:48:48.428,199.4,816.8,0.0,1
2025-08-02 06:48:48.577,199.4,816.8,0.0,1
2025-08-02 06:48:48.751,199.4,816.8,0.0,1
2025-08-02 06:48:48.940,199.4,816.8,0.0,1
2025-08-02 06:48:49.033,199.4,816.8,0.0,1
2025-08-02 06:48:49.127,199.4,816.8,0.0,1
2025-08-02 06:48:49.195,199.4,816.8,0.0,1
2025-08-02 06:48:49.296,199.4,816.8,0.0,1
2025-08-02 06:48:49.445,199.4,816.8,0.0,1
2025-08-02 06:48:49.597,199.4,816.8,0.0,1
2025-08-02 06:48:49.767,199.4,816.8,0.0,1
2025-08-02 06:48:49.919,199.4,816.8,0.0,1
2025-08-02 06:48:50.065,199.4,816.8,0.0,1
2025-08-02 06:48:50.166,199.4,816.8,0.0,1
2025-08-02 06:48:50.316,199.4,816.8,0.0,1
2025-08-02 06:48:50.473,199.4,816.8,0.0,1
2025-08-02 06:48:50.650,199.4,816.8,0.0,1
2025-08-02 06:48:50.804,199.4,816.8,0.0,1
2025-08-02 06:48:50.923,199.4,816.8,0.0,1
2025-08-02 06:48:51.047,199.4,816.8,0.0,1
2025-08-02 06:48:51.164,199.4,816.8,0.0,1
2025-08-02 06:48:51.285,199.4,816.8,0.0,1
2025-08-02 06:48:51.432,199.4,816.8,0.0,1
2025-08-02 06:48:51.644,199.4,816.8,0.0,1
2025-08-02 06:48:51.853,199.4,816.8,0.0,1
2025-08-02 06:48:51.984,199.4,816.8,0.0,1
2025-08-02 06:48:52.143,199.4,816.8,0.0,1
2025-08-02 06:48:52.295,199.4,816.8,0.0,1
2025-08-02 06:48:52.472,199.4,816.8,0.0,1
2025-08-02 06:48:52.619,199.4,816.8,0.0,1
2025-08-02 06:48:52.781,199.4,816.8,0.0,1
2025-08-02 06:48:52.955,199.4,816.8,0.0,1
2025-08-02 06:48:53.107,199.4,816.98,0.0,1
2025-08-02 06:48:53.259,199.4,816.98,0.0,1
2025-08-02 06:48:53.439,199.4,816.98,0.0,1
2025-08-02 06:48:53.590,199.4,816.98,0.0,1
2025-08-02 06:48:53.721,199.4,816.98,0.0,1
2025-08-02 06:48:53.824,199.4,816.98,0.0,1
2025-08-02 06:48:53.971,199.4,816.98,0.0,1
2025-08-02 06:48:54.158,199.4,816.98,0.0,1
2025-08-02 06:48:54.305,199.4,816.98,0.0,1
2025-08-02 06:48:54.456,199.4,816.98,0.0,1
2025-08-02 06:48:54.642,199.4,816.98,0.0,1
2025-08-02 06:48:54.782,199.4,816.98,0.0,1
2025-08-02 06:48:54.932,199.4,816.98,0.0,1
2025-08-02 06:48:55.111,199.4,816.98,0.0,1
2025-08-02 06:48:55.266,199.4,816.98,0.0,1
2025-08-02 06:48:55.393,199.4,816.98,0.0,1
2025-08-02 06:48:55.492,199.4,816.98,0.0,1
2025-08-02 06:48:55.645,199.4,816.98,0.0,1
2025-08-02 06:48:55.797,199.4,816.98,0.0,1
2025-08-02 06:48:55.891,199.4,816.98,0.0,1
2025-08-02 06:48:56.034,199.4,816.98,0.0,1
2025-08-02 06:48:56.189,199.4,816.98,0.0,1
2025-08-02 06:48:56.341,199.4,816.98,0.0,1
2025-08-02 06:48:56.522,199.4,816.98,0.0,1
2025-08-02 06:48:56.659,199.4,816.98,0.0,1
2025-08-02 06:48:56.864,199.4,816.98,0.0,1
2025-08-02 06:48:57.065,199.4,816.98,0.0,1
2025-08-02 06:48:57.215,199.4,816.98,0.0,1
2025-08-02 06:48:57.286,199.4,816.98,0.0,1
2025-08-02 06:48:57.356,199.4,816.98,0.0,1
2025-08-02 06:48:57.548,199.4,816.98,0.0,1
2025-08-02 06:48:57.704,199.4,816.98,0.0,1
2025-08-02 06:48:57.830,199.4,816.98,0.0,1
2025-08-02 06:48:57.931,199.4,816.98,0.0,1
2025-08-02 06:48:58.074,199.4,816.98,0.0,1
2025-08-02 06:48:58.169,199.4,816.98,0.0,1
2025-08-02 06:48:58.317,199.4,816.98,0.0,1
2025-08-02 06:48:58.473,199.4,816.98,0.0,1
2025-08-02 06:48:58.651,199.4,816.98,0.0,1
2025-08-02 06:48:58.799,199.4,816.98,0.0,1
2025-08-02 06:48:58.954,199.4,816.98,0.0,1
2025-08-02 06:48:59.128,199.4,816.98,0.0,1
2025-08-02 06:48:59.279,199.4,816.98,0.0,1
2025-08-02 06:48:59.435,199.4,816.98,0.0,1
2025-08-02 06:48:59.608,199.4,816.98,0.0,1
2025-08-02 06:48:59.763,199.4,816.98,0.0,1
2025-08-02 06:48:59.915,199.4,816.98,0.0,1
2025-08-02 06:49:00.101,199.4,816.98,0.0,1
2025-08-02 06:49:00.254,199.4,816.98,0.0,1
2025-08-02 06:49:00.383,199.4,816.98,0.0,1
2025-08-02 06:49:00.476,199.4,816.98,0.0,1
2025-08-02 06:49:00.620,199.4,816.98,0.0,1
2025-08-02 06:49:00.718,199.4,816.98,0.0,1
2025-08-02 06:49:00.862,199.4,816.98,0.0,1
2025-08-02 06:49:01.012,199.4,817.16,0.0,1
2025-08-02 06:49:01.109,199.4,817.16,0.0,1
2025-08-02 06:49:01.253,199.4,817.16,0.0,1
2025-08-02 06:49:01.351,199.4,817.16,0.0,1
2025-08-02 06:49:01.510,199.4,817.16,0.0,1
2025-08-02 06:49:01.651,199.4,817.16,0.0,1
2025-08-02 06:49:01.859,199.4,817.16,0.0,1
2025-08-02 06:49:02.056,199.4,817.16,0.0,1
2025-08-02 06:49:02.178,199.4,817.16,0.0,1
2025-08-02 06:49:02.284,199.4,817.16,0.0,1
2025-08-02 06:49:02.430,199.4,817.16,0.0,1
2025-08-02 06:49:02.510,199.4,817.16,0.0,1
2025-08-02 06:49:02.767,199.4,817.16,0.0,1
2025-08-02 06:49:02.922,199.4,817.16,0.0,1
2025-08-02 06:49:03.101,199.4,817.16,0.0,1
2025-08-02 06:49:03.249,199.4,817.16,0.0,1
2025-08-02 06:49:03.378,199.4,817.16,0.0,1
2025-08-02 06:49:03.475,199.4,817.16,0.0,1
2025-08-02 06:49:03.574,199.4,817.16,0.0,1
2025-08-02 06:49:03.722,199.4,817.16,0.0,1
2025-08-02 06:49:03.888,199.4,817.16,0.0,1
2025-08-02 06:49:04.045,199.4,817.16,0.0,1
2025-08-02 06:49:04.198,199.4,817.16,0.0,1
2025-08-02 06:49:04.355,199.4,817.16,0.0,1
2025-08-02 06:49:04.533,199.4,817.16,0.0,1
2025-08-02 06:49:04.684,199.4,817.16,0.0,1
2025-08-02 06:49:04.837,199.4,817.16,0.0,1
2025-08-02 06:49:05.012,199.4,817.16,0.0,1
2025-08-02 06:49:05.172,199.4,817.16,0.0,1
2025-08-02 06:49:05.296,199.4,817.16,0.0,1
2025-08-02 06:49:05.397,199.4,817.16,0.0,1
2025-08-02 06:49:05.497,199.4,817.16,0.0,1
2025-08-02 06:49:05.644,199.4,817.16,0.0,1
2025-08-02 06:49:05.801,199.4,817.16,0.0,1
2025-08-02 06:49:05.982,199.4,817.16,0.0,1
2025-08-02 06:49:06.114,199.4,817.16,0.0,1
2025-08-02 06:49:06.263,199.4,817.16,0.0,1
2025-08-02 06:49:06.355,199.4,817.16,0.0,1
2025-08-02 06:49:06.450,199.4,817.16,0.0,1
2025-08-02 06:49:06.595,199.4,817.16,0.0,1
2025-08-02 06:49:06.792,199.4,817.16,0.0,1
2025-08-02 06:49:06.999,199.4,817.16,0.0,1
2025-08-02 06:49:07.182,199.4,817.16,0.0,1
2025-08-02 06:49:07.337,199.4,817.16,0.0,1
2025-08-02 06:49:07.460,199.4,817.16,0.0,1
2025-08-02 06:49:07.553,199.4,817.16,0.0,1
2025-08-02 06:49:07.647,199.4,817.16,0.0,1
2025-08-02 06:49:07.813,199.4,817.16,0.0,1
2025-08-02 06:49:07.991,199.4,817.16,0.0,1
2025-08-02 06:49:08.146,199.4,817.16,0.0,1
2025-08-02 06:49:08.274,199.4,817.16,0.0,1
2025-08-02 06:49:08.375,199.4,817.16,0.0,1
2025-08-02 06:49:08.520,199.4,817.16,0.0,1
2025-08-02 06:49:08.598,199.4,817.16,0.0,1
2025-08-02 06:49:08.696,199.4,817.16,0.0,1
2025-08-02 06:49:08.787,199.4,817.16,0.0,1
2025-08-02 06:49:08.933,199.4,817.16,0.0,1
2025-08-02 06:49:09.085,199.4,817.16,0.0,1
2025-08-02 06:49:09.179,199.4,817.16,0.0,1
2025-08-02 06:49:09.329,199.4,817.16,0.0,1
2025-08-02 06:49:09.491,199.4,817.16,0.0,1
2025-08-02 06:49:09.671,199.4,817.16,0.0,1
2025-08-02 06:49:09.828,199.4,817.16,0.0,1
2025-08-02 06:49:09.961,199.4,817.16,0.0,1
2025-08-02 06:49:10.058,199.4,817.16,0.0,1
2025-08-02 06:49:10.207,199.4,817.16,0.0,1
2025-08-02 06:49:10.390,199.4,817.16,0.0,1
2025-08-02 06:49:10.544,199.4,817.16,0.0,1
2025-08-02 06:49:10.671,199.4,817.16,0.0,1
2025-08-02 06:49:10.765,199.4,817.16,0.0,1
2025-08-02 06:49:10.865,199.4,817.16,0.0,1
2025-08-02 06:49:11.013,199.4,817.16,0.0,1
2025-08-02 06:49:11.087,199.4,817.16,0.0,1
2025-08-02 06:49:11.154,199.4,817.16,0.0,1
2025-08-02 06:49:11.255,199.4,817.16,0.0,1
2025-08-02 06:49:11.406,199.4,817.16,0.0,1
2025-08-02 06:49:11.572,199.4,817.16,0.0,1
2025-08-02 06:49:11.710,199.4,817.16,0.0,1
2025-08-02 06:49:11.906,199.4,817.16,0.0,1
2025-08-02 06:49:12.115,199.4,817.16,0.0,1
2025-08-02 06:49:12.279,199.4,817.16,0.0,1
2025-08-02 06:49:12.432,199.4,817.16,0.0,1
2025-08-02 06:49:12.614,199.4,817.16,0.0,1
2025-08-02 06:49:12.744,199.4,817.16,0.0,1
2025-08-02 06:49:12.907,199.4,817.16,0.0,1
2025-08-02 06:49:13.089,199.4,817.16,0.0,1
2025-08-02 06:49:13.226,199.4,817.16,0.0,1
2025-08-02 06:49:13.378,199.4,817.16,0.0,1
2025-08-02 06:49:13.448,199.4,817.16,0.0,1
2025-08-02 06:49:13.623,199.4,817.16,0.0,1
2025-08-02 06:49:13.771,199.4,817.34,0.0,1
2025-08-02 06:49:13.924,199.4,817.34,0.0,1
2025-08-02 06:49:14.101,199.4,817.34,0.0,1
2025-08-02 06:49:14.262,199.4,817.34,0.0,1
2025-08-02 06:49:14.391,199.4,817.34,0.0,1
2025-08-02 06:49:14.489,199.4,817.34,0.0,1
2025-08-02 06:49:14.637,199.4,817.34,0.0,1
2025-08-02 06:49:14.716,199.4,817.34,0.0,1
2025-08-02 06:49:14.901,199.4,817.34,0.0,1
2025-08-02 06:49:15.033,199.4,817.16,0.0,1
2025-08-02 06:49:15.176,199.4,817.16,0.0,1
2025-08-02 06:49:15.270,199.4,817.16,0.0,1
2025-08-02 06:49:15.413,199.4,817.16,0.0,1
2025-08-02 06:49:15.508,199.4,817.16,0.0,1
2025-08-02 06:49:15.654,199.4,817.16,0.0,1
2025-08-02 06:49:15.752,199.4,817.16,0.0,1
2025-08-02 06:49:15.917,199.4,817.16,0.0,1
2025-08-02 06:49:16.091,199.4,817.16,0.0,1
2025-08-02 06:49:16.246,199.4,817.34,0.0,1
2025-08-02 06:49:16.371,199.4,817.34,0.0,1
2025-08-02 06:49:16.463,199.4,817.34,0.0,1
2025-08-02 06:49:16.575,199.4,817.34,0.0,1
2025-08-02 06:49:16.712,199.4,817.34,0.0,1
2025-08-02 06:49:16.851,199.4,817.34,0.0,1
2025-08-02 06:49:17.118,199.4,817.34,0.0,1
2025-08-02 06:49:17.216,199.4,817.34,0.0,1
2025-08-02 06:49:17.307,199.4,817.34,0.0,1
2025-08-02 06:49:17.463,199.4,817.34,0.0,1
2025-08-02 06:49:17.621,199.4,817.34,0.0,1
2025-08-02 06:49:17.801,199.4,817.34,0.0,1
2025-08-02 06:49:17.934,199.4,817.34,0.0,1
2025-08-02 06:49:18.083,199.4,817.34,0.0,1
2025-08-02 06:49:18.183,199.4,817.34,0.0,1
2025-08-02 06:49:18.331,199.4,817.34,0.0,1
2025-08-02 06:49:18.488,199.4,817.34,0.0,1
2025-08-02 06:49:18.668,199.4,817.34,0.0,1
2025-08-02 06:49:18.817,199.4,817.34,0.0,1
2025-08-02 06:49:18.961,199.4,817.34,0.0,1
2025-08-02 06:49:19.029,199.4,817.34,0.0,1
2025-08-02 06:49:19.248,199.4,817.34,0.0,1
2025-08-02 06:49:19.342,199.4,817.34,0.0,1
2025-08-02 06:49:19.512,199.4,817.34,0.0,1
2025-08-02 06:49:19.660,199.4,817.34,0.0,1
2025-08-02 06:49:19.812,199.4,817.34,0.0,1
2025-08-02 06:49:19.981,199.4,817.34,0.0,1
2025-08-02 06:49:20.127,199.4,817.34,0.0,1
2025-08-02 06:49:20.273,199.4,817.34,0.0,1
2025-08-02 06:49:20.369,199.4,817.34,0.0,1
2025-08-02 06:49:20.534,199.4,817.34,0.0,1
2025-08-02 06:49:20.655,199.4,817.34,0.0,1
2025-08-02 06:49:20.757,199.4,817.34,0.0,1
2025-08-02 06:49:20.907,199.4,817.34,0.0,1
2025-08-02 06:49:21.069,199.4,817.34,0.0,1
2025-08-02 06:49:21.247,199.4,817.34,0.0,1
2025-08-02 06:49:21.404,199.4,817.34,0.0,1
2025-08-02 06:49:21.578,199.4,817.34,0.0,1
2025-08-02 06:49:21.704,199.4,817.34,0.0,1
2025-08-02 06:49:21.915,199.4,817.34,0.0,1
2025-08-02 06:49:22.116,199.4,817.34,0.0,1
2025-08-02 06:49:22.288,199.4,817.34,0.0,1
2025-08-02 06:49:22.445,199.4,817.34,0.0,1
2025-08-02 06:49:22.595,199.4,817.34,0.0,1
2025-08-02 06:49:22.776,199.4,817.34,0.0,1
2025-08-02 06:49:22.937,199.4,817.34,0.0,1
2025-08-02 06:49:23.057,199.4,817.34,0.0,1
2025-08-02 06:49:23.149,199.4,817.34,0.0,1
2025-08-02 06:49:23.223,199.4,817.34,0.0,1
2025-08-02 06:49:23.369,199.4,817.34,0.0,1
2025-08-02 06:49:23.439,199.4,817.34,0.0,1
2025-08-02 06:49:23.563,199.4,817.34,0.0,1
2025-08-02 06:49:23.693,199.4,817.34,0.0,1
2025-08-02 06:49:23.786,199.4,817.34,0.0,1
2025-08-02 06:49:23.877,199.4,817.34,0.0,1
2025-08-02 06:49:24.024,199.4,817.34,0.0,1
2025-08-02 06:49:24.178,199.4,817.34,0.0,1
2025-08-02 06:49:24.336,199.4,817.34,0.0,1
2025-08-02 06:49:24.503,199.4,817.34,0.0,1
2025-08-02 06:49:24.664,199.4,817.34,0.0,1
2025-08-02 06:49:24.818,199.4,817.34,0.0,1
2025-08-02 06:49:24.994,199.4,817.34,0.0,1
2025-08-02 06:49:25.147,199.4,817.34,0.0,1
2025-08-02 06:49:25.300,199.4,817.34,0.0,1
2025-08-02 06:49:25.479,199.4,817.34,0.0,1
2025-08-02 06:49:25.650,199.4,817.34,0.0,1
2025-08-02 06:49:25.774,199.4,817.34,0.0,1
2025-08-02 06:49:25.849,199.4,817.34,0.0,1
2025-08-02 06:49:25.956,199.4,817.34,0.0,1
2025-08-02 06:49:26.108,199.4,817.34,0.0,1
2025-08-02 06:49:26.258,199.4,817.34,0.0,1
2025-08-02 06:49:26.406,199.4,817.34,0.0,1
2025-08-02 06:49:26.572,199.4,817.34,0.0,1
2025-08-02 06:49:26.786,199.4,817.34,0.0,1
2025-08-02 06:49:26.978,199.4,817.34,0.0,1
2025-08-02 06:49:27.274,199.4,817.34,0.0,1
2025-08-02 06:49:27.426,199.4,817.34,0.0,1
2025-08-02 06:49:27.575,199.4,817.34,0.0,1
2025-08-02 06:49:27.749,199.4,817.34,0.0,1
2025-08-02 06:49:27.903,199.4,817.34,0.0,1
2025-08-02 06:49:28.063,199.4,817.34,0.0,1
2025-08-02 06:49:28.244,199.4,817.34,0.0,1
2025-08-02 06:49:28.370,199.4,817.52,0.0,1
2025-08-02 06:49:28.439,199.4,817.52,0.0,1
2025-08-02 06:49:28.515,199.4,817.52,0.0,1
2025-08-02 06:49:28.689,199.4,817.52,0.0,1
2025-08-02 06:49:28.848,199.4,817.52,0.0,1
2025-08-02 06:49:28.972,199.4,817.52,0.0,1
2025-08-02 06:49:29.064,199.4,817.52,0.0,1
2025-08-02 06:49:29.209,199.4,817.52,0.0,1
2025-08-02 06:49:29.308,199.4,817.52,0.0,1
2025-08-02 06:49:29.452,199.4,817.52,0.0,1
2025-08-02 06:49:29.623,199.4,817.52,0.0,1
2025-08-02 06:49:29.773,199.4,817.52,0.0,1
2025-08-02 06:49:29.949,199.4,817.52,0.0,1
2025-08-02 06:49:30.104,199.4,817.52,0.0,1
2025-08-02 06:49:30.228,199.4,817.52,0.0,1
2025-08-02 06:49:30.297,199.4,817.52,0.0,1
2025-08-02 06:49:30.395,199.4,817.52,0.0,1
2025-08-02 06:49:30.547,199.4,817.52,0.0,1
2025-08-02 06:49:30.700,199.4,817.52,0.0,1
2025-08-02 06:49:30.845,199.4,817.52,0.0,1
2025-08-02 06:49:30.998,199.4,817.52,0.0,1
2025-08-02 06:49:31.165,199.4,817.52,0.0,1
2025-08-02 06:49:31.315,199.4,817.52,0.0,1
2025-08-02 06:49:31.473,199.4,817.52,0.0,1
2025-08-02 06:49:31.566,199.4,817.52,0.0,1
2025-08-02 06:49:31.704,199.4,817.52,0.0,1
2025-08-02 06:49:31.909,199.4,817.52,0.0,1
2025-08-02 06:49:32.037,199.4,817.52,0.0,1
2025-08-02 06:49:32.189,199.4,817.52,0.0,1
2025-08-02 06:49:32.265,199.4,817.52,0.0,1
2025-08-02 06:49:32.443,199.4,817.52,0.0,1
2025-08-02 06:49:32.565,199.4,817.52,0.0,1
2025-08-02 06:49:32.633,199.4,817.52,0.0,1
2025-08-02 06:49:32.734,199.4,817.52,0.0,1
2025-08-02 06:49:32.859,199.4,817.52,0.0,1
2025-08-02 06:49:33.040,199.4,817.52,0.0,1
2025-08-02 06:49:33.172,199.4,817.52,0.0,1
2025-08-02 06:49:33.267,199.4,817.52,0.0,1
2025-08-02 06:49:33.442,199.4,817.52,0.0,1
2025-08-02 06:49:33.574,199.4,817.52,0.0,1
2025-08-02 06:49:33.645,199.4,817.52,0.0,1
2025-08-02 06:49:33.738,199.4,817.52,0.0,1
2025-08-02 06:49:33.890,199.4,817.52,0.0,1
2025-08-02 06:49:33.993,199.4,817.52,0.0,1
2025-08-02 06:49:34.139,199.4,817.52,0.0,1
2025-08-02 06:49:34.291,199.4,817.52,0.0,1
2025-08-02 06:49:34.395,199.4,817.52,0.0,1
2025-08-02 06:49:34.519,199.4,817.52,0.0,1
2025-08-02 06:49:34.613,199.4,817.52,0.0,1
2025-08-02 06:49:34.783,199.4,817.52,0.0,1
2025-08-02 06:49:34.913,199.4,817.52,0.0,1
2025-08-02 06:49:35.008,199.4,817.52,0.0,1
2025-08-02 06:49:35.152,199.4,817.52,0.0,1
2025-08-02 06:49:35.298,199.4,817.52,0.0,1
2025-08-02 06:49:35.457,199.4,817.52,0.0,1
2025-08-02 06:49:35.609,199.4,817.52,0.0,1
2025-08-02 06:49:35.679,199.4,817.52,0.0,1
2025-08-02 06:49:35.802,199.4,817.52,0.0,1
2025-08-02 06:49:35.944,199.4,817.52,0.0,1
2025-08-02 06:49:36.126,199.4,817.52,0.0,1
2025-08-02 06:49:36.257,199.4,817.52,0.0,1
2025-08-02 06:49:36.439,199.4,817.52,0.0,1
2025-08-02 06:49:36.585,199.4,817.52,0.0,1
2025-08-02 06:49:36.713,199.4,817.52,0.0,1
2025-08-02 06:49:36.924,199.4,817.52,0.0,1
2025-08-02 06:49:37.136,199.4,817.52,0.0,1
2025-08-02 06:49:37.271,199.4,817.52,0.0,1
2025-08-02 06:49:37.348,199.4,817.52,0.0,1
2025-08-02 06:49:37.513,199.4,817.52,0.0,1
2025-08-02 06:49:37.693,199.4,817.52,0.0,1
2025-08-02 06:49:37.822,199.4,817.52,0.0,1
2025-08-02 06:49:37.971,199.4,817.52,0.0,1
2025-08-02 06:49:38.128,199.4,817.52,0.0,1
2025-08-02 06:49:38.204,199.4,817.52,0.0,1
2025-08-02 06:49:38.273,199.4,817.52,0.0,1
2025-08-02 06:49:38.364,199.4,817.52,0.0,1
2025-08-02 06:49:38.523,199.4,817.52,0.0,1
2025-08-02 06:49:38.622,199.4,817.52,0.0,1
2025-08-02 06:49:38.776,199.4,817.52,0.0,1
2025-08-02 06:49:38.902,199.4,817.52,0.0,1
2025-08-02 06:49:38.997,199.4,817.52,0.0,1
2025-08-02 06:49:39.141,199.4,817.52,0.0,1
2025-08-02 06:49:39.298,199.4,817.52,0.0,1
2025-08-02 06:49:39.449,199.4,817.52,0.0,1
2025-08-02 06:49:39.526,199.4,817.52,0.0,1
2025-08-02 06:49:39.596,199.4,817.52,0.0,1
2025-08-02 06:49:39.694,199.4,817.52,0.0,1
2025-08-02 06:49:39.809,199.4,817.52,0.0,1
2025-08-02 06:49:39.961,199.4,817.52,0.0,1
2025-08-02 06:49:40.057,199.4,817.52,0.0,1
2025-08-02 06:49:40.206,199.4,817.52,0.0,1
2025-08-02 06:49:40.356,199.4,817.52,0.0,1
2025-08-02 06:49:40.533,199.4,817.52,0.0,1
2025-08-02 06:49:40.687,199.4,817.52,0.0,1
2025-08-02 06:49:40.840,199.4,817.52,0.0,1
2025-08-02 06:49:41.015,199.4,817.52,0.0,1
2025-08-02 06:49:41.169,199.4,817.52,0.0,1
2025-08-02 06:49:41.298,199.4,817.52,0.0,1
2025-08-02 06:49:41.390,199.4,817.52,0.0,1
2025-08-02 06:49:41.461,199.4,817.52,0.0,1
2025-08-02 06:49:41.573,199.4,817.52,0.0,1
2025-08-02 06:49:41.847,199.4,817.52,0.0,1
2025-08-02 06:49:42.050,199.4,817.52,0.0,1
2025-08-02 06:49:42.168,199.4,817.52,0.0,1
2025-08-02 06:49:42.238,199.4,817.52,0.0,1
2025-08-02 06:49:42.341,199.4,817.52,0.0,1
2025-08-02 06:49:42.497,199.4,817.52,0.0,1
2025-08-02 06:49:42.619,199.4,817.52,0.0,1
2025-08-02 06:49:42.714,199.4,817.52,0.0,1
2025-08-02 06:49:42.808,199.4,817.52,0.0,1
2025-08-02 06:49:42.962,199.4,817.52,0.0,1
2025-08-02 06:49:43.144,199.4,817.52,0.0,1
2025-08-02 06:49:43.303,199.4,817.52,0.0,1
2025-08-02 06:49:43.432,199.4,817.52,0.0,1
2025-08-02 06:49:43.529,199.4,817.52,0.0,1
2025-08-02 06:49:43.669,199.4,817.52,0.0,1
2025-08-02 06:49:43.748,199.4,817.52,0.0,1
2025-08-02 06:49:43.927,199.4,817.52,0.0,1
2025-08-02 06:49:44.078,199.4,817.52,0.0,1
2025-08-02 06:49:44.236,199.4,817.52,0.0,1
2025-08-02 06:49:44.366,199.4,817.52,0.0,1
2025-08-02 06:49:44.461,199.4,817.52,0.0,1
2025-08-02 06:49:44.605,199.4,817.52,0.0,1
2025-08-02 06:49:44.752,199.4,817.52,0.0,1
2025-08-02 06:49:44.848,199.4,817.52,0.0,1
2025-08-02 06:49:44.993,199.4,817.52,0.0,1
2025-08-02 06:49:45.150,199.4,817.52,0.0,1
2025-08-02 06:49:45.300,199.4,817.52,0.0,1
2025-08-02 06:49:45.376,199.4,817.52,0.0,1
2025-08-02 06:49:45.445,199.4,817.52,0.0,1
2025-08-02 06:49:45.544,199.4,817.52,0.0,1
2025-08-02 06:49:45.696,199.4,817.52,0.0,1
2025-08-02 06:49:45.877,199.4,817.52,0.0,1
2025-08-02 06:49:46.028,199.4,817.52,0.0,1
2025-08-02 06:49:46.176,199.4,817.52,0.0,1
2025-08-02 06:49:46.325,199.4,817.52,0.0,1
2025-08-02 06:49:46.506,199.4,817.52,0.0,1
2025-08-02 06:49:46.714,199.4,817.52,0.0,1
2025-08-02 06:49:46.913,199.4,817.52,0.0,1
2025-08-02 06:49:47.159,199.4,817.52,0.0,1
2025-08-02 06:49:47.284,199.4,817.52,0.0,1
2025-08-02 06:49:47.437,199.4,817.52,0.0,1
2025-08-02 06:49:47.616,199.4,817.52,0.0,1
2025-08-02 06:49:47.772,199.4,817.52,0.0,1
2025-08-02 06:49:47.900,199.4,817.52,0.0,1
2025-08-02 06:49:47.990,199.4,817.52,0.0,1
2025-08-02 06:49:48.059,199.4,817.52,0.0,1
2025-08-02 06:49:48.152,199.4,817.52,0.0,1
2025-08-02 06:49:48.300,199.4,817.52,0.0,1
2025-08-02 06:49:48.454,199.4,817.52,0.0,1
2025-08-02 06:49:48.607,199.4,817.52,0.0,1
2025-08-02 06:49:48.799,199.4,817.52,0.0,1
2025-08-02 06:49:48.930,199.4,817.52,0.0,1
2025-08-02 06:49:49.079,199.4,817.7,0.0,1
2025-08-02 06:49:49.155,199.4,817.7,0.0,1
2025-08-02 06:49:49.225,199.4,817.7,0.0,1
2025-08-02 06:49:49.326,199.4,817.7,0.0,1
2025-08-02 06:49:49.476,199.4,817.7,0.0,1
2025-08-02 06:49:49.637,199.4,817.7,0.0,1
2025-08-02 06:49:49.766,199.4,817.7,0.0,1
2025-08-02 06:49:49.862,199.4,817.7,0.0,1
2025-08-02 06:49:50.022,199.4,817.7,0.0,1
2025-08-02 06:49:50.150,199.4,817.7,0.0,1
2025-08-02 06:49:50.245,199.4,817.7,0.0,1
2025-08-02 06:49:50.335,199.4,817.7,0.0,1
2025-08-02 06:49:50.485,199.4,817.7,0.0,1
2025-08-02 06:49:50.638,199.4,817.7,0.0,1
2025-08-02 06:49:50.793,199.4,817.7,0.0,1
2025-08-02 06:49:50.974,199.4,817.7,0.0,1
2025-08-02 06:49:51.131,199.4,817.7,0.0,1
2025-08-02 06:49:51.279,199.4,817.7,0.0,1
2025-08-02 06:49:51.457,199.4,817.7,0.0,1
2025-08-02 06:49:51.642,199.4,817.7,0.0,1
2025-08-02 06:49:51.849,199.4,817.7,0.0,1
2025-08-02 06:49:51.984,199.4,817.7,0.0,1
2025-08-02 06:49:52.158,199.4,817.7,0.0,1
2025-08-02 06:49:52.318,199.4,817.7,0.0,1
2025-08-02 06:49:52.472,199.4,817.7,0.0,1
2025-08-02 06:49:52.559,199.4,817.7,0.0,1
2025-08-02 06:49:52.705,199.4,817.7,0.0,1
2025-08-02 06:49:52.865,199.4,817.7,0.0,1
2025-08-02 06:49:53.050,199.4,817.7,0.0,1
2025-08-02 06:49:53.178,199.4,817.7,0.0,1
2025-08-02 06:49:53.353,199.4,817.7,0.0,1
2025-08-02 06:49:53.492,199.4,817.7,0.0,1
2025-08-02 06:49:53.593,199.4,817.7,0.0,1
2025-08-02 06:49:53.738,199.4,817.7,0.0,1
2025-08-02 06:49:53.885,199.4,817.7,0.0,1
2025-08-02 06:49:54.066,199.4,817.7,0.0,1
2025-08-02 06:49:54.218,199.4,817.7,0.0,1
2025-08-02 06:49:54.368,199.4,817.7,0.0,1
2025-08-02 06:49:54.535,199.4,817.7,0.0,1
2025-08-02 06:49:54.682,199.4,817.7,0.0,1
2025-08-02 06:49:54.838,199.4,817.7,0.0,1
2025-08-02 06:49:54.988,199.4,817.7,0.0,1
2025-08-02 06:49:55.064,199.4,817.7,0.0,1
2025-08-02 06:49:55.174,199.4,817.7,0.0,1
2025-08-02 06:49:55.325,199.4,817.7,0.0,1
2025-08-02 06:49:55.555,199.4,817.7,0.0,1
2025-08-02 06:49:55.709,199.4,817.7,0.0,1
2025-08-02 06:49:55.898,199.4,817.7,0.0,1
2025-08-02 06:49:56.048,199.4,817.7,0.0,1
2025-08-02 06:49:56.173,199.4,817.7,0.0,1
2025-08-02 06:49:56.274,199.4,817.7,0.0,1
2025-08-02 06:49:56.424,199.4,817.7,0.0,1
2025-08-02 06:49:59.069,199.4,817.7,0.0,1
2025-08-02 06:49:59.219,199.4,817.7,0.0,1
2025-08-02 06:49:59.319,199.4,817.7,0.0,1
2025-08-02 06:49:59.463,199.4,817.7,0.0,1
2025-08-02 06:49:59.608,199.4,817.7,0.0,1
2025-08-02 06:49:59.701,199.4,817.7,0.0,1
2025-08-02 06:49:59.846,199.4,817.7,0.0,1
2025-08-02 06:50:00.003,199.4,817.7,0.0,1
2025-08-02 06:50:00.185,199.4,817.7,0.0,1
2025-08-02 06:50:00.315,199.4,817.7,0.0,1
2025-08-02 06:50:00.383,199.4,817.7,0.0,1
2025-08-02 06:50:00.485,199.4,817.7,0.0,1
2025-08-02 06:50:00.635,199.4,817.7,0.0,1
2025-08-02 06:50:00.811,199.4,817.7,0.0,1
2025-08-02 06:50:00.963,199.4,817.7,0.0,1
2025-08-02 06:50:01.121,199.4,817.7,0.0,1
2025-08-02 06:50:01.299,199.4,817.7,0.0,1
2025-08-02 06:50:01.448,199.4,817.7,0.0,1
2025-08-02 06:50:01.587,199.4,817.7,0.0,1
2025-08-02 06:50:01.727,199.4,817.7,0.0,1
2025-08-02 06:50:01.854,199.4,817.7,0.0,1
2025-08-02 06:50:02.063,199.4,817.7,0.0,1
2025-08-02 06:50:02.251,199.4,817.7,0.0,1
2025-08-02 06:50:02.409,199.4,817.7,0.0,1
2025-08-02 06:50:02.586,199.4,817.7,0.0,1
2025-08-02 06:50:02.740,199.4,817.7,0.0,1
2025-08-02 06:50:02.872,199.4,817.7,0.0,1
2025-08-02 06:50:02.973,199.4,817.7,0.0,1
2025-08-02 06:50:03.117,199.4,817.7,0.0,1
2025-08-02 06:50:03.198,199.4,817.7,0.0,1
2025-08-02 06:50:03.270,199.4,817.7,0.0,1
2025-08-02 06:50:03.359,199.4,817.7,0.0,1
2025-08-02 06:50:03.503,199.4,817.7,0.0,1
2025-08-02 06:50:03.654,199.4,817.7,0.0,1
2025-08-02 06:50:03.753,199.4,817.7,0.0,1
2025-08-02 06:50:03.899,199.4,817.7,0.0,1
2025-08-02 06:50:04.056,199.4,817.7,0.0,1
2025-08-02 06:50:04.232,199.4,817.7,0.0,1
2025-08-02 06:50:04.388,199.4,817.7,0.0,1
2025-08-02 06:50:04.541,199.4,817.7,0.0,1
2025-08-02 06:50:04.719,199.4,817.7,0.0,1
2025-08-02 06:50:04.870,199.4,817.7,0.0,1
2025-08-02 06:50:05.020,199.4,817.7,0.0,1
2025-08-02 06:50:05.197,199.4,817.7,0.0,1
2025-08-02 06:50:05.337,199.4,817.7,0.0,1
2025-08-02 06:50:05.495,199.4,817.7,0.0,1
2025-08-02 06:50:05.648,199.4,817.7,0.0,1
2025-08-02 06:50:05.828,199.4,817.7,0.0,1
2025-08-02 06:50:05.991,199.4,817.7,0.0,1
2025-08-02 06:50:06.122,199.4,817.7,0.0,1
2025-08-02 06:50:06.270,199.4,817.7,0.0,1
2025-08-02 06:50:06.422,199.4,817.7,0.0,1
2025-08-02 06:50:06.587,199.4,817.7,0.0,1
2025-08-02 06:50:06.731,199.4,817.7,0.0,1
2025-08-02 06:50:06.925,199.4,817.7,0.0,1
2025-08-02 06:50:07.136,199.4,817.7,0.0,1
2025-08-02 06:50:07.293,199.4,817.7,0.0,1
2025-08-02 06:50:07.444,199.4,817.7,0.0,1
2025-08-02 06:50:07.595,199.4,817.7,0.0,1
2025-08-02 06:50:07.747,199.4,817.7,0.0,1
2025-08-02 06:50:07.891,199.4,817.7,0.0,1
2025-08-02 06:50:08.043,199.4,817.7,0.0,1
2025-08-02 06:50:08.139,199.4,817.7,0.0,1
2025-08-02 06:50:08.286,199.4,817.7,0.0,1
2025-08-02 06:50:08.438,199.4,817.7,0.0,1
2025-08-02 06:50:08.616,199.4,817.7,0.0,1
2025-08-02 06:50:08.772,199.4,817.7,0.0,1
2025-08-02 06:50:08.904,199.4,817.7,0.0,1
2025-08-02 06:50:09.002,199.4,817.7,0.0,1
2025-08-02 06:50:09.176,199.4,817.7,0.0,1
2025-08-02 06:50:09.307,199.4,817.7,0.0,1
2025-08-02 06:50:09.485,199.4,817.7,0.0,1
2025-08-02 06:50:09.631,199.4,817.7,0.0,1
2025-08-02 06:50:09.778,199.4,817.7,0.0,1
2025-08-02 06:50:09.933,199.4,817.7,0.0,1
2025-08-02 06:50:10.087,199.4,817.7,0.0,1
2025-08-02 06:50:10.264,199.4,817.7,0.0,1
2025-08-02 06:50:10.418,199.4,817.7,0.0,1
2025-08-02 06:50:10.555,199.4,817.7,0.0,1
2025-08-02 06:50:10.656,199.4,817.7,0.0,1
2025-08-02 06:50:10.803,199.4,817.7,0.0,1
2025-08-02 06:50:10.957,199.4,817.7,0.0,1
2025-08-02 06:50:11.131,199.4,817.7,0.0,1
2025-08-02 06:50:11.288,199.4,817.7,0.0,1
2025-08-02 06:50:11.451,199.4,817.7,0.0,1
2025-08-02 06:50:11.601,199.4,817.7,0.0,1
2025-08-02 06:50:11.732,199.4,817.7,0.0,1
2025-08-02 06:50:11.936,199.4,817.7,0.0,1
2025-08-02 06:50:12.132,199.4,817.7,0.0,1
2025-08-02 06:50:12.315,199.4,817.7,0.0,1
2025-08-02 06:50:12.443,199.4,817.7,0.0,1
2025-08-02 06:50:12.589,199.4,817.7,0.0,1
2025-08-02 06:50:12.744,199.4,817.7,0.0,1
2025-08-02 06:50:12.902,199.4,817.7,0.0,1
2025-08-02 06:50:13.059,199.4,817.7,0.0,1
2025-08-02 06:50:13.209,199.4,817.7,0.0,1
2025-08-02 06:50:13.359,199.4,817.7,0.0,1
2025-08-02 06:50:13.512,199.4,817.7,0.0,1
2025-08-02 06:50:13.662,199.4,817.7,0.0,1
2025-08-02 06:50:13.785,199.4,817.7,0.0,1
2025-08-02 06:50:13.960,199.4,817.7,0.0,1
2025-08-02 06:50:14.119,199.4,817.7,0.0,1
2025-08-02 06:50:14.245,199.4,817.7,0.0,1
2025-08-02 06:50:14.389,199.4,817.7,0.0,1
2025-08-02 06:50:14.559,199.4,817.7,0.0,1
2025-08-02 06:50:14.712,199.4,817.7,0.0,1
2025-08-02 06:50:14.853,199.4,817.7,0.0,1
2025-08-02 06:50:14.994,199.4,817.7,0.0,1
2025-08-02 06:50:15.139,199.4,817.7,0.0,1
2025-08-02 06:50:15.311,199.4,817.7,0.0,1
2025-08-02 06:50:15.454,199.4,817.7,0.0,1
2025-08-02 06:50:15.593,199.4,817.7,0.0,1
2025-08-02 06:50:15.766,199.4,817.7,0.0,1
2025-08-02 06:50:15.909,199.4,817.7,0.0,1
2025-08-02 06:50:16.061,199.4,817.7,0.0,1
2025-08-02 06:50:16.201,199.4,817.7,0.0,1
2025-08-02 06:50:16.341,199.4,817.7,0.0,1
2025-08-02 06:50:16.512,199.4,817.7,0.0,1
2025-08-02 06:50:16.663,199.4,817.7,0.0,1
2025-08-02 06:50:16.859,199.4,817.7,0.0,1
2025-08-02 06:50:17.065,199.4,817.52,0.0,1
2025-08-02 06:50:17.258,199.4,817.52,0.0,1
2025-08-02 06:50:17.425,199.4,817.52,0.0,1
2025-08-02 06:50:17.566,199.4,817.52,0.0,1
2025-08-02 06:50:17.738,199.4,817.52,0.0,1
2025-08-02 06:50:17.880,199.4,817.52,0.0,1
2025-08-02 06:50:17.969,199.4,817.52,0.0,1
2025-08-02 06:50:18.131,199.4,817.52,0.0,1
2025-08-02 06:50:18.271,199.4,817.52,0.0,1
2025-08-02 06:50:18.368,199.4,817.52,0.0,1
2025-08-02 06:50:18.517,199.4,817.52,0.0,1
2025-08-02 06:50:18.666,199.4,817.52,0.0,1
2025-08-02 06:50:18.764,199.4,817.52,0.0,1
2025-08-02 06:50:18.903,199.4,817.52,0.0,1
2025-08-02 06:50:18.967,199.4,817.52,0.0,1
2025-08-02 06:50:19.063,199.4,817.52,0.0,1
2025-08-02 06:50:19.202,199.4,817.52,0.0,1
2025-08-02 06:50:19.298,199.4,817.52,0.0,1
2025-08-02 06:50:19.438,199.4,817.52,0.0,1
2025-08-02 06:50:19.587,199.4,817.52,0.0,1
2025-08-02 06:50:19.683,199.4,817.52,0.0,1
2025-08-02 06:50:19.823,199.4,817.52,0.0,1
2025-08-02 06:50:19.962,199.4,817.52,0.0,1
2025-08-02 06:50:20.132,199.4,817.52,0.0,1
2025-08-02 06:50:20.280,199.4,817.52,0.0,1
2025-08-02 06:50:20.420,199.4,817.52,0.0,1
2025-08-02 06:50:20.584,199.4,817.52,0.0,1
2025-08-02 06:50:20.744,199.4,817.52,0.0,1
2025-08-02 06:50:20.886,199.4,817.52,0.0,1
2025-08-02 06:50:21.035,199.4,817.52,0.0,1
2025-08-02 06:50:21.174,199.4,817.52,0.0,1
2025-08-02 06:50:21.272,199.4,817.52,0.0,1
2025-08-02 06:50:21.411,199.4,817.52,0.0,1
2025-08-02 06:50:21.512,199.4,817.52,0.0,1
2025-08-02 06:50:21.714,199.4,817.52,0.0,1
2025-08-02 06:50:21.923,199.4,817.52,0.0,1
2025-08-02 06:50:22.053,199.4,817.52,0.0,1
2025-08-02 06:50:22.193,199.4,817.52,0.0,1
2025-08-02 06:50:22.361,199.4,817.52,0.0,1
2025-08-02 06:50:22.518,199.4,817.52,0.0,1
2025-08-02 06:50:22.637,199.4,817.52,0.0,1
2025-08-02 06:50:22.704,199.4,817.52,0.0,1
2025-08-02 06:50:22.807,199.4,817.52,0.0,1
2025-08-02 06:50:22.950,199.4,817.52,0.0,1
2025-08-02 06:50:23.043,199.4,817.52,0.0,1
2025-08-02 06:50:23.185,199.4,817.52,0.0,1
2025-08-02 06:50:23.277,199.4,817.52,0.0,1
2025-08-02 06:50:23.420,199.4,817.52,0.0,1
2025-08-02 06:50:23.517,199.4,817.52,0.0,1
2025-08-02 06:50:23.656,199.4,817.52,0.0,1
2025-08-02 06:50:23.746,199.4,817.52,0.0,1
2025-08-02 06:50:23.814,199.4,817.52,0.0,1
2025-08-02 06:50:23.914,199.4,817.52,0.0,1
2025-08-02 06:50:24.053,199.4,817.52,0.0,1
2025-08-02 06:50:24.152,199.4,817.52,0.0,1
2025-08-02 06:50:24.306,199.4,817.52,0.0,1
2025-08-02 06:50:24.458,199.4,817.52,0.0,1
2025-08-02 06:50:24.635,199.4,817.52,0.0,1
2025-08-02 06:50:24.761,199.4,817.52,0.0,1
2025-08-02 06:50:24.907,199.4,817.52,0.0,1
2025-08-02 06:50:25.088,199.4,817.52,0.0,1
2025-08-02 06:50:25.216,199.4,817.52,0.0,1
2025-08-02 06:50:25.293,199.4,817.52,0.0,1
2025-08-02 06:50:25.362,199.4,817.52,0.0,1
2025-08-02 06:50:25.431,199.4,817.52,0.0,1
2025-08-02 06:50:25.500,199.4,817.52,0.0,1
2025-08-02 06:50:25.648,199.4,817.52,0.0,1
2025-08-02 06:50:25.742,199.4,817.52,0.0,1
2025-08-02 06:50:25.883,199.4,817.52,0.0,1
2025-08-02 06:50:26.030,199.4,817.52,0.0,1
2025-08-02 06:50:26.133,199.4,817.52,0.0,1
2025-08-02 06:50:26.279,199.4,817.52,0.0,1
2025-08-02 06:50:26.360,199.4,817.52,0.0,1
2025-08-02 06:50:26.463,199.4,817.52,0.0,1
2025-08-02 06:50:26.649,199.4,817.52,0.0,1
2025-08-02 06:50:26.860,199.4,817.52,0.0,1
2025-08-02 06:50:26.984,199.4,817.52,0.0,1
2025-08-02 06:50:27.188,199.4,817.52,0.0,1
2025-08-02 06:50:27.266,199.4,817.52,0.0,1
2025-08-02 06:50:27.341,199.4,817.52,0.0,1
2025-08-02 06:50:27.410,199.4,817.52,0.0,1
2025-08-02 06:50:27.558,199.4,817.52,0.0,1
2025-08-02 06:50:27.661,199.4,817.52,0.0,1
2025-08-02 06:50:27.788,199.4,817.52,0.0,1
2025-08-02 06:50:27.937,199.4,817.52,0.0,1
2025-08-02 06:50:28.122,199.4,817.52,0.0,1
2025-08-02 06:50:28.244,199.4,817.52,0.0,1
2025-08-02 06:50:28.319,199.4,817.52,0.0,1
2025-08-02 06:50:28.418,199.4,817.52,0.0,1
2025-08-02 06:50:28.566,199.4,817.52,0.0,1
2025-08-02 06:50:28.717,199.4,817.52,0.0,1
2025-08-02 06:50:28.892,199.4,817.52,0.0,1
2025-08-02 06:50:29.052,199.4,817.52,0.0,1
2025-08-02 06:50:29.179,199.4,817.52,0.0,1
2025-08-02 06:50:29.256,199.4,817.52,0.0,1
2025-08-02 06:50:29.432,199.4,817.52,0.0,1
2025-08-02 06:50:29.581,199.4,817.52,0.0,1
2025-08-02 06:50:29.721,199.4,817.52,0.0,1
2025-08-02 06:50:29.825,199.4,817.52,0.0,1
2025-08-02 06:50:29.968,199.4,817.52,0.0,1
2025-08-02 06:50:30.114,199.4,817.52,0.0,1
2025-08-02 06:50:30.268,199.4,817.52,0.0,1
2025-08-02 06:50:30.416,199.4,817.52,0.0,1
2025-08-02 06:50:30.510,199.4,817.52,0.0,1
2025-08-02 06:50:30.660,199.4,817.52,0.0,1
2025-08-02 06:50:30.815,199.4,817.52,0.0,1
2025-08-02 06:50:30.984,199.4,817.52,0.0,1
2025-08-02 06:50:31.137,199.4,817.52,0.0,1
2025-08-02 06:50:31.288,199.4,817.52,0.0,1
2025-08-02 06:50:31.437,199.4,817.52,0.0,1
2025-08-02 06:50:31.576,199.4,817.52,0.0,1
2025-08-02 06:50:31.787,199.4,817.52,0.0,1
2025-08-02 06:50:31.989,199.4,817.52,0.0,1
2025-08-02 06:50:32.158,199.4,817.52,0.0,1
2025-08-02 06:50:32.306,199.4,817.52,0.0,1
2025-08-02 06:50:32.462,199.4,817.52,0.0,1
2025-08-02 06:50:32.640,199.4,817.52,0.0,1
2025-08-02 06:50:32.788,199.4,817.52,0.0,1
2025-08-02 06:50:32.938,199.4,817.52,0.0,1
2025-08-02 06:50:33.009,199.4,817.52,0.0,1
2025-08-02 06:50:33.078,199.4,817.52,0.0,1
2025-08-02 06:50:33.146,199.4,817.52,0.0,1
2025-08-02 06:50:33.246,199.4,817.52,0.0,1
2025-08-02 06:50:33.392,199.4,817.52,0.0,1
2025-08-02 06:50:33.548,199.4,817.52,0.0,1
2025-08-02 06:50:33.723,199.4,817.52,0.0,1
2025-08-02 06:50:33.874,199.4,817.52,0.0,1
2025-08-02 06:50:34.031,199.4,817.52,0.0,1
2025-08-02 06:50:34.203,199.4,817.52,0.0,1
2025-08-02 06:50:34.347,199.4,817.52,0.0,1
2025-08-02 06:50:34.506,199.4,817.52,0.0,1
2025-08-02 06:50:34.661,199.4,817.52,0.0,1
2025-08-02 06:50:34.828,199.4,817.52,0.0,1
2025-08-02 06:50:34.984,199.4,817.52,0.0,1
2025-08-02 06:50:35.133,199.4,817.52,0.0,1
2025-08-02 06:50:35.289,199.4,817.52,0.0,1
2025-08-02 06:50:35.467,199.4,817.52,0.0,1
2025-08-02 06:50:35.621,199.4,817.52,0.0,1
2025-08-02 06:50:35.746,199.4,817.52,0.0,1
2025-08-02 06:50:35.841,199.4,817.52,0.0,1
2025-08-02 06:50:35.908,199.4,817.52,0.0,1
2025-08-02 06:50:36.008,199.4,817.52,0.0,1
2025-08-02 06:50:36.151,199.4,817.52,0.0,1
2025-08-02 06:50:36.298,199.4,817.52,0.0,1
2025-08-02 06:50:36.367,199.4,817.52,0.0,1
2025-08-02 06:50:36.485,199.4,817.52,0.0,1
2025-08-02 06:50:36.647,199.4,817.52,0.0,1
2025-08-02 06:50:36.777,199.4,817.88,0.0,1
2025-08-02 06:50:36.992,199.4,817.88,0.0,1
2025-08-02 06:50:37.172,199.4,817.88,0.0,1
2025-08-02 06:50:37.326,199.4,817.52,0.0,1
2025-08-02 06:50:37.506,199.4,817.52,0.0,1
2025-08-02 06:50:37.664,199.4,817.52,0.0,1
2025-08-02 06:50:37.865,199.4,817.52,0.0,1
2025-08-02 06:50:37.994,199.4,817.52,0.0,1
2025-08-02 06:50:38.114,199.4,817.52,0.0,1
2025-08-02 06:50:38.189,199.4,817.52,0.0,1
2025-08-02 06:50:38.289,199.4,817.52,0.0,1
2025-08-02 06:50:38.437,199.4,817.52,0.0,1
2025-08-02 06:50:38.589,199.4,817.52,0.0,1
2025-08-02 06:50:38.767,199.4,817.52,0.0,1
2025-08-02 06:50:38.925,199.4,817.52,0.0,1
2025-08-02 06:50:39.045,199.4,817.52,0.0,1
2025-08-02 06:50:39.137,199.4,817.52,0.0,1
2025-08-02 06:50:39.306,199.4,817.52,0.0,1
2025-08-02 06:50:39.460,199.4,817.52,0.0,1
2025-08-02 06:50:39.611,199.4,817.52,0.0,1
2025-08-02 06:50:39.786,199.4,817.52,0.0,1
2025-08-02 06:50:39.940,199.4,817.52,0.0,1
2025-08-02 06:50:40.095,199.4,817.52,0.0,1
2025-08-02 06:50:40.253,199.4,817.52,0.0,1
2025-08-02 06:50:40.403,199.4,817.52,0.0,1
2025-08-02 06:50:40.497,199.4,817.52,0.0,1
2025-08-02 06:50:40.650,199.4,817.52,0.0,1
2025-08-02 06:50:40.748,199.4,817.52,0.0,1
2025-08-02 06:50:40.891,199.4,817.52,0.0,1
2025-08-02 06:50:40.993,199.4,817.52,0.0,1
2025-08-02 06:50:41.138,199.4,817.52,0.0,1
2025-08-02 06:50:41.282,199.4,817.52,0.0,1
2025-08-02 06:50:41.376,199.4,817.52,0.0,1
2025-08-02 06:50:41.521,199.4,817.7,0.0,1
2025-08-02 06:50:41.657,199.4,817.7,0.0,1
2025-08-02 06:50:41.864,199.4,817.7,0.0,1
2025-08-02 06:50:42.071,199.4,817.7,0.0,1
2025-08-02 06:50:42.241,199.4,817.7,0.0,1
2025-08-02 06:50:42.393,199.4,817.7,0.0,1
2025-08-02 06:50:42.559,199.4,817.7,0.0,1
2025-08-02 06:50:42.710,199.4,817.7,0.0,1
2025-08-02 06:50:42.880,199.4,817.7,0.0,1
2025-08-02 06:50:43.029,199.4,817.7,0.0,1
2025-08-02 06:50:43.201,199.4,817.7,0.0,1
2025-08-02 06:50:43.344,199.4,817.7,0.0,1
2025-08-02 06:50:43.440,199.4,817.7,0.0,1
2025-08-02 06:50:43.586,199.4,817.7,0.0,1
2025-08-02 06:50:43.734,199.4,817.7,0.0,1
2025-08-02 06:50:43.827,199.4,817.52,0.0,1
2025-08-02 06:50:43.969,199.4,817.52,0.0,1
2025-08-02 06:50:44.140,199.4,817.52,0.0,1
2025-08-02 06:50:44.291,199.4,817.52,0.0,1
2025-08-02 06:50:44.468,199.4,817.52,0.0,1
2025-08-02 06:50:44.608,199.4,817.52,0.0,1
2025-08-02 06:50:44.756,199.4,817.52,0.0,1
2025-08-02 06:50:44.850,199.4,817.52,0.0,1
2025-08-02 06:50:45.007,199.4,817.52,0.0,1
2025-08-02 06:50:45.156,199.4,817.52,0.0,1
2025-08-02 06:50:45.330,199.4,817.52,0.0,1
2025-08-02 06:50:45.481,199.4,817.52,0.0,1
2025-08-02 06:50:45.634,199.4,817.7,0.0,1
2025-08-02 06:50:45.810,199.4,817.7,0.0,1
2025-08-02 06:50:45.966,199.4,817.7,0.0,1
2025-08-02 06:50:46.114,199.4,817.52,0.0,1
2025-08-02 06:50:46.268,199.4,817.52,0.0,1
2025-08-02 06:50:46.448,199.4,817.52,0.0,1
2025-08-02 06:50:46.634,199.4,817.7,0.0,1
2025-08-02 06:50:46.844,199.4,817.7,0.0,1
2025-08-02 06:50:46.977,199.4,817.7,0.0,1
2025-08-02 06:50:47.166,199.4,817.7,0.0,1
2025-08-02 06:50:47.316,199.4,817.7,0.0,1
2025-08-02 06:50:47.473,199.4,817.7,0.0,1
2025-08-02 06:50:47.645,199.4,817.7,0.0,1
2025-08-02 06:50:47.798,199.4,817.7,0.0,1
2025-08-02 06:50:47.952,199.4,817.7,0.0,1
2025-08-02 06:50:48.131,199.4,817.7,0.0,1
2025-08-02 06:50:48.255,199.4,817.7,0.0,1
2025-08-02 06:50:48.330,199.4,817.7,0.0,1
2025-08-02 06:50:48.402,199.4,817.7,0.0,1
2025-08-02 06:50:48.471,199.4,817.7,0.0,1
2025-08-02 06:50:48.538,199.4,817.7,0.0,1
2025-08-02 06:50:48.630,199.4,817.52,0.0,1
2025-08-02 06:50:48.698,199.4,817.52,0.0,1
2025-08-02 06:50:48.767,199.4,817.52,0.0,1
2025-08-02 06:50:48.926,199.4,817.52,0.0,1
2025-08-02 06:50:49.089,199.4,817.52,0.0,1
2025-08-02 06:50:49.268,199.4,817.52,0.0,1
2025-08-02 06:50:49.423,199.4,817.52,0.0,1
2025-08-02 06:50:49.545,199.4,817.52,0.0,1
2025-08-02 06:50:49.638,199.4,817.52,0.0,1
2025-08-02 06:50:49.809,199.4,817.52,0.0,1
2025-08-02 06:50:49.939,199.4,817.52,0.0,1
2025-08-02 06:50:50.030,199.4,817.52,0.0,1
2025-08-02 06:50:50.102,199.4,817.52,0.0,1
2025-08-02 06:50:50.292,199.4,817.52,0.0,1
2025-08-02 06:50:50.424,199.4,817.52,0.0,1
2025-08-02 06:50:50.569,199.4,817.52,0.0,1
2025-08-02 06:50:50.662,199.4,817.52,0.0,1
2025-08-02 06:50:50.763,199.4,817.52,0.0,1
2025-08-02 06:50:50.911,199.4,817.52,0.0,1
2025-08-02 06:50:51.092,199.4,817.52,0.0,1
2025-08-02 06:50:51.264,199.4,817.52,0.0,1
2025-08-02 06:50:51.417,199.4,817.52,0.0,1
2025-08-02 06:50:51.585,199.4,817.52,0.0,1
2025-08-02 06:50:51.862,199.4,817.52,0.0,1
2025-08-02 06:50:52.067,199.4,817.52,0.0,1
2025-08-02 06:50:52.248,199.4,817.52,0.0,1
2025-08-02 06:50:52.347,199.4,817.52,0.0,1
2025-08-02 06:50:52.436,199.4,817.52,0.0,1
2025-08-02 06:50:52.580,199.4,817.52,0.0,1
2025-08-02 06:50:52.685,199.4,817.52,0.0,1
2025-08-02 06:50:52.832,199.4,817.52,0.0,1
2025-08-02 06:50:52.988,199.4,817.52,0.0,1
2025-08-02 06:50:53.142,199.4,817.52,0.0,1
2025-08-02 06:50:53.320,199.4,817.52,0.0,1
2025-08-02 06:50:53.475,199.4,817.52,0.0,1
2025-08-02 06:50:53.604,199.4,817.52,0.0,1
2025-08-02 06:50:53.707,199.4,817.52,0.0,1
2025-08-02 06:50:53.859,199.4,817.52,0.0,1
2025-08-02 06:50:53.993,199.4,817.52,0.0,1
2025-08-02 06:50:54.093,199.4,817.52,0.0,1
2025-08-02 06:50:54.242,199.4,817.52,0.0,1
2025-08-02 06:50:54.398,199.4,817.52,0.0,1
2025-08-02 06:50:54.578,199.4,817.52,0.0,1
2025-08-02 06:50:54.732,199.4,817.52,0.0,1
2025-08-02 06:50:54.860,199.4,817.52,0.0,1
2025-08-02 06:50:54.966,199.4,817.52,0.0,1
2025-08-02 06:50:55.112,199.4,817.52,0.0,1
2025-08-02 06:50:55.253,199.4,817.52,0.0,1
2025-08-02 06:50:55.408,199.4,817.52,0.0,1
2025-08-02 06:50:55.482,199.4,817.52,0.0,1
2025-08-02 06:50:55.584,199.4,817.52,0.0,1
2025-08-02 06:50:55.737,199.4,817.52,0.0,1
2025-08-02 06:50:55.889,199.4,817.52,0.0,1
2025-08-02 06:50:55.990,199.4,817.52,0.0,1
2025-08-02 06:50:56.138,199.4,817.52,0.0,1
2025-08-02 06:50:56.309,199.4,817.52,0.0,1
2025-08-02 06:50:56.462,199.4,817.52,0.0,1
2025-08-02 06:50:56.619,199.4,817.52,0.0,1
2025-08-02 06:50:56.759,199.4,817.52,0.0,1
2025-08-02 06:50:56.964,199.4,817.52,0.0,1
2025-08-02 06:50:57.149,199.4,817.52,0.0,1
2025-08-02 06:50:57.245,199.4,817.52,0.0,1
2025-08-02 06:50:57.389,199.4,817.52,0.0,1
2025-08-02 06:50:57.462,199.4,817.52,0.0,1
2025-08-02 06:50:57.529,199.4,817.52,0.0,1
2025-08-02 06:50:57.603,199.4,817.52,0.0,1
2025-08-02 06:50:57.676,199.4,817.52,0.0,1
2025-08-02 06:50:57.779,199.4,817.52,0.0,1
2025-08-02 06:50:57.920,199.4,817.52,0.0,1
2025-08-02 06:50:58.014,199.4,817.52,0.0,1
2025-08-02 06:50:58.118,199.4,817.52,0.0,1
2025-08-02 06:50:58.240,199.4,817.52,0.0,1
2025-08-02 06:50:58.385,199.4,817.52,0.0,1
2025-08-02 06:50:58.561,199.4,817.52,0.0,1
2025-08-02 06:50:58.716,199.4,817.52,0.0,1
2025-08-02 06:50:58.844,199.4,817.52,0.0,1
2025-08-02 06:50:58.937,199.4,817.52,0.0,1
2025-08-02 06:50:59.004,199.4,817.52,0.0,1
2025-08-02 06:50:59.093,199.4,817.52,0.0,1
2025-08-02 06:50:59.187,199.4,817.52,0.0,1
2025-08-02 06:50:59.341,199.4,817.52,0.0,1
2025-08-02 06:50:59.497,199.4,817.52,0.0,1
2025-08-02 06:50:59.653,199.4,817.52,0.0,1
2025-08-02 06:50:59.828,199.4,817.52,0.0,1
2025-08-02 06:50:59.978,199.4,817.52,0.0,1
2025-08-02 06:51:00.133,199.4,817.52,0.0,1
2025-08-02 06:51:00.285,199.4,817.52,0.0,1
2025-08-02 06:51:00.450,199.4,817.52,0.0,1
2025-08-02 06:51:00.599,199.4,817.52,0.0,1
2025-08-02 06:51:00.756,199.4,817.52,0.0,1
2025-08-02 06:51:00.932,199.4,817.52,0.0,1
2025-08-02 06:51:01.084,199.4,817.52,0.0,1
2025-08-02 06:51:01.234,199.4,817.52,0.0,1
2025-08-02 06:51:01.414,199.4,817.52,0.0,1
2025-08-02 06:51:01.592,199.4,817.52,0.0,1
2025-08-02 06:51:01.789,199.4,817.52,0.0,1
2025-08-02 06:51:01.996,199.4,817.52,0.0,1
2025-08-02 06:51:02.189,199.4,817.52,0.0,1
2025-08-02 06:51:02.371,199.4,817.52,0.0,1
2025-08-02 06:51:02.525,199.4,817.52,0.0,1
2025-08-02 06:51:02.683,199.4,817.52,0.0,1
2025-08-02 06:51:02.862,199.4,817.52,0.0,1
2025-08-02 06:51:03.008,199.4,817.52,0.0,1
2025-08-02 06:51:03.135,199.4,817.52,0.0,1
2025-08-02 06:51:03.228,199.4,817.52,0.0,1
2025-08-02 06:51:03.299,199.4,817.52,0.0,1
2025-08-02 06:51:03.398,199.4,817.52,0.0,1
2025-08-02 06:51:03.552,199.4,817.52,0.0,1
2025-08-02 06:51:03.679,199.4,817.52,0.0,1
2025-08-02 06:51:03.773,199.4,817.52,0.0,1
2025-08-02 06:51:03.866,199.4,817.52,0.0,1
2025-08-02 06:51:03.989,199.4,817.52,0.0,1
2025-08-02 06:51:04.143,199.4,817.52,0.0,1
2025-08-02 06:51:04.309,199.4,817.52,0.0,1
2025-08-02 06:51:04.489,199.4,817.52,0.0,1
2025-08-02 06:51:04.684,199.4,817.52,0.0,1
2025-08-02 06:51:04.776,199.4,817.52,0.0,1
2025-08-02 06:51:04.865,199.4,817.52,0.0,1
2025-08-02 06:51:05.013,199.4,817.52,0.0,1
2025-08-02 06:51:05.083,199.4,817.52,0.0,1
2025-08-02 06:51:05.156,199.4,817.52,0.0,1
2025-08-02 06:51:05.257,199.4,817.52,0.0,1
2025-08-02 06:51:05.404,199.4,817.52,0.0,1
2025-08-02 06:51:05.540,199.4,817.52,0.0,1
2025-08-02 06:51:05.639,199.4,817.52,0.0,1
2025-08-02 06:51:05.789,199.4,817.52,0.0,1
2025-08-02 06:51:05.947,199.4,817.52,0.0,1
2025-08-02 06:51:06.133,199.4,817.52,0.0,1
2025-08-02 06:51:06.263,199.4,817.52,0.0,1
2025-08-02 06:51:06.357,199.4,817.52,0.0,1
2025-08-02 06:51:06.479,199.4,817.52,0.0,1
2025-08-02 06:51:06.636,199.4,817.52,0.0,1
2025-08-02 06:51:06.846,199.4,817.52,0.0,1
2025-08-02 06:51:07.044,199.4,817.52,0.0,1
2025-08-02 06:51:07.212,199.4,817.52,0.0,1
2025-08-02 06:51:07.340,199.4,817.52,0.0,1
2025-08-02 06:51:07.435,199.4,817.52,0.0,1
2025-08-02 06:51:07.583,199.4,817.52,0.0,1
2025-08-02 06:51:07.745,199.4,817.52,0.0,1
2025-08-02 06:51:07.898,199.4,817.52,0.0,1
2025-08-02 06:51:08.081,199.4,817.52,0.0,1
2025-08-02 06:51:08.206,199.4,817.52,0.0,1
2025-08-02 06:51:08.305,199.4,817.52,0.0,1
2025-08-02 06:51:08.452,199.4,817.52,0.0,1
2025-08-02 06:51:08.604,199.4,817.52,0.0,1
2025-08-02 06:51:08.753,199.4,817.52,0.0,1
2025-08-02 06:51:08.851,199.4,817.52,0.0,1
2025-08-02 06:51:08.996,199.4,817.52,0.0,1
2025-08-02 06:51:09.148,199.4,817.52,0.0,1
2025-08-02 06:51:09.336,199.4,817.52,0.0,1
2025-08-02 06:51:09.492,199.4,817.52,0.0,1
2025-08-02 06:51:09.620,199.4,817.52,0.0,1
2025-08-02 06:51:09.712,199.4,817.52,0.0,1
2025-08-02 06:51:09.805,199.4,817.52,0.0,1
2025-08-02 06:51:09.928,199.4,817.52,0.0,1
2025-08-02 06:51:10.020,199.4,817.52,0.0,1
2025-08-02 06:51:10.161,199.4,817.52,0.0,1
2025-08-02 06:51:10.262,199.4,817.52,0.0,1
2025-08-02 06:51:10.387,199.4,817.52,0.0,1
2025-08-02 06:51:10.534,199.4,817.52,0.0,1
2025-08-02 06:51:10.708,199.4,817.52,0.0,1
2025-08-02 06:51:10.859,199.4,817.52,0.0,1
2025-08-02 06:51:11.016,199.4,817.52,0.0,1
2025-08-02 06:51:11.195,199.4,817.52,0.0,1
2025-08-02 06:51:11.349,199.4,817.52,0.0,1
2025-08-02 06:51:11.501,199.4,817.52,0.0,1
2025-08-02 06:51:11.656,199.4,817.52,0.0,1
2025-08-02 06:51:11.867,199.4,817.52,0.0,1
2025-08-02 06:51:12.074,199.4,817.52,0.0,1
2025-08-02 06:51:12.226,199.4,817.52,0.0,1
2025-08-02 06:51:12.349,199.4,817.52,0.0,1
2025-08-02 06:51:12.439,199.4,817.52,0.0,1
2025-08-02 06:51:12.511,199.4,817.52,0.0,1
2025-08-02 06:51:12.600,199.4,817.52,0.0,1
2025-08-02 06:51:12.751,199.4,817.52,0.0,1
2025-08-02 06:51:12.894,199.4,817.52,0.0,1
2025-08-02 06:51:12.993,199.4,817.52,0.0,1
2025-08-02 06:51:13.113,199.4,817.52,0.0,1
2025-08-02 06:51:13.273,199.4,817.52,0.0,1
2025-08-02 06:51:13.446,199.4,817.52,0.0,1
2025-08-02 06:51:13.586,199.4,817.52,0.0,1
2025-08-02 06:51:13.674,199.4,817.52,0.0,1
2025-08-02 06:51:13.825,199.4,817.52,0.0,1
2025-08-02 06:51:13.922,199.4,817.52,0.0,1
2025-08-02 06:51:14.060,199.4,817.52,0.0,1
2025-08-02 06:51:14.157,199.4,817.52,0.0,1
2025-08-02 06:51:14.305,199.4,817.52,0.0,1
2025-08-02 06:51:14.405,199.4,817.52,0.0,1
2025-08-02 06:51:14.553,199.4,817.52,0.0,1
2025-08-02 06:51:14.709,199.4,817.52,0.0,1
2025-08-02 06:51:14.859,199.4,817.52,0.0,1
2025-08-02 06:51:15.033,199.4,817.52,0.0,1
2025-08-02 06:51:15.178,199.4,817.52,0.0,1
2025-08-02 06:51:15.333,199.4,817.52,0.0,1
2025-08-02 06:51:15.515,199.4,817.52,0.0,1
2025-08-02 06:51:15.661,199.4,817.52,0.0,1
2025-08-02 06:51:15.886,199.4,817.52,0.0,1
2025-08-02 06:51:15.954,199.4,817.52,0.0,1
2025-08-02 06:51:16.051,199.4,817.52,0.0,1
2025-08-02 06:51:16.177,199.4,817.52,0.0,1
2025-08-02 06:51:16.354,199.4,817.52,0.0,1
2025-08-02 06:51:16.505,199.4,817.52,0.0,1
2025-08-02 06:51:16.645,199.4,817.52,0.0,1
2025-08-02 06:51:16.852,199.4,817.52,0.0,1
2025-08-02 06:51:17.116,199.4,817.52,0.0,1
2025-08-02 06:51:17.259,199.4,817.52,0.0,1
2025-08-02 06:51:17.328,199.4,817.52,0.0,1
2025-08-02 06:51:17.419,199.4,817.52,0.0,1
2025-08-02 06:51:17.518,199.4,817.52,0.0,1
2025-08-02 06:51:17.670,199.4,817.52,0.0,1
2025-08-02 06:51:17.860,199.4,817.52,0.0,1
2025-08-02 06:51:18.008,199.4,817.52,0.0,1
2025-08-02 06:51:18.154,199.4,817.7,0.0,1
2025-08-02 06:51:18.221,199.4,817.7,0.0,1
2025-08-02 06:51:18.353,199.4,817.7,0.0,1
2025-08-02 06:51:18.451,199.4,817.7,0.0,1
2025-08-02 06:51:18.571,199.4,817.7,0.0,1
2025-08-02 06:51:18.671,199.4,817.7,0.0,1
2025-08-02 06:51:18.813,199.4,817.7,0.0,1
2025-08-02 06:51:18.956,199.4,817.7,0.0,1
2025-08-02 06:51:19.047,199.4,817.7,0.0,1
2025-08-02 06:51:19.192,199.4,817.7,0.0,1
2025-08-02 06:51:19.293,199.4,817.7,0.0,1
2025-08-02 06:51:19.437,199.4,817.7,0.0,1
2025-08-02 06:51:19.593,199.4,817.7,0.0,1
2025-08-02 06:51:19.685,199.4,817.7,0.0,1
2025-08-02 06:51:19.856,199.4,817.7,0.0,1
2025-08-02 06:51:20.002,199.4,817.7,0.0,1
2025-08-02 06:51:20.093,199.4,817.7,0.0,1
2025-08-02 06:51:20.265,199.4,817.7,0.0,1
2025-08-02 06:51:20.391,199.4,817.7,0.0,1
2025-08-02 06:51:20.484,199.4,817.7,0.0,1
2025-08-02 06:51:20.583,199.4,817.7,0.0,1
2025-08-02 06:51:20.726,199.4,817.7,0.0,1
2025-08-02 06:51:20.816,199.4,817.7,0.0,1
2025-08-02 06:51:20.956,199.4,817.7,0.0,1
2025-08-02 06:51:21.022,199.4,817.7,0.0,1
2025-08-02 06:51:21.121,199.4,817.7,0.0,1
2025-08-02 06:51:21.262,199.4,817.7,0.0,1
2025-08-02 06:51:21.362,199.4,817.7,0.0,1
2025-08-02 06:51:21.504,199.4,817.7,0.0,1
2025-08-02 06:51:21.593,199.4,817.7,0.0,1
2025-08-02 06:51:21.719,199.4,817.7,0.0,1
2025-08-02 06:51:21.925,199.4,817.7,0.0,1
2025-08-02 06:51:22.128,199.4,817.7,0.0,1
2025-08-02 06:51:22.278,199.4,817.7,0.0,1
2025-08-02 06:51:22.376,199.4,817.7,0.0,1
2025-08-02 06:51:22.525,199.4,817.7,0.0,1
2025-08-02 06:51:22.613,199.4,817.7,0.0,1
2025-08-02 06:51:22.711,199.4,817.7,0.0,1
2025-08-02 06:51:22.851,199.4,817.7,0.0,1
2025-08-02 06:51:22.995,199.4,817.7,0.0,1
2025-08-02 06:51:23.089,199.4,817.7,0.0,1
2025-08-02 06:51:23.263,199.4,817.7,0.0,1
2025-08-02 06:51:23.413,199.4,817.7,0.0,1
2025-08-02 06:51:23.583,199.4,817.7,0.0,1
2025-08-02 06:51:23.739,199.4,817.7,0.0,1
2025-08-02 06:51:23.885,199.4,817.7,0.0,1
2025-08-02 06:51:24.055,199.4,817.7,0.0,1
2025-08-02 06:51:24.196,199.4,817.7,0.0,1
2025-08-02 06:51:24.264,199.4,817.7,0.0,1
2025-08-02 06:51:24.362,199.4,817.7,0.0,1
2025-08-02 06:51:24.505,199.4,817.7,0.0,1
2025-08-02 06:51:24.603,199.4,817.7,0.0,1
2025-08-02 06:51:24.736,199.4,817.7,0.0,1
2025-08-02 06:51:24.803,199.4,817.7,0.0,1
2025-08-02 06:51:24.893,199.4,817.7,0.0,1
2025-08-02 06:51:25.039,199.4,817.7,0.0,1
2025-08-02 06:51:25.143,199.4,817.7,0.0,1
2025-08-02 06:51:25.299,199.4,817.7,0.0,1
2025-08-02 06:51:25.426,199.4,817.7,0.0,1
2025-08-02 06:51:25.517,199.4,817.7,0.0,1
2025-08-02 06:51:25.585,199.4,817.7,0.0,1
2025-08-02 06:51:25.683,199.4,817.7,0.0,1
2025-08-02 06:51:25.833,199.4,817.7,0.0,1
2025-08-02 06:51:26.021,199.4,817.7,0.0,1
2025-08-02 06:51:26.154,199.4,817.7,0.0,1
2025-08-02 06:51:26.307,199.4,817.7,0.0,1
2025-08-02 06:51:26.404,199.4,817.7,0.0,1
2025-08-02 06:51:26.566,199.4,817.7,0.0,1
2025-08-02 06:51:26.700,199.4,817.7,0.0,1
2025-08-02 06:51:26.835,199.4,817.7,0.0,1
2025-08-02 06:51:27.038,199.4,817.7,0.0,1
2025-08-02 06:51:27.249,199.4,817.7,0.0,1
2025-08-02 06:51:27.424,199.4,817.7,0.0,1
2025-08-02 06:51:27.567,199.4,817.7,0.0,1
2025-08-02 06:51:27.715,199.4,817.7,0.0,1
2025-08-02 06:51:27.812,199.4,817.7,0.0,1
2025-08-02 06:51:27.958,199.4,817.7,0.0,1
2025-08-02 06:51:28.106,199.4,817.7,0.0,1
2025-08-02 06:51:28.211,199.4,817.7,0.0,1
2025-08-02 06:51:28.425,199.4,817.7,0.0,1
2025-08-02 06:51:28.576,199.4,817.7,0.0,1
2025-08-02 06:51:28.652,199.4,817.7,0.0,1
2025-08-02 06:51:28.728,199.4,817.7,0.0,1
2025-08-02 06:51:28.822,199.4,817.7,0.0,1
2025-08-02 06:51:28.987,199.4,817.7,0.0,1
2025-08-02 06:51:29.134,199.4,817.7,0.0,1
2025-08-02 06:51:29.295,199.4,817.7,0.0,1
2025-08-02 06:51:29.471,199.4,817.7,0.0,1
2025-08-02 06:51:29.616,199.4,817.88,0.0,1
2025-08-02 06:51:29.770,199.4,817.88,0.0,1
2025-08-02 06:51:29.939,199.4,817.88,0.0,1
2025-08-02 06:51:30.084,199.4,817.88,0.0,1
2025-08-02 06:51:30.237,199.4,817.88,0.0,1
2025-08-02 06:51:30.336,199.4,817.88,0.0,1
2025-08-02 06:51:30.483,199.4,817.88,0.0,1
2025-08-02 06:51:30.637,199.4,817.88,0.0,1
2025-08-02 06:51:30.809,199.4,817.88,0.0,1
2025-08-02 06:51:30.958,199.4,817.88,0.0,1
2025-08-02 06:51:31.121,199.4,817.88,0.0,1
2025-08-02 06:51:31.302,199.4,817.88,0.0,1
2025-08-02 06:51:31.424,199.4,817.88,0.0,1
2025-08-02 06:51:31.500,199.4,817.88,0.0,1
2025-08-02 06:51:31.589,199.4,817.88,0.0,1
2025-08-02 06:51:31.933,199.4,817.88,0.0,1
2025-08-02 06:51:32.145,199.4,817.88,0.0,1
2025-08-02 06:51:32.279,199.4,817.88,0.0,1
2025-08-02 06:51:32.370,199.4,817.88,0.0,1
2025-08-02 06:51:32.517,199.4,817.88,0.0,1
2025-08-02 06:51:32.595,199.4,817.88,0.0,1
2025-08-02 06:51:32.695,199.4,817.88,0.0,1
2025-08-02 06:51:32.850,199.4,817.88,0.0,1
2025-08-02 06:51:33.012,199.4,817.88,0.0,1
2025-08-02 06:51:33.191,199.4,817.88,0.0,1
2025-08-02 06:51:33.325,199.4,817.88,0.0,1
2025-08-02 06:51:33.476,199.4,817.88,0.0,1
2025-08-02 06:51:33.569,199.4,817.88,0.0,1
2025-08-02 06:51:33.727,199.4,817.88,0.0,1
2025-08-02 06:51:33.859,199.4,817.88,0.0,1
2025-08-02 06:51:33.949,199.4,817.88,0.0,1
2025-08-02 06:51:34.021,199.4,817.88,0.0,1
2025-08-02 06:51:34.091,199.4,817.88,0.0,1
2025-08-02 06:51:34.159,199.4,817.88,0.0,1
2025-08-02 06:51:34.226,199.4,817.88,0.0,1
2025-08-02 06:51:34.414,199.4,817.88,0.0,1
2025-08-02 06:51:34.557,199.4,817.88,0.0,1
2025-08-02 06:51:34.702,199.4,817.88,0.0,1
2025-08-02 06:51:34.798,199.4,817.88,0.0,1
2025-08-02 06:51:34.951,199.4,817.88,0.0,1
2025-08-02 06:51:35.098,199.4,817.88,0.0,1
2025-08-02 06:51:35.205,199.4,817.88,0.0,1
2025-08-02 06:51:35.328,199.4,817.88,0.0,1
2025-08-02 06:51:35.422,199.4,817.88,0.0,1
2025-08-02 06:51:35.575,199.4,817.7,0.0,1
2025-08-02 06:51:35.670,199.4,817.7,0.0,1
2025-08-02 06:51:35.821,199.4,817.7,0.0,1
2025-08-02 06:51:35.974,199.4,817.7,0.0,1
2025-08-02 06:51:36.120,199.4,817.7,0.0,1
2025-08-02 06:51:36.210,199.4,817.7,0.0,1
2025-08-02 06:51:36.361,199.4,817.7,0.0,1
2025-08-02 06:51:36.434,199.4,817.7,0.0,1
2025-08-02 06:51:36.580,199.4,817.7,0.0,1
2025-08-02 06:51:36.784,199.4,817.7,0.0,1
2025-08-02 06:51:36.983,199.4,817.7,0.0,1
2025-08-02 06:51:37.158,199.4,817.7,0.0,1
2025-08-02 06:51:37.321,199.4,817.88,0.0,1
2025-08-02 06:51:37.416,199.4,817.88,0.0,1
2025-08-02 06:51:37.566,199.4,817.88,0.0,1
2025-08-02 06:51:37.720,199.4,818.24,0.0,1
2025-08-02 06:51:37.898,199.4,818.24,0.0,1
2025-08-02 06:51:38.048,199.4,818.24,0.0,1
2025-08-02 06:51:38.197,199.4,818.42,0.0,1
2025-08-02 06:51:38.366,199.4,818.42,0.0,1
2025-08-02 06:51:38.511,199.4,818.42,0.0,1
2025-08-02 06:51:38.577,199.4,818.78,0.0,1
2025-08-02 06:51:38.677,199.4,818.78,0.0,1
2025-08-02 06:51:38.814,199.4,818.78,0.0,1
2025-08-02 06:51:38.910,199.4,819.32,0.0,1
2025-08-02 06:51:39.056,199.4,819.32,0.0,1
2025-08-02 06:51:39.153,199.4,819.32,0.0,1
2025-08-02 06:51:39.296,199.4,819.86,0.0,1
2025-08-02 06:51:39.387,199.4,819.86,0.0,1
2025-08-02 06:51:39.541,199.4,819.86,0.0,1
2025-08-02 06:51:39.692,199.4,820.4,0.0,1
2025-08-02 06:51:39.767,199.4,820.4,0.0,1
2025-08-02 06:51:39.839,199.4,820.4,0.0,1
2025-08-02 06:51:39.917,199.4,820.76,0.0,1
2025-08-02 06:51:39.987,199.4,820.76,0.0,1
2025-08-02 06:51:40.070,199.4,820.76,0.0,1
2025-08-02 06:51:40.224,199.4,821.3,0.0,1
2025-08-02 06:51:40.372,199.4,821.3,0.0,1
2025-08-02 06:51:40.462,199.4,821.3,0.0,1
2025-08-02 06:51:40.557,199.4,822.2,0.0,1
2025-08-02 06:51:40.675,199.4,822.2,0.0,1
2025-08-02 06:51:40.767,199.4,822.2,0.0,1
2025-08-02 06:51:41.088,199.4,823.1,0.0,1
2025-08-02 06:51:41.215,199.4,823.1,0.0,1
2025-08-02 06:51:41.288,199.4,823.1,0.0,1
2025-08-02 06:51:41.381,199.4,823.82,0.0,1
2025-08-02 06:51:41.569,199.4,823.82,0.0,1
2025-08-02 06:51:41.776,199.4,823.82,0.0,1
2025-08-02 06:51:41.987,199.4,824.9,0.0,1
2025-08-02 06:51:42.191,199.4,824.9,0.0,1
2025-08-02 06:51:42.319,199.4,824.9,0.0,1
2025-08-02 06:51:42.392,199.4,826.16,0.0,1
2025-08-02 06:51:42.459,199.4,826.16,0.0,1
2025-08-02 06:51:42.546,199.4,826.16,0.0,1
2025-08-02 06:51:42.661,199.4,826.88,0.0,1
2025-08-02 06:51:42.812,199.4,826.88,0.0,1
2025-08-02 06:51:42.967,199.4,826.88,0.0,1
2025-08-02 06:51:43.153,199.4,827.96,0.0,1
2025-08-02 06:51:43.279,199.4,827.96,0.0,1
2025-08-02 06:51:43.348,199.4,827.96,0.0,1
2025-08-02 06:51:43.447,199.4,828.86,0.0,1
2025-08-02 06:51:43.600,199.4,828.86,0.0,1
2025-08-02 06:51:43.732,199.4,828.86,0.0,1
2025-08-02 06:51:43.827,199.4,829.94,0.0,1
2025-08-02 06:51:43.990,199.4,829.94,0.0,1
2025-08-02 06:51:44.111,199.4,829.94,0.0,1
2025-08-02 06:51:44.203,199.4,830.84,0.0,1
2025-08-02 06:51:44.271,199.4,830.84,0.0,1
2025-08-02 06:51:44.374,199.4,830.84,0.0,1
2025-08-02 06:51:44.528,199.4,831.56,0.0,1
2025-08-02 06:51:44.704,199.4,831.56,0.0,1
2025-08-02 06:51:44.845,199.4,831.56,0.621371192237334,1
2025-08-02 06:51:44.997,199.4,832.64,0.621371192237334,1
2025-08-02 06:51:45.089,199.4,832.64,0.621371192237334,1
2025-08-02 06:51:45.246,199.4,832.64,0.621371192237334,1
2025-08-02 06:51:45.400,199.4,833.54,0.621371192237334,1
2025-08-02 06:51:45.578,199.4,833.54,0.621371192237334,1
2025-08-02 06:51:45.708,199.4,833.54,1.24274238447467,1
2025-08-02 06:51:45.804,199.4,834.62,1.24274238447467,1
2025-08-02 06:51:45.897,199.4,834.62,1.24274238447467,1
2025-08-02 06:51:46.047,199.4,834.62,1.24274238447467,1
2025-08-02 06:51:46.210,199.4,835.7,1.24274238447467,1
2025-08-02 06:51:46.335,199.4,835.7,1.24274238447467,1
2025-08-02 06:51:46.447,199.4,835.7,1.24274238447467,1
2025-08-02 06:51:46.585,199.4,836.78,1.24274238447467,1
2025-08-02 06:51:46.788,199.4,836.78,1.24274238447467,1
2025-08-02 06:51:47.065,199.4,836.78,1.24274238447467,1
2025-08-02 06:51:47.243,199.4,838.76,1.24274238447467,1
2025-08-02 06:51:47.395,199.4,838.76,1.24274238447467,1
2025-08-02 06:51:47.543,199.4,838.76,1.24274238447467,1
2025-08-02 06:51:47.646,199.4,839.66,1.24274238447467,1
2025-08-02 06:51:47.777,199.4,839.66,1.24274238447467,1
2025-08-02 06:51:47.883,199.4,839.66,1.864113576712,1
2025-08-02 06:51:48.035,199.4,840.92,1.864113576712,1
2025-08-02 06:51:48.221,199.4,840.92,1.864113576712,1
2025-08-02 06:51:48.354,199.4,840.92,1.864113576712,1
2025-08-02 06:51:48.512,199.4,842.36,1.864113576712,1
2025-08-02 06:51:48.588,199.4,842.36,1.864113576712,1
2025-08-02 06:51:48.659,199.4,842.36,1.864113576712,1
2025-08-02 06:51:48.732,199.4,843.44,1.864113576712,1
2025-08-02 06:51:48.828,199.4,843.44,1.864113576712,1
2025-08-02 06:51:49.009,199.4,843.44,2.48548476894934,1
2025-08-02 06:51:49.141,199.4,844.34,2.48548476894934,1
2025-08-02 06:51:49.235,199.4,844.34,2.48548476894934,1
2025-08-02 06:51:49.385,199.4,844.34,2.48548476894934,1
2025-08-02 06:51:49.571,199.4,845.96,2.48548476894934,1
2025-08-02 06:51:49.702,199.4,845.96,2.48548476894934,1
2025-08-02 06:51:49.795,199.4,845.96,2.48548476894934,1
2025-08-02 06:51:49.938,199.4,847.22,2.48548476894934,1
2025-08-02 06:51:50.095,199.4,847.22,2.48548476894934,1
2025-08-02 06:51:50.253,199.4,847.22,3.10685596118667,1
2025-08-02 06:51:50.419,199.4,848.66,3.10685596118667,1
2025-08-02 06:51:50.576,199.4,848.66,3.10685596118667,1
2025-08-02 06:51:50.669,199.4,848.66,3.10685596118667,1
2025-08-02 06:51:50.816,199.4,849.92,3.10685596118667,1
2025-08-02 06:51:50.974,199.4,849.92,3.10685596118667,1
2025-08-02 06:51:51.150,199.4,849.92,2.48548476894934,1
2025-08-02 06:51:51.297,199.4,851.54,2.48548476894934,1
2025-08-02 06:51:51.446,199.4,851.54,2.48548476894934,1
2025-08-02 06:51:51.578,199.4,851.54,2.48548476894934,1
2025-08-02 06:51:51.789,199.4,853.16,2.48548476894934,1
2025-08-02 06:51:51.918,199.4,853.16,2.48548476894934,1
2025-08-02 06:51:52.123,199.4,853.16,1.864113576712,1
2025-08-02 06:51:52.222,199.4,854.6,1.864113576712,1
2025-08-02 06:51:52.367,199.4,854.6,1.864113576712,1
2025-08-02 06:51:52.462,199.4,854.6,1.24274238447467,1
2025-08-02 06:51:52.612,199.4,856.22,1.24274238447467,1
2025-08-02 06:51:52.769,199.4,856.22,1.24274238447467,1
2025-08-02 06:51:52.846,199.4,856.22,1.24274238447467,1
2025-08-02 06:51:52.946,199.4,857.84,1.24274238447467,1
2025-08-02 06:51:53.196,199.4,857.84,1.24274238447467,1
2025-08-02 06:51:53.351,199.4,857.84,2.48548476894934,1
2025-08-02 06:51:53.528,199.4,859.82,2.48548476894934,1
2025-08-02 06:51:53.674,199.4,859.82,2.48548476894934,1
2025-08-02 06:51:53.823,199.4,859.82,3.10685596118667,1
2025-08-02 06:51:54.003,199.4,863.6,3.10685596118667,1
2025-08-02 06:51:54.155,199.4,863.6,3.10685596118667,1
2025-08-02 06:51:54.307,199.4,863.6,2.48548476894934,1
2025-08-02 06:51:54.454,199.4,867.38,2.48548476894934,1
2025-08-02 06:51:54.525,199.4,867.38,2.48548476894934,1
2025-08-02 06:51:54.600,199.4,867.38,2.48548476894934,1
2025-08-02 06:51:54.694,199.4,868.46,2.48548476894934,1
2025-08-02 06:51:54.843,199.4,868.46,2.48548476894934,1
2025-08-02 06:51:55.016,199.4,868.46,3.10685596118667,1
2025-08-02 06:51:55.169,199.4,870.98,3.10685596118667,1
2025-08-02 06:51:55.317,199.4,870.98,3.10685596118667,1
2025-08-02 06:51:55.406,199.4,870.98,3.728227153424,1
2025-08-02 06:51:55.552,199.4,872.42,3.728227153424,1
2025-08-02 06:51:55.702,199.4,872.42,3.728227153424,1
2025-08-02 06:51:55.861,199.4,872.42,3.728227153424,1
2025-08-02 06:51:58.496,197.6,872.42,3.728227153424,1
2025-08-02 06:51:58.570,197.6,872.42,0.621371192237334,1
2025-08-02 06:51:58.662,197.6,880.34,0.621371192237334,1
2025-08-02 06:51:58.734,197.6,880.34,0.621371192237334,1
2025-08-02 06:51:58.838,197.6,880.34,0.621371192237334,1
2025-08-02 06:51:59.016,197.6,880.88,0.621371192237334,1
2025-08-02 06:51:59.170,197.6,880.88,0.621371192237334,1
2025-08-02 06:51:59.304,197.6,880.88,0.0,1
2025-08-02 06:51:59.404,197.6,881.42,0.0,1
2025-08-02 06:51:59.555,197.6,881.42,0.0,1
2025-08-02 06:51:59.729,197.6,881.42,0.0,1
2025-08-02 06:51:59.889,197.6,882.5,0.0,1
2025-08-02 06:52:00.039,197.6,882.5,0.0,1
2025-08-02 06:52:00.167,197.6,882.5,0.0,1
2025-08-02 06:52:00.263,197.6,883.22,0.0,1
2025-08-02 06:52:00.362,197.6,883.22,0.0,1
2025-08-02 06:52:00.535,197.6,883.22,0.0,1
2025-08-02 06:52:00.690,197.6,884.12,0.0,1
2025-08-02 06:52:00.844,197.6,884.12,0.0,1
2025-08-02 06:52:00.993,197.6,884.12,0.0,1
2025-08-02 06:52:01.167,197.6,885.56,0.0,1
2025-08-02 06:52:01.321,197.6,885.56,0.0,1
2025-08-02 06:52:01.480,197.6,885.56,0.621371192237334,1
2025-08-02 06:52:01.642,197.6,887.0,0.621371192237334,1
2025-08-02 06:52:01.843,197.6,887.0,0.621371192237334,1
2025-08-02 06:52:02.048,197.6,887.0,1.864113576712,1
2025-08-02 06:52:02.177,197.6,888.62,1.864113576712,1
2025-08-02 06:52:02.249,197.6,888.62,1.864113576712,1
2025-08-02 06:52:02.347,197.6,888.62,2.48548476894934,1
2025-08-02 06:52:02.493,197.6,889.88,2.48548476894934,1
2025-08-02 06:52:02.817,197.6,889.88,3.10685596118667,1
2025-08-02 06:52:02.968,197.6,892.04,3.10685596118667,1
2025-08-02 06:52:03.114,197.6,892.04,3.10685596118667,1
2025-08-02 06:52:03.214,197.6,892.04,3.728227153424,1
2025-08-02 06:52:03.364,197.6,893.84,3.728227153424,1
2025-08-02 06:52:03.517,197.6,893.84,3.728227153424,1
2025-08-02 06:52:03.694,197.6,893.84,4.97096953789867,1
2025-08-02 06:52:03.851,197.6,895.82,4.97096953789867,1
2025-08-02 06:52:03.978,197.6,895.82,4.97096953789867,1
2025-08-02 06:52:04.069,197.6,895.82,5.59234073013601,1
2025-08-02 06:52:04.168,197.6,897.8,5.59234073013601,1
2025-08-02 06:52:04.318,197.6,897.8,5.59234073013601,1
2025-08-02 06:52:04.473,197.6,897.8,6.83508311461067,1
2025-08-02 06:52:04.545,197.6,899.6,6.83508311461067,1
2025-08-02 06:52:04.616,197.6,899.6,6.83508311461067,1
2025-08-02 06:52:04.716,197.6,899.6,6.83508311461067,1
2025-08-02 06:52:04.874,197.6,901.22,6.83508311461067,1
2025-08-02 06:52:05.004,197.6,901.22,6.83508311461067,1
2025-08-02 06:52:05.098,197.6,901.22,7.45645430684801,1
2025-08-02 06:52:05.248,197.6,903.2,7.45645430684801,1
2025-08-02 06:52:05.403,197.6,903.2,7.45645430684801,1
2025-08-02 06:52:05.580,197.6,903.2,8.07782549908534,1
2025-08-02 06:52:05.720,197.6,905.36,8.07782549908534,1
2025-08-02 06:52:05.814,197.6,905.36,8.07782549908534,1
2025-08-02 06:52:05.961,197.6,905.36,8.07782549908534,1
2025-08-02 06:52:06.063,197.6,907.7,8.07782549908534,1
2025-08-02 06:52:06.207,197.6,907.7,8.07782549908534,1
2025-08-02 06:52:06.360,197.6,907.7,8.69919669132267,1
2025-08-02 06:52:06.509,197.6,909.86,8.69919669132267,1
2025-08-02 06:52:06.722,197.6,909.86,8.69919669132267,1
2025-08-02 06:52:06.925,197.6,909.86,8.69919669132267,1
2025-08-02 06:52:07.127,197.6,913.28,8.69919669132267,1
2025-08-02 06:52:07.226,197.6,913.28,8.69919669132267,1
2025-08-02 06:52:07.326,197.6,913.28,9.32056788356001,1
2025-08-02 06:52:07.544,197.6,915.8,9.32056788356001,1
2025-08-02 06:52:07.618,197.6,915.8,9.32056788356001,1
2025-08-02 06:52:07.692,197.6,915.8,9.32056788356001,1
2025-08-02 06:52:07.865,197.6,920.12,9.32056788356001,1
2025-08-02 06:52:08.022,197.6,920.12,9.32056788356001,1
2025-08-02 06:52:08.143,197.6,920.12,9.94193907579734,1
2025-08-02 06:52:08.233,197.6,924.8,9.94193907579734,1
2025-08-02 06:52:08.301,197.6,924.8,9.94193907579734,1
2025-08-02 06:52:08.404,197.6,924.8,10.5633102680347,1
2025-08-02 06:52:08.562,197.6,928.94,10.5633102680347,1
2025-08-02 06:52:08.742,197.6,928.94,10.5633102680347,1
2025-08-02 06:52:08.888,197.6,928.94,11.184681460272,1
2025-08-02 06:52:09.041,197.6,934.34,11.184681460272,1
2025-08-02 06:52:09.226,197.6,934.34,11.184681460272,1
2025-08-02 06:52:09.350,197.6,934.34,12.4274238447467,1
2025-08-02 06:52:09.443,197.6,940.46,12.4274238447467,1
2025-08-02 06:52:09.546,197.6,940.46,12.4274238447467,1
2025-08-02 06:52:09.692,197.6,940.46,12.4274238447467,1
2025-08-02 06:52:09.847,197.6,943.52,12.4274238447467,1
2025-08-02 06:52:10.005,197.6,943.52,12.4274238447467,1
2025-08-02 06:52:10.159,197.6,943.52,13.048795036984,1
2025-08-02 06:52:10.326,197.6,948.92,13.048795036984,1
2025-08-02 06:52:10.478,197.6,948.92,13.048795036984,1
2025-08-02 06:52:10.651,197.6,948.92,13.6701662292213,1
2025-08-02 06:52:10.790,197.6,954.14,13.6701662292213,1
2025-08-02 06:52:10.883,197.6,954.14,13.6701662292213,1
2025-08-02 06:52:10.984,197.6,954.14,13.6701662292213,1
2025-08-02 06:52:11.134,197.6,956.66,13.6701662292213,1
2025-08-02 06:52:11.312,197.6,956.66,13.6701662292213,1
2025-08-02 06:52:11.468,197.6,956.66,13.6701662292213,1
2025-08-02 06:52:11.652,197.6,960.8,13.6701662292213,1
2025-08-02 06:52:11.863,197.6,960.8,13.6701662292213,1
2025-08-02 06:52:12.059,197.6,960.8,14.2915374214587,1
2025-08-02 06:52:12.178,197.6,965.84,14.2915374214587,1
2025-08-02 06:52:12.321,197.6,965.84,14.2915374214587,1
2025-08-02 06:52:12.412,197.6,965.84,14.2915374214587,1
2025-08-02 06:52:12.561,197.6,969.44,14.2915374214587,1
2025-08-02 06:52:12.710,197.6,969.44,14.2915374214587,1
2025-08-02 06:52:12.805,197.6,969.44,14.2915374214587,1
2025-08-02 06:52:12.954,197.6,973.04,14.2915374214587,1
2025-08-02 06:52:13.105,197.6,973.04,14.2915374214587,1
2025-08-02 06:52:13.207,197.6,973.04,14.2915374214587,1
2025-08-02 06:52:13.354,197.6,977.72,14.2915374214587,1
2025-08-02 06:52:13.502,197.6,977.72,14.2915374214587,1
2025-08-02 06:52:13.685,197.6,977.72,14.912908613696,1
2025-08-02 06:52:13.843,197.6,982.4,14.912908613696,1
2025-08-02 06:52:13.972,197.6,982.4,14.912908613696,1
2025-08-02 06:52:14.065,197.6,982.4,14.912908613696,1
2025-08-02 06:52:14.209,197.6,986.72,14.912908613696,1
2025-08-02 06:52:14.278,197.6,986.72,14.912908613696,1
2025-08-02 06:52:14.383,197.6,986.72,14.912908613696,1
2025-08-02 06:52:14.514,197.6,990.14,14.912908613696,1
2025-08-02 06:52:14.612,197.6,990.14,14.912908613696,1
2025-08-02 06:52:14.753,197.6,990.14,15.5342798059333,1
2025-08-02 06:52:14.843,197.6,994.64,15.5342798059333,1
2025-08-02 06:52:14.989,197.6,994.64,15.5342798059333,1
2025-08-02 06:52:15.080,197.6,994.64,15.5342798059333,1
2025-08-02 06:52:15.153,197.6,998.06,15.5342798059333,1
2025-08-02 06:52:15.221,197.6,998.06,15.5342798059333,1
2025-08-02 06:52:15.320,197.6,998.06,15.5342798059333,1
2025-08-02 06:52:15.492,197.6,1001.66,15.5342798059333,1
2025-08-02 06:52:15.631,197.6,1001.66,15.5342798059333,1
2025-08-02 06:52:15.723,197.6,1001.66,16.1556509981707,1
2025-08-02 06:52:15.888,197.6,1005.44,16.1556509981707,1
2025-08-02 06:52:16.011,197.6,1005.44,16.1556509981707,1
2025-08-02 06:52:16.104,197.6,1005.44,15.5342798059333,1
2025-08-02 06:52:16.246,197.6,1008.68,15.5342798059333,1
2025-08-02 06:52:16.339,199.4,1008.68,15.5342798059333,1
2025-08-02 06:52:16.503,199.4,1010.48,15.5342798059333,1
2025-08-02 06:52:16.654,199.4,1010.48,15.5342798059333,1
2025-08-02 06:52:16.862,199.4,1010.48,15.5342798059333,1
2025-08-02 06:52:17.065,199.4,1015.34,15.5342798059333,1
2025-08-02 06:52:17.218,199.4,1015.34,15.5342798059333,1
2025-08-02 06:52:17.379,199.4,1015.34,15.5342798059333,1
2025-08-02 06:52:17.558,199.4,1019.48,15.5342798059333,1
2025-08-02 06:52:17.710,199.4,1019.48,15.5342798059333,1
2025-08-02 06:52:17.863,199.4,1019.48,15.5342798059333,1
2025-08-02 06:52:18.011,199.4,1022.72,15.5342798059333,1
2025-08-02 06:52:18.089,199.4,1022.72,15.5342798059333,1
2025-08-02 06:52:18.168,199.4,1022.72,15.5342798059333,1
2025-08-02 06:52:18.238,199.4,1024.34,15.5342798059333,1
2025-08-02 06:52:18.329,199.4,1024.34,15.5342798059333,1
2025-08-02 06:52:18.476,199.4,1024.34,15.5342798059333,1
2025-08-02 06:52:18.631,199.4,1027.58,15.5342798059333,1
2025-08-02 06:52:18.710,199.4,1027.58,15.5342798059333,1
2025-08-02 06:52:18.803,199.4,1027.58,15.5342798059333,1
2025-08-02 06:52:18.954,199.4,1030.64,15.5342798059333,1
2025-08-02 06:52:19.104,199.4,1030.64,15.5342798059333,1
2025-08-02 06:52:19.336,199.4,1030.64,15.5342798059333,1
2025-08-02 06:52:19.408,199.4,1033.7,15.5342798059333,1
2025-08-02 06:52:19.498,199.4,1033.7,15.5342798059333,1
2025-08-02 06:52:19.639,199.4,1033.7,15.5342798059333,1
2025-08-02 06:52:19.729,199.4,1036.04,15.5342798059333,1
2025-08-02 06:52:19.901,199.4,1036.04,15.5342798059333,1
2025-08-02 06:52:20.030,199.4,1036.04,15.5342798059333,1
2025-08-02 06:52:20.130,199.4,1039.28,15.5342798059333,1
2025-08-02 06:52:20.276,199.4,1039.28,15.5342798059333,1
2025-08-02 06:52:20.371,199.4,1039.28,15.5342798059333,1
2025-08-02 06:52:20.519,199.4,1042.34,15.5342798059333,1
2025-08-02 06:52:20.674,199.4,1042.34,15.5342798059333,1
2025-08-02 06:52:20.851,199.4,1042.34,15.5342798059333,1
2025-08-02 06:52:21.013,199.4,1046.3,15.5342798059333,1
2025-08-02 06:52:21.131,199.4,1046.3,15.5342798059333,1
2025-08-02 06:52:21.224,199.4,1046.3,15.5342798059333,1
2025-08-02 06:52:21.292,199.4,1049.0,15.5342798059333,1
2025-08-02 06:52:21.389,199.4,1049.0,15.5342798059333,1
2025-08-02 06:52:21.578,199.4,1049.0,15.5342798059333,1
2025-08-02 06:52:21.787,199.4,1056.38,15.5342798059333,1
2025-08-02 06:52:21.982,199.4,1056.38,15.5342798059333,1
2025-08-02 06:52:22.214,199.4,1056.38,16.777022190408,1
2025-08-02 06:52:22.598,199.4,1075.1,17.3983933826453,1
2025-08-02 06:52:22.746,199.4,1075.1,17.3983933826453,1
2025-08-02 06:52:22.918,199.4,1075.1,18.64113576712,1
2025-08-02 06:52:23.415,199.4,1098.32,19.8838781515947,1
2025-08-02 06:52:23.542,199.4,1098.32,19.8838781515947,1
2025-08-02 06:52:25.339,199.4,1120.1,19.2625069593574,1
2025-08-02 06:52:25.447,199.4,1117.76,19.2625069593574,1
2025-08-02 06:52:25.590,199.4,1117.76,19.2625069593574,1
2025-08-02 06:52:25.736,199.4,1117.76,18.64113576712,1
2025-08-02 06:52:25.832,199.4,1114.16,18.64113576712,1
2025-08-02 06:52:25.977,199.4,1114.16,18.64113576712,1
2025-08-02 06:52:26.129,199.4,1114.16,18.0197645748827,1
2025-08-02 06:52:26.208,199.4,1110.56,18.0197645748827,1
2025-08-02 06:52:26.303,199.4,1110.56,18.0197645748827,1
2025-08-02 06:52:26.395,199.4,1110.56,17.3983933826453,1
2025-08-02 06:52:26.583,199.4,1106.24,17.3983933826453,1
2025-08-02 06:52:26.788,199.4,1106.24,17.3983933826453,1
2025-08-02 06:52:26.999,199.4,1106.24,16.1556509981707,1
2025-08-02 06:52:27.211,199.4,1099.76,16.1556509981707,1
2025-08-02 06:52:27.366,199.4,1099.76,16.1556509981707,1
2025-08-02 06:52:27.516,199.4,1099.76,15.5342798059333,1
2025-08-02 06:52:27.698,199.4,1093.82,15.5342798059333,1
2025-08-02 06:52:27.848,199.4,1093.82,15.5342798059333,1
2025-08-02 06:52:28.001,199.4,1093.82,14.2915374214587,1
2025-08-02 06:52:28.157,199.4,1087.88,14.2915374214587,1
2025-08-02 06:52:28.307,199.4,1087.88,14.2915374214587,1
2025-08-02 06:52:28.407,199.4,1087.88,13.6701662292213,1
2025-08-02 06:52:28.554,199.4,1083.02,13.6701662292213,1
2025-08-02 06:52:28.650,199.4,1083.02,13.6701662292213,1
2025-08-02 06:52:28.796,199.4,1083.02,13.048795036984,1
2025-08-02 06:52:28.945,199.4,1078.16,13.048795036984,1
2025-08-02 06:52:29.040,199.4,1078.16,13.048795036984,1
2025-08-02 06:52:29.188,199.4,1078.16,12.4274238447467,1
2025-08-02 06:52:29.340,199.4,1074.56,12.4274238447467,1
2025-08-02 06:52:29.416,199.4,1074.56,12.4274238447467,1
2025-08-02 06:52:29.517,199.4,1074.56,11.8060526525093,1
2025-08-02 06:52:29.670,199.4,1071.32,11.8060526525093,1
2025-08-02 06:52:29.747,199.4,1071.32,11.8060526525093,1
2025-08-02 06:52:29.847,199.4,1071.32,11.8060526525093,1
2025-08-02 06:52:29.997,199.4,1070.78,11.8060526525093,1
2025-08-02 06:52:30.069,199.4,1070.78,11.8060526525093,1
2025-08-02 06:52:30.147,199.4,1070.78,11.184681460272,1
2025-08-02 06:52:30.292,199.4,1070.6,11.184681460272,1
2025-08-02 06:52:30.387,199.4,1070.6,11.184681460272,1
2025-08-02 06:52:30.535,199.4,1070.6,11.184681460272,1
2025-08-02 06:52:30.686,199.4,1070.78,11.184681460272,1
2025-08-02 06:52:30.762,199.4,1070.78,11.184681460272,1
2025-08-02 06:52:30.860,199.4,1070.78,11.184681460272,1
2025-08-02 06:52:31.009,199.4,1072.04,11.184681460272,1
2025-08-02 06:52:31.106,199.4,1072.04,11.184681460272,1
2025-08-02 06:52:31.307,199.4,1072.04,11.184681460272,1
2025-08-02 06:52:31.395,199.4,1074.02,11.184681460272,1
2025-08-02 06:52:31.497,199.4,1074.02,11.184681460272,1
2025-08-02 06:52:31.658,199.4,1074.02,10.5633102680347,1
2025-08-02 06:52:31.865,199.4,1076.36,10.5633102680347,1
2025-08-02 06:52:32.070,199.4,1076.36,10.5633102680347,1
2025-08-02 06:52:32.226,199.4,1076.36,9.94193907579734,1
2025-08-02 06:52:32.386,199.4,1080.14,9.94193907579734,1
2025-08-02 06:52:32.561,199.4,1080.14,9.94193907579734,1
2025-08-02 06:52:32.685,199.4,1080.14,9.94193907579734,1
2025-08-02 06:52:32.753,199.4,1082.84,9.94193907579734,1
2025-08-02 06:52:32.844,199.4,1082.84,9.94193907579734,1
2025-08-02 06:52:32.992,199.4,1082.84,9.32056788356001,1
2025-08-02 06:52:33.085,199.4,1085.0,9.32056788356001,1
2025-08-02 06:52:33.225,199.4,1085.0,9.32056788356001,1
2025-08-02 06:52:33.294,199.4,1085.0,9.32056788356001,1
2025-08-02 06:52:33.386,199.4,1087.16,9.32056788356001,1
2025-08-02 06:52:33.527,199.4,1087.16,9.32056788356001,1
2025-08-02 06:52:33.600,199.4,1087.16,9.32056788356001,1
2025-08-02 06:52:33.670,199.4,1089.32,9.32056788356001,1
2025-08-02 06:52:33.767,199.4,1089.32,9.32056788356001,1
2025-08-02 06:52:33.942,199.4,1089.32,9.32056788356001,1
2025-08-02 06:52:34.072,199.4,1092.02,9.32056788356001,1
2025-08-02 06:52:34.166,199.4,1092.02,9.32056788356001,1
2025-08-02 06:52:34.316,199.4,1092.02,9.32056788356001,1
2025-08-02 06:52:34.472,199.4,1094.9,9.32056788356001,1
2025-08-02 06:52:34.548,199.4,1094.9,9.32056788356001,1
2025-08-02 06:52:34.618,199.4,1094.9,9.32056788356001,1
2025-08-02 06:52:34.717,199.4,1096.16,9.32056788356001,1
2025-08-02 06:52:34.868,199.4,1096.16,9.32056788356001,1
2025-08-02 06:52:34.988,199.4,1096.16,9.32056788356001,1
2025-08-02 06:52:35.086,199.4,1098.68,9.32056788356001,1
2025-08-02 06:52:35.159,199.4,1098.68,9.32056788356001,1
2025-08-02 06:52:35.256,199.4,1098.68,9.32056788356001,1
2025-08-02 06:52:35.404,199.4,1100.66,9.32056788356001,1
2025-08-02 06:52:35.560,199.4,1100.66,9.32056788356001,1
2025-08-02 06:52:35.739,199.4,1100.66,9.32056788356001,1
2025-08-02 06:52:35.860,199.4,1103.72,9.32056788356001,1
2025-08-02 06:52:35.937,199.4,1103.72,9.32056788356001,1
2025-08-02 06:52:36.007,199.4,1103.72,9.32056788356001,1
2025-08-02 06:52:36.078,199.4,1104.8,9.32056788356001,1
2025-08-02 06:52:36.173,199.4,1104.8,9.32056788356001,1
2025-08-02 06:52:36.321,199.4,1104.8,8.69919669132267,1
2025-08-02 06:52:36.419,199.4,1106.78,8.69919669132267,1
2025-08-02 06:52:36.587,199.4,1106.78,8.69919669132267,1
2025-08-02 06:52:36.724,199.4,1106.78,8.69919669132267,1
2025-08-02 06:52:36.850,199.4,1110.02,8.69919669132267,1
2025-08-02 06:52:37.061,199.4,1110.02,8.69919669132267,1
2025-08-02 06:52:37.186,199.4,1110.02,8.07782549908534,1
2025-08-02 06:52:37.262,199.4,1112.72,8.07782549908534,1
2025-08-02 06:52:37.332,199.4,1112.72,8.07782549908534,1
2025-08-02 06:52:37.423,199.4,1112.72,7.45645430684801,1
2025-08-02 06:52:37.598,199.4,1114.7,7.45645430684801,1
2025-08-02 06:52:37.724,199.4,1114.7,7.45645430684801,1
2025-08-02 06:52:37.817,199.4,1114.7,7.45645430684801,1
2025-08-02 06:52:37.885,199.4,1116.68,7.45645430684801,1
2025-08-02 06:52:37.975,199.4,1116.68,7.45645430684801,1
2025-08-02 06:52:38.121,199.4,1116.68,6.83508311461067,1
2025-08-02 06:52:38.279,199.4,1119.38,6.83508311461067,1
2025-08-02 06:52:38.353,199.4,1119.38,6.83508311461067,1
2025-08-02 06:52:38.422,199.4,1119.38,6.83508311461067,1
2025-08-02 06:52:38.523,199.4,1120.82,6.83508311461067,1
2025-08-02 06:52:38.670,199.4,1120.82,6.83508311461067,1
2025-08-02 06:52:38.747,199.4,1120.82,6.83508311461067,1
2025-08-02 06:52:38.816,199.4,1122.8,6.83508311461067,1
2025-08-02 06:52:38.929,199.4,1122.8,6.83508311461067,1
2025-08-02 06:52:39.055,199.4,1122.8,6.21371192237334,1
2025-08-02 06:52:39.205,199.4,1125.5,6.21371192237334,1
2025-08-02 06:52:39.299,199.4,1125.5,6.21371192237334,1
2025-08-02 06:52:39.449,199.4,1125.5,6.21371192237334,1
2025-08-02 06:52:39.600,199.4,1128.02,6.21371192237334,1
2025-08-02 06:52:39.674,199.4,1128.02,6.21371192237334,1
2025-08-02 06:52:39.771,199.4,1128.02,5.59234073013601,1
2025-08-02 06:52:39.873,199.4,1129.64,5.59234073013601,1
2025-08-02 06:52:40.016,199.4,1129.64,5.59234073013601,1
2025-08-02 06:52:40.160,199.4,1129.64,4.97096953789867,1
2025-08-02 06:52:40.253,199.4,1131.98,4.97096953789867,1
2025-08-02 06:52:40.395,199.4,1131.98,4.97096953789867,1
2025-08-02 06:52:40.487,199.4,1131.98,4.97096953789867,1
2025-08-02 06:52:40.557,199.4,1133.6,4.97096953789867,1
2025-08-02 06:52:40.647,199.4,1133.6,4.97096953789867,1
2025-08-02 06:52:40.789,199.4,1133.6,4.97096953789867,1
2025-08-02 06:52:40.858,199.4,1135.4,4.97096953789867,1
2025-08-02 06:52:40.958,199.4,1135.4,4.97096953789867,1
2025-08-02 06:52:41.105,199.4,1135.4,4.97096953789867,1
2025-08-02 06:52:41.255,199.4,1138.28,4.97096953789867,1
2025-08-02 06:52:41.405,199.4,1138.28,4.97096953789867,1
2025-08-02 06:52:41.581,199.4,1138.28,5.59234073013601,1
2025-08-02 06:52:41.721,199.4,1143.68,5.59234073013601,1
2025-08-02 06:52:41.916,199.4,1143.68,5.59234073013601,1
2025-08-02 06:52:42.118,199.4,1143.68,8.07782549908534,1
2025-08-02 06:52:42.193,199.4,1151.24,8.07782549908534,1
2025-08-02 06:52:42.412,199.4,1151.24,8.07782549908534,1
2025-08-02 06:52:42.505,199.4,1151.24,9.94193907579734,1
2025-08-02 06:52:42.597,199.4,1157.54,9.94193907579734,1
2025-08-02 06:52:42.743,199.4,1157.54,9.94193907579734,1
2025-08-02 06:52:42.898,199.4,1157.54,11.184681460272,1
2025-08-02 06:52:42.974,199.4,1163.66,11.184681460272,1
2025-08-02 06:52:43.045,199.4,1163.66,11.184681460272,1
2025-08-02 06:52:43.145,199.4,1163.66,11.8060526525093,1
2025-08-02 06:52:43.295,199.4,1167.8,11.8060526525093,1
2025-08-02 06:52:43.445,199.4,1167.8,11.8060526525093,1
2025-08-02 06:52:43.625,199.4,1167.8,13.048795036984,1
2025-08-02 06:52:43.778,199.4,1175.0,13.048795036984,1
2025-08-02 06:52:43.925,199.4,1175.0,13.048795036984,1
2025-08-02 06:52:44.078,199.4,1175.0,14.2915374214587,1
2025-08-02 06:52:44.243,199.4,1182.2,14.2915374214587,1
2025-08-02 06:52:44.396,199.4,1182.2,14.2915374214587,1
2025-08-02 06:52:44.549,199.4,1182.2,15.5342798059333,1
2025-08-02 06:52:44.648,199.4,1186.34,15.5342798059333,1
2025-08-02 06:52:44.789,199.4,1186.34,15.5342798059333,1
2025-08-02 06:52:44.870,199.4,1186.34,16.1556509981707,1
2025-08-02 06:52:44.969,199.4,1191.74,16.1556509981707,1
2025-08-02 06:52:45.113,199.4,1191.74,16.1556509981707,1
2025-08-02 06:52:45.206,199.4,1191.74,16.1556509981707,1
2025-08-02 06:52:45.352,199.4,1196.6,16.1556509981707,1
2025-08-02 06:52:45.504,199.4,1196.6,16.1556509981707,1
2025-08-02 06:52:45.607,199.4,1196.6,16.777022190408,1
2025-08-02 06:52:45.754,199.4,1201.64,16.777022190408,1
2025-08-02 06:52:45.903,199.4,1201.64,16.777022190408,1
2025-08-02 06:52:45.996,199.4,1201.64,16.777022190408,1
2025-08-02 06:52:46.145,199.4,1205.06,16.777022190408,1
2025-08-02 06:52:46.301,199.4,1205.06,16.777022190408,1
2025-08-02 06:52:46.480,199.4,1205.06,17.3983933826453,1
2025-08-02 06:52:46.648,199.4,1210.82,17.3983933826453,1
2025-08-02 06:52:46.778,201.2,1210.82,17.3983933826453,1
2025-08-02 06:52:46.986,201.2,1210.82,17.3983933826453,1
2025-08-02 06:52:47.187,201.2,1216.58,17.3983933826453,1
2025-08-02 06:52:47.338,201.2,1216.58,17.3983933826453,1
2025-08-02 06:52:47.488,201.2,1216.58,17.3983933826453,1
2025-08-02 06:52:47.567,201.2,1220.18,17.3983933826453,1
2025-08-02 06:52:47.646,199.4,1220.18,17.3983933826453,1
2025-08-02 06:52:47.721,199.4,1220.18,17.3983933826453,1
2025-08-02 06:52:47.821,199.4,1221.98,17.3983933826453,1
2025-08-02 06:52:47.969,201.2,1221.98,17.3983933826453,1
2025-08-02 06:52:48.066,201.2,1221.98,17.3983933826453,1
2025-08-02 06:52:48.216,201.2,1225.76,17.3983933826453,1
2025-08-02 06:52:48.399,201.2,1225.76,17.3983933826453,1
2025-08-02 06:52:48.531,201.2,1225.76,17.3983933826453,1
2025-08-02 06:52:48.626,201.2,1229.54,17.3983933826453,1
2025-08-02 06:52:48.772,201.2,1229.54,17.3983933826453,1
2025-08-02 06:52:48.924,201.2,1229.54,17.3983933826453,1
2025-08-02 06:52:49.000,201.2,1233.14,17.3983933826453,1
2025-08-02 06:52:49.169,201.2,1233.14,17.3983933826453,1
2025-08-02 06:52:49.325,201.2,1233.14,17.3983933826453,1
2025-08-02 06:52:49.453,201.2,1237.1,17.3983933826453,1
2025-08-02 06:52:49.545,201.2,1237.1,17.3983933826453,1
2025-08-02 06:52:49.712,201.2,1237.1,17.3983933826453,1
2025-08-02 06:52:49.865,201.2,1239.44,17.3983933826453,1
2025-08-02 06:52:50.015,201.2,1239.44,17.3983933826453,1
2025-08-02 06:52:50.197,201.2,1239.44,17.3983933826453,1
2025-08-02 06:52:50.348,201.2,1241.78,17.3983933826453,1
2025-08-02 06:52:50.499,201.2,1241.78,17.3983933826453,1
2025-08-02 06:52:50.680,201.2,1241.78,17.3983933826453,1
2025-08-02 06:52:50.804,201.2,1244.66,17.3983933826453,1
2025-08-02 06:52:50.876,201.2,1244.66,17.3983933826453,1
2025-08-02 06:52:50.976,201.2,1244.66,17.3983933826453,1
2025-08-02 06:52:51.113,201.2,1246.1,17.3983933826453,1
2025-08-02 06:52:51.204,201.2,1246.1,17.3983933826453,1
2025-08-02 06:52:51.345,201.2,1246.1,16.777022190408,1
2025-08-02 06:52:51.419,201.2,1247.54,16.777022190408,1
2025-08-02 06:52:51.583,201.2,1247.54,16.777022190408,1
2025-08-02 06:52:51.793,201.2,1247.54,17.3983933826453,1
2025-08-02 06:52:51.988,201.2,1250.6,17.3983933826453,1
2025-08-02 06:52:52.138,201.2,1250.6,17.3983933826453,1
2025-08-02 06:52:52.281,201.2,1250.6,16.1556509981707,1
2025-08-02 06:52:52.421,201.2,1248.26,16.1556509981707,1
2025-08-02 06:52:52.513,201.2,1248.26,16.1556509981707,1
2025-08-02 06:52:52.580,201.2,1248.26,15.5342798059333,1
2025-08-02 06:52:52.669,201.2,1244.84,15.5342798059333,1
2025-08-02 06:52:52.740,201.2,1244.84,15.5342798059333,1
2025-08-02 06:52:52.810,201.2,1244.84,15.5342798059333,1
2025-08-02 06:52:52.906,201.2,1242.32,15.5342798059333,1
2025-08-02 06:52:53.086,201.2,1242.32,15.5342798059333,1
2025-08-02 06:52:53.207,201.2,1242.32,14.912908613696,1
2025-08-02 06:52:53.278,201.2,1237.28,14.912908613696,1
2025-08-02 06:52:53.371,201.2,1237.28,14.912908613696,1
2025-08-02 06:52:53.521,201.2,1237.28,14.2915374214587,1
2025-08-02 06:52:53.670,201.2,1232.06,14.2915374214587,1
2025-08-02 06:52:53.751,201.2,1232.06,14.2915374214587,1
2025-08-02 06:52:53.849,201.2,1232.06,13.6701662292213,1
2025-08-02 06:52:54.057,201.2,1228.1,13.6701662292213,1
2025-08-02 06:52:54.182,201.2,1228.1,13.6701662292213,1
2025-08-02 06:52:54.341,201.2,1228.1,12.4274238447467,1
2025-08-02 06:52:54.469,201.2,1221.44,12.4274238447467,1
2025-08-02 06:52:54.565,201.2,1221.44,12.4274238447467,1
2025-08-02 06:52:54.655,201.2,1221.44,12.4274238447467,1
2025-08-02 06:52:54.803,201.2,1217.3,12.4274238447467,1
2025-08-02 06:52:54.950,201.2,1217.3,12.4274238447467,1
2025-08-02 06:52:55.045,201.2,1217.3,11.184681460272,1
2025-08-02 06:52:55.192,201.2,1211.72,11.184681460272,1
2025-08-02 06:52:55.351,201.2,1211.72,11.184681460272,1
2025-08-02 06:52:58.327,201.2,1180.4,6.83508311461067,1
2025-08-02 06:52:58.479,201.2,1180.4,6.83508311461067,1
2025-08-02 06:52:58.601,201.2,1180.4,6.83508311461067,1
2025-08-02 06:52:58.676,201.2,1179.32,6.83508311461067,1
2025-08-02 06:52:58.752,201.2,1179.32,6.83508311461067,1
2025-08-02 06:52:58.826,201.2,1179.32,6.83508311461067,1
2025-08-02 06:52:58.917,201.2,1178.78,6.83508311461067,1
2025-08-02 06:52:59.062,201.2,1178.78,6.83508311461067,1
2025-08-02 06:52:59.218,201.2,1178.78,6.21371192237334,1
2025-08-02 06:52:59.370,201.2,1178.24,6.21371192237334,1
2025-08-02 06:52:59.548,201.2,1178.24,6.21371192237334,1
2025-08-02 06:52:59.701,201.2,1178.24,6.21371192237334,1
2025-08-02 06:52:59.862,201.2,1178.6,6.21371192237334,1
2025-08-02 06:53:00.041,201.2,1178.6,6.21371192237334,1
2025-08-02 06:53:00.164,201.2,1178.6,5.59234073013601,1
2025-08-02 06:53:00.242,201.2,1178.78,5.59234073013601,1
2025-08-02 06:53:00.309,201.2,1178.78,5.59234073013601,1
2025-08-02 06:53:00.410,201.2,1178.78,5.59234073013601,1
2025-08-02 06:53:00.561,201.2,1179.14,5.59234073013601,1
2025-08-02 06:53:00.718,201.2,1179.14,5.59234073013601,1
2025-08-02 06:53:00.872,201.2,1179.14,5.59234073013601,1
2025-08-02 06:53:01.051,201.2,1179.5,5.59234073013601,1
2025-08-02 06:53:01.212,201.2,1179.5,5.59234073013601,1
2025-08-02 06:53:01.339,201.2,1179.5,6.21371192237334,1
2025-08-02 06:53:01.444,201.2,1179.86,6.21371192237334,1
2025-08-02 06:53:01.588,201.2,1179.86,6.21371192237334,1
2025-08-02 06:53:01.793,201.2,1179.86,6.21371192237334,1
2025-08-02 06:53:01.984,201.2,1180.58,6.21371192237334,1
2025-08-02 06:53:02.131,201.2,1180.58,6.21371192237334,1
2025-08-02 06:53:02.277,201.2,1180.58,6.83508311461067,1
2025-08-02 06:53:02.374,201.2,1180.94,6.83508311461067,1
2025-08-02 06:53:02.521,201.2,1180.94,6.83508311461067,1
2025-08-02 06:53:02.678,201.2,1180.94,6.83508311461067,1
2025-08-02 06:53:02.853,201.2,1181.48,6.83508311461067,1
2025-08-02 06:53:03.003,201.2,1181.48,6.83508311461067,1
2025-08-02 06:53:03.151,201.2,1181.48,7.45645430684801,1
2025-08-02 06:53:03.326,201.2,1181.84,7.45645430684801,1
2025-08-02 06:53:03.479,201.2,1181.84,7.45645430684801,1
2025-08-02 06:53:03.630,201.2,1181.84,7.45645430684801,1
2025-08-02 06:53:03.707,201.2,1182.2,7.45645430684801,1
2025-08-02 06:53:03.774,201.2,1182.2,7.45645430684801,1
2025-08-02 06:53:03.874,201.2,1182.2,7.45645430684801,1
2025-08-02 06:53:04.021,201.2,1182.56,7.45645430684801,1
2025-08-02 06:53:04.151,201.2,1182.56,7.45645430684801,1
2025-08-02 06:53:04.247,201.2,1182.56,7.45645430684801,1
2025-08-02 06:53:04.416,201.2,1183.28,7.45645430684801,1
2025-08-02 06:53:04.556,201.2,1183.28,7.45645430684801,1
2025-08-02 06:53:04.699,201.2,1183.28,6.83508311461067,1
2025-08-02 06:53:04.797,201.2,1183.82,6.83508311461067,1
2025-08-02 06:53:04.940,201.2,1183.82,6.83508311461067,1
2025-08-02 06:53:05.038,201.2,1183.82,6.83508311461067,1
2025-08-02 06:53:05.186,201.2,1184.54,6.83508311461067,1
2025-08-02 06:53:05.344,201.2,1184.54,6.83508311461067,1
2025-08-02 06:53:05.473,201.2,1184.54,6.83508311461067,1
2025-08-02 06:53:05.573,201.2,1184.9,6.83508311461067,1
2025-08-02 06:53:05.714,201.2,1184.9,6.83508311461067,1
2025-08-02 06:53:05.881,201.2,1184.9,6.83508311461067,1
2025-08-02 06:53:06.027,201.2,1185.44,6.83508311461067,1
2025-08-02 06:53:06.126,201.2,1185.44,6.83508311461067,1
2025-08-02 06:53:06.265,201.2,1185.44,6.83508311461067,1
2025-08-02 06:53:06.415,201.2,1185.98,6.83508311461067,1
2025-08-02 06:53:06.577,201.2,1185.98,6.83508311461067,1
2025-08-02 06:53:06.786,201.2,1185.98,7.45645430684801,1
2025-08-02 06:53:06.985,201.2,1187.06,7.45645430684801,1
2025-08-02 06:53:07.139,201.2,1187.06,7.45645430684801,1
2025-08-02 06:53:07.285,201.2,1187.06,8.07782549908534,1
2025-08-02 06:53:07.387,201.2,1187.78,8.07782549908534,1
2025-08-02 06:53:07.535,201.2,1187.78,8.07782549908534,1
2025-08-02 06:53:07.684,201.2,1187.78,8.69919669132267,1
2025-08-02 06:53:07.836,201.2,1188.68,8.69919669132267,1
2025-08-02 06:53:08.017,201.2,1188.68,8.69919669132267,1
2025-08-02 06:53:08.253,201.2,1188.68,9.94193907579734,1
2025-08-02 06:53:08.397,201.2,1190.3,9.94193907579734,1
2025-08-02 06:53:08.545,201.2,1190.3,9.94193907579734,1
2025-08-02 06:53:08.648,201.2,1190.3,10.5633102680347,1
2025-08-02 06:53:08.797,201.2,1191.38,10.5633102680347,1
2025-08-02 06:53:08.923,201.2,1191.38,10.5633102680347,1
2025-08-02 06:53:08.995,201.2,1191.38,11.184681460272,1
2025-08-02 06:53:09.097,201.2,1192.46,11.184681460272,1
2025-08-02 06:53:09.245,201.2,1192.46,11.184681460272,1
2025-08-02 06:53:09.403,201.2,1192.46,11.8060526525093,1
2025-08-02 06:53:09.563,201.2,1194.08,11.8060526525093,1
2025-08-02 06:53:09.722,201.2,1194.08,11.8060526525093,1
2025-08-02 06:53:09.874,201.2,1194.08,12.4274238447467,1
2025-08-02 06:53:10.050,201.2,1196.24,12.4274238447467,1
2025-08-02 06:53:10.200,201.2,1196.24,12.4274238447467,1
2025-08-02 06:53:10.359,201.2,1196.24,13.6701662292213,1
2025-08-02 06:53:10.534,201.2,1198.04,13.6701662292213,1
2025-08-02 06:53:10.691,201.2,1198.04,13.6701662292213,1
2025-08-02 06:53:10.811,201.2,1198.04,14.912908613696,1
2025-08-02 06:53:10.928,201.2,1200.2,14.912908613696,1
2025-08-02 06:53:11.081,201.2,1200.2,14.912908613696,1
2025-08-02 06:53:11.211,201.2,1200.2,14.912908613696,1
2025-08-02 06:53:11.313,201.2,1202.36,14.912908613696,1
2025-08-02 06:53:11.456,201.2,1202.36,14.912908613696,1
2025-08-02 06:53:11.571,201.2,1202.36,15.5342798059333,1
2025-08-02 06:53:11.842,201.2,1205.06,15.5342798059333,1
2025-08-02 06:53:12.043,201.2,1205.06,15.5342798059333,1
2025-08-02 06:53:12.166,201.2,1205.06,16.1556509981707,1
2025-08-02 06:53:12.338,201.2,1207.94,16.1556509981707,1
2025-08-02 06:53:12.492,201.2,1207.94,16.1556509981707,1
2025-08-02 06:53:12.613,201.2,1207.94,16.777022190408,1
2025-08-02 06:53:12.709,201.2,1209.92,16.777022190408,1
2025-08-02 06:53:12.858,201.2,1209.92,16.777022190408,1
2025-08-02 06:53:13.014,201.2,1209.92,16.777022190408,1
2025-08-02 06:53:13.173,201.2,1211.9,16.777022190408,1
2025-08-02 06:53:13.355,201.2,1211.9,16.777022190408,1
2025-08-02 06:53:13.489,201.2,1211.9,16.1556509981707,1
2025-08-02 06:53:13.585,201.2,1213.34,16.1556509981707,1
2025-08-02 06:53:13.733,201.2,1213.34,16.1556509981707,1
2025-08-02 06:53:13.891,201.2,1213.34,16.1556509981707,1
2025-08-02 06:53:14.070,201.2,1214.96,16.1556509981707,1
2025-08-02 06:53:14.218,201.2,1214.96,16.1556509981707,1
2025-08-02 06:53:14.363,201.2,1214.96,15.5342798059333,1
2025-08-02 06:53:14.463,201.2,1210.28,15.5342798059333,1
2025-08-02 06:53:14.610,201.2,1210.28,15.5342798059333,1
2025-08-02 06:53:14.766,201.2,1210.28,14.912908613696,1
2025-08-02 06:53:14.896,201.2,1205.24,14.912908613696,1
2025-08-02 06:53:14.993,201.2,1205.24,14.912908613696,1
2025-08-02 06:53:15.156,201.2,1205.24,14.2915374214587,1
2025-08-02 06:53:15.334,201.2,1200.02,14.2915374214587,1
2025-08-02 06:53:15.481,201.2,1200.02,14.2915374214587,1
2025-08-02 06:53:15.633,201.2,1200.02,13.6701662292213,1
2025-08-02 06:53:15.819,201.2,1193.36,13.6701662292213,1
2025-08-02 06:53:15.950,201.2,1193.36,13.6701662292213,1
2025-08-02 06:53:16.099,201.2,1193.36,13.048795036984,1
2025-08-02 06:53:16.255,201.2,1186.52,13.048795036984,1
2025-08-02 06:53:16.349,201.2,1186.52,13.048795036984,1
2025-08-02 06:53:16.500,201.2,1186.52,12.4274238447467,1
2025-08-02 06:53:16.664,201.2,1180.76,12.4274238447467,1
2025-08-02 06:53:16.865,201.2,1180.76,12.4274238447467,1
2025-08-02 06:53:17.068,201.2,1180.76,11.8060526525093,1
2025-08-02 06:53:17.228,201.2,1173.74,11.8060526525093,1
2025-08-02 06:53:17.356,201.2,1173.74,11.8060526525093,1
2025-08-02 06:53:17.428,201.2,1173.74,11.184681460272,1
2025-08-02 06:53:17.518,201.2,1169.42,11.184681460272,1
2025-08-02 06:53:17.664,201.2,1169.42,11.184681460272,1
2025-08-02 06:53:17.819,201.2,1169.42,10.5633102680347,1
2025-08-02 06:53:17.976,201.2,1162.4,10.5633102680347,1
2025-08-02 06:53:18.155,201.2,1162.4,10.5633102680347,1
2025-08-02 06:53:18.306,201.2,1162.4,9.94193907579734,1
2025-08-02 06:53:18.454,201.2,1155.74,9.94193907579734,1
2025-08-02 06:53:18.642,201.2,1155.74,9.94193907579734,1
2025-08-02 06:53:18.766,201.2,1155.74,9.32056788356001,1
2025-08-02 06:53:18.840,201.2,1151.78,9.32056788356001,1
2025-08-02 06:53:18.910,201.2,1151.78,9.32056788356001,1
2025-08-02 06:53:19.012,201.2,1151.78,8.69919669132267,1
2025-08-02 06:53:19.162,201.2,1149.44,8.69919669132267,1
2025-08-02 06:53:19.262,201.2,1149.44,8.69919669132267,1
2025-08-02 06:53:19.409,201.2,1149.44,8.69919669132267,1
2025-08-02 06:53:19.562,201.2,1147.64,8.69919669132267,1
2025-08-02 06:53:19.717,201.2,1147.64,8.69919669132267,1
2025-08-02 06:53:19.891,201.2,1147.64,8.07782549908534,1
2025-08-02 06:53:20.046,201.2,1146.56,8.07782549908534,1
2025-08-02 06:53:20.181,201.2,1146.56,8.07782549908534,1
2025-08-02 06:53:20.275,201.2,1146.56,8.07782549908534,1
2025-08-02 06:53:20.428,201.2,1145.84,8.07782549908534,1
2025-08-02 06:53:20.500,201.2,1145.84,8.07782549908534,1
2025-08-02 06:53:20.637,201.2,1145.48,8.07782549908534,1
2025-08-02 06:53:20.782,201.2,1145.48,8.07782549908534,1
2025-08-02 06:53:21.003,201.2,1145.48,7.45645430684801,1
2025-08-02 06:53:21.072,201.2,1146.56,7.45645430684801,1
2025-08-02 06:53:21.142,201.2,1146.56,7.45645430684801,1
2025-08-02 06:53:21.220,201.2,1146.56,7.45645430684801,1
2025-08-02 06:53:21.287,201.2,1147.28,7.45645430684801,1
2025-08-02 06:53:21.465,201.2,1147.28,7.45645430684801,1
2025-08-02 06:53:21.592,201.2,1147.28,7.45645430684801,1
2025-08-02 06:53:21.791,201.2,1148.72,7.45645430684801,1
2025-08-02 06:53:21.990,201.2,1148.72,7.45645430684801,1
2025-08-02 06:53:22.172,201.2,1148.72,6.83508311461067,1
2025-08-02 06:53:22.329,201.2,1150.7,6.83508311461067,1
2025-08-02 06:53:22.468,201.2,1150.7,6.83508311461067,1
2025-08-02 06:53:22.540,201.2,1150.7,6.83508311461067,1
2025-08-02 06:53:22.714,201.2,1152.14,6.83508311461067,1
2025-08-02 06:53:22.892,201.2,1152.14,6.83508311461067,1
2025-08-02 06:53:23.043,201.2,1152.14,6.21371192237334,1
2025-08-02 06:53:23.196,201.2,1154.3,6.21371192237334,1
2025-08-02 06:53:23.371,201.2,1154.3,6.21371192237334,1
2025-08-02 06:53:23.521,201.2,1154.3,5.59234073013601,1
2025-08-02 06:53:23.669,201.2,1156.28,5.59234073013601,1
2025-08-02 06:53:23.747,201.2,1156.28,5.59234073013601,1
2025-08-02 06:53:23.849,201.2,1156.28,5.59234073013601,1
2025-08-02 06:53:23.993,201.2,1157.54,5.59234073013601,1
2025-08-02 06:53:24.090,201.2,1157.54,5.59234073013601,1
2025-08-02 06:53:24.235,201.2,1157.54,5.59234073013601,1
2025-08-02 06:53:24.389,201.2,1158.98,5.59234073013601,1
2025-08-02 06:53:24.467,201.2,1158.98,5.59234073013601,1
2025-08-02 06:53:24.535,201.2,1158.98,4.97096953789867,1
2025-08-02 06:53:24.625,201.2,1159.7,4.97096953789867,1
2025-08-02 06:53:24.772,201.2,1159.7,4.97096953789867,1
2025-08-02 06:53:24.865,201.2,1159.7,4.97096953789867,1
2025-08-02 06:53:25.012,201.2,1161.14,4.97096953789867,1
2025-08-02 06:53:25.106,201.2,1161.14,4.97096953789867,1
2025-08-02 06:53:25.254,201.2,1161.14,4.34959834566134,1
2025-08-02 06:53:25.407,201.2,1162.58,4.34959834566134,1
2025-08-02 06:53:25.487,201.2,1162.58,4.34959834566134,1
2025-08-02 06:53:25.588,201.2,1162.58,4.34959834566134,1
2025-08-02 06:53:25.736,201.2,1163.48,4.34959834566134,1
2025-08-02 06:53:25.886,201.2,1163.48,4.34959834566134,1
2025-08-02 06:53:25.984,201.2,1163.48,4.34959834566134,1
2025-08-02 06:53:26.130,201.2,1164.74,4.34959834566134,1
2025-08-02 06:53:26.292,201.2,1164.74,4.34959834566134,1
2025-08-02 06:53:26.420,201.2,1164.74,4.34959834566134,1
2025-08-02 06:53:26.520,201.2,1165.82,4.34959834566134,1
2025-08-02 06:53:26.729,201.2,1165.82,4.34959834566134,1
2025-08-02 06:53:26.931,201.2,1165.82,4.97096953789867,1
2025-08-02 06:53:27.138,201.2,1169.42,4.97096953789867,1
2025-08-02 06:53:27.293,201.2,1169.42,4.97096953789867,1
2025-08-02 06:53:27.451,201.2,1169.42,6.21371192237334,1
2025-08-02 06:53:27.619,201.2,1171.94,6.21371192237334,1
2025-08-02 06:53:27.778,201.2,1171.94,6.21371192237334,1
2025-08-02 06:53:27.933,201.2,1171.94,8.07782549908534,1
2025-08-02 06:53:28.111,201.2,1175.54,8.07782549908534,1
2025-08-02 06:53:28.264,201.2,1175.54,8.07782549908534,1
2025-08-02 06:53:28.419,201.2,1175.54,9.32056788356001,1
2025-08-02 06:53:28.604,201.2,1179.14,9.32056788356001,1
2025-08-02 06:53:28.730,201.2,1179.14,9.32056788356001,1
2025-08-02 06:53:28.847,201.2,1179.14,10.5633102680347,1
2025-08-02 06:53:28.970,201.2,1182.38,10.5633102680347,1
2025-08-02 06:53:29.073,201.2,1182.38,10.5633102680347,1
2025-08-02 06:53:29.219,201.2,1182.38,11.8060526525093,1
2025-08-02 06:53:29.371,201.2,1185.44,11.8060526525093,1
2025-08-02 06:53:29.550,201.2,1185.44,11.8060526525093,1
2025-08-02 06:53:29.705,201.2,1185.44,13.048795036984,1
2025-08-02 06:53:29.853,201.2,1189.22,13.048795036984,1
2025-08-02 06:53:29.926,201.2,1189.22,13.048795036984,1
2025-08-02 06:53:29.999,201.2,1189.22,13.6701662292213,1
2025-08-02 06:53:30.066,201.2,1191.74,13.6701662292213,1
2025-08-02 06:53:30.179,201.2,1191.74,13.6701662292213,1
2025-08-02 06:53:30.331,201.2,1191.74,14.912908613696,1
2025-08-02 06:53:30.485,201.2,1197.5,14.912908613696,1
2025-08-02 06:53:30.626,201.2,1197.5,14.912908613696,1
2025-08-02 06:53:30.717,201.2,1197.5,16.777022190408,1
2025-08-02 06:53:30.867,201.2,1204.16,16.777022190408,1
2025-08-02 06:53:31.024,201.2,1204.16,16.777022190408,1
2025-08-02 06:53:31.170,201.2,1204.16,18.0197645748827,1
2025-08-02 06:53:31.239,201.2,1211.0,18.0197645748827,1
2025-08-02 06:53:31.308,201.2,1211.0,18.0197645748827,1
2025-08-02 06:53:31.374,201.2,1211.0,18.64113576712,1
2025-08-02 06:53:31.584,201.2,1216.22,18.64113576712,1
2025-08-02 06:53:31.795,201.2,1216.22,18.64113576712,1
2025-08-02 06:53:31.986,201.2,1216.22,19.8838781515947,1
2025-08-02 06:53:32.197,201.2,1224.14,19.8838781515947,1
2025-08-02 06:53:32.321,201.2,1224.14,19.8838781515947,1
2025-08-02 06:53:32.398,201.2,1224.14,19.8838781515947,1
2025-08-02 06:53:32.468,201.2,1227.02,19.8838781515947,1
2025-08-02 06:53:32.591,201.2,1227.02,19.8838781515947,1
2025-08-02 06:53:32.739,201.2,1227.02,19.8838781515947,1
2025-08-02 06:53:32.895,201.2,1230.44,19.8838781515947,1
2025-08-02 06:53:33.023,201.2,1230.44,19.8838781515947,1
2025-08-02 06:53:33.263,201.2,1230.44,19.2625069593574,1
2025-08-02 06:53:33.406,201.2,1231.88,19.2625069593574,1
2025-08-02 06:53:33.477,203.0,1231.88,19.2625069593574,1
2025-08-02 06:53:33.553,203.0,1231.88,18.64113576712,1
2025-08-02 06:53:33.648,203.0,1228.82,18.64113576712,1
2025-08-02 06:53:33.722,201.2,1228.82,18.64113576712,1
2025-08-02 06:53:33.794,201.2,1228.82,18.0197645748827,1
2025-08-02 06:53:33.871,201.2,1229.36,18.0197645748827,1
2025-08-02 06:53:33.945,203.0,1229.36,18.0197645748827,1
2025-08-02 06:53:34.044,203.0,1229.36,18.0197645748827,1
2025-08-02 06:53:34.188,203.0,1230.26,18.0197645748827,1
2025-08-02 06:53:34.283,203.0,1230.26,18.0197645748827,1
2025-08-02 06:53:34.430,203.0,1230.26,17.3983933826453,1
2025-08-02 06:53:34.530,203.0,1231.34,17.3983933826453,1
2025-08-02 06:53:34.672,203.0,1231.34,17.3983933826453,1
2025-08-02 06:53:34.773,203.0,1231.34,16.777022190408,1
2025-08-02 06:53:34.921,203.0,1229.0,16.777022190408,1
2025-08-02 06:53:35.075,203.0,1229.0,16.777022190408,1
2025-08-02 06:53:35.248,203.0,1229.0,16.1556509981707,1
2025-08-02 06:53:35.407,203.0,1224.32,16.1556509981707,1
2025-08-02 06:53:35.641,203.0,1224.32,15.5342798059333,1
2025-08-02 06:53:35.793,203.0,1220.18,15.5342798059333,1
2025-08-02 06:53:35.947,203.0,1220.18,15.5342798059333,1
2025-08-02 06:53:36.096,203.0,1220.18,14.912908613696,1
2025-08-02 06:53:36.267,203.0,1214.6,14.912908613696,1
2025-08-02 06:53:36.415,203.0,1214.6,14.912908613696,1
2025-08-02 06:53:36.566,203.0,1214.6,13.6701662292213,1
2025-08-02 06:53:36.769,203.0,1211.0,13.6701662292213,1
2025-08-02 06:53:36.899,203.0,1211.0,13.6701662292213,1
2025-08-02 06:53:37.029,203.0,1211.0,13.6701662292213,1
2025-08-02 06:53:37.225,203.0,1210.82,13.6701662292213,1
2025-08-02 06:53:37.379,203.0,1210.82,13.6701662292213,1
2025-08-02 06:53:37.533,203.0,1210.82,13.048795036984,1
2025-08-02 06:53:37.713,203.0,1211.0,13.048795036984,1
2025-08-02 06:53:37.855,203.0,1211.0,13.048795036984,1
2025-08-02 06:53:38.007,203.0,1211.0,13.048795036984,1
2025-08-02 06:53:38.086,203.0,1211.72,13.048795036984,1
2025-08-02 06:53:38.156,203.0,1211.72,13.048795036984,1
2025-08-02 06:53:38.248,203.0,1211.72,13.048795036984,1
2025-08-02 06:53:38.399,203.0,1213.34,13.048795036984,1
2025-08-02 06:53:38.551,203.0,1213.34,13.048795036984,1
2025-08-02 06:53:38.730,203.0,1213.34,13.048795036984,1
2025-08-02 06:53:38.893,203.0,1216.94,13.048795036984,1
2025-08-02 06:53:39.024,203.0,1216.94,13.048795036984,1
2025-08-02 06:53:39.120,203.0,1216.94,13.6701662292213,1
2025-08-02 06:53:39.274,203.0,1220.72,13.6701662292213,1
2025-08-02 06:53:39.433,203.0,1220.72,13.6701662292213,1
2025-08-02 06:53:39.558,203.0,1220.72,14.2915374214587,1
2025-08-02 06:53:39.660,203.0,1224.68,14.2915374214587,1
2025-08-02 06:53:39.805,203.0,1224.68,14.2915374214587,1
2025-08-02 06:53:39.880,203.0,1224.68,14.912908613696,1
2025-08-02 06:53:39.947,203.0,1227.74,14.912908613696,1
2025-08-02 06:53:40.017,203.0,1227.74,14.912908613696,1
2025-08-02 06:53:40.107,203.0,1227.74,15.5342798059333,1
2025-08-02 06:53:40.264,203.0,1230.8,15.5342798059333,1
2025-08-02 06:53:40.421,203.0,1230.8,15.5342798059333,1
2025-08-02 06:53:40.600,203.0,1230.8,16.1556509981707,1
2025-08-02 06:53:40.722,203.0,1235.12,16.1556509981707,1
2025-08-02 06:53:40.791,203.0,1235.12,16.1556509981707,1
2025-08-02 06:53:40.889,203.0,1235.12,16.777022190408,1
2025-08-02 06:53:41.011,203.0,1238.18,16.777022190408,1
2025-08-02 06:53:41.193,203.0,1238.18,16.777022190408,1
2025-08-02 06:53:41.353,203.0,1238.18,16.777022190408,1
2025-08-02 06:53:41.478,203.0,1241.96,16.777022190408,1
2025-08-02 06:53:41.564,203.0,1241.96,16.777022190408,1
2025-08-02 06:53:41.774,203.0,1241.96,16.1556509981707,1
2025-08-02 06:53:41.971,203.0,1239.08,16.1556509981707,1
2025-08-02 06:53:42.136,203.0,1239.08,16.1556509981707,1
2025-08-02 06:53:42.320,203.0,1239.08,15.5342798059333,1
2025-08-02 06:53:42.450,203.0,1234.04,15.5342798059333,1
2025-08-02 06:53:42.605,203.0,1234.04,15.5342798059333,1
2025-08-02 06:53:42.753,203.0,1234.04,14.2915374214587,1
2025-08-02 06:53:42.822,203.0,1230.62,14.2915374214587,1
2025-08-02 06:53:42.890,203.0,1230.62,14.2915374214587,1
2025-08-02 06:53:42.959,203.0,1230.62,14.2915374214587,1
2025-08-02 06:53:43.058,203.0,1227.2,14.2915374214587,1
2025-08-02 06:53:43.209,203.0,1227.2,14.2915374214587,1
2025-08-02 06:53:43.340,203.0,1227.2,13.6701662292213,1
2025-08-02 06:53:43.442,203.0,1223.78,13.6701662292213,1
2025-08-02 06:53:43.594,203.0,1223.78,13.6701662292213,1
2025-08-02 06:53:43.745,203.0,1223.78,13.048795036984,1
2025-08-02 06:53:43.892,203.0,1217.66,13.048795036984,1
2025-08-02 06:53:43.959,203.0,1217.66,13.048795036984,1
2025-08-02 06:53:44.048,203.0,1217.66,12.4274238447467,1
2025-08-02 06:53:44.144,203.0,1215.14,12.4274238447467,1
2025-08-02 06:53:44.287,203.0,1215.14,12.4274238447467,1
2025-08-02 06:53:44.464,203.0,1215.14,11.8060526525093,1
2025-08-02 06:53:44.618,203.0,1208.84,11.8060526525093,1
2025-08-02 06:53:44.740,203.0,1208.84,11.8060526525093,1
2025-08-02 06:53:44.835,203.0,1208.84,11.184681460272,1
2025-08-02 06:53:45.053,203.0,1203.8,11.184681460272,1
2025-08-02 06:53:45.142,203.0,1203.8,11.184681460272,1
2025-08-02 06:53:45.285,203.0,1203.8,9.94193907579734,1
2025-08-02 06:53:45.363,203.0,1199.12,9.94193907579734,1
2025-08-02 06:53:45.512,203.0,1199.12,9.94193907579734,1
2025-08-02 06:53:45.692,203.0,1199.12,9.94193907579734,1
2025-08-02 06:53:45.840,203.0,1197.5,9.94193907579734,1
2025-08-02 06:53:45.997,203.0,1197.5,9.94193907579734,1
2025-08-02 06:53:46.177,203.0,1197.5,9.32056788356001,1
2025-08-02 06:53:46.327,203.0,1196.42,9.32056788356001,1
2025-08-02 06:53:46.481,203.0,1196.42,9.32056788356001,1
2025-08-02 06:53:46.645,203.0,1196.42,8.69919669132267,1
2025-08-02 06:53:46.846,203.0,1195.88,8.69919669132267,1
2025-08-02 06:53:47.049,203.0,1195.88,8.69919669132267,1
2025-08-02 06:53:47.192,203.0,1195.88,8.69919669132267,1
2025-08-02 06:53:47.268,203.0,1196.96,8.69919669132267,1
2025-08-02 06:53:47.341,203.0,1196.96,8.69919669132267,1
2025-08-02 06:53:47.439,203.0,1196.96,8.69919669132267,1
2025-08-02 06:53:47.583,203.0,1198.04,8.69919669132267,1
2025-08-02 06:53:47.733,203.0,1198.04,8.69919669132267,1
2025-08-02 06:53:47.913,203.0,1198.04,8.69919669132267,1
2025-08-02 06:53:48.044,203.0,1200.02,8.69919669132267,1
2025-08-02 06:53:48.113,203.0,1200.02,8.69919669132267,1
2025-08-02 06:53:48.204,203.0,1200.02,8.69919669132267,1
2025-08-02 06:53:48.355,203.0,1201.1,8.69919669132267,1
2025-08-02 06:53:48.456,203.0,1201.1,8.69919669132267,1
2025-08-02 06:53:48.601,203.0,1201.1,9.32056788356001,1
2025-08-02 06:53:48.756,203.0,1203.08,9.32056788356001,1
2025-08-02 06:53:48.934,203.0,1203.08,9.32056788356001,1
2025-08-02 06:53:49.093,203.0,1203.08,9.32056788356001,1
2025-08-02 06:53:49.220,203.0,1205.6,9.32056788356001,1
2025-08-02 06:53:49.329,203.0,1205.6,9.32056788356001,1
2025-08-02 06:53:49.477,203.0,1205.6,10.5633102680347,1
2025-08-02 06:53:49.652,203.0,1209.38,10.5633102680347,1
2025-08-02 06:53:49.798,203.0,1209.38,10.5633102680347,1
2025-08-02 06:53:49.947,203.0,1209.38,11.8060526525093,1
2025-08-02 06:53:50.021,203.0,1212.08,11.8060526525093,1
2025-08-02 06:53:50.088,203.0,1212.08,11.8060526525093,1
2025-08-02 06:53:50.154,203.0,1212.08,12.4274238447467,1
2025-08-02 06:53:50.245,203.0,1214.96,12.4274238447467,1
2025-08-02 06:53:50.394,203.0,1214.96,12.4274238447467,1
2025-08-02 06:53:50.545,203.0,1214.96,13.6701662292213,1
2025-08-02 06:53:50.629,203.0,1218.02,13.6701662292213,1
2025-08-02 06:53:50.800,203.0,1218.02,13.6701662292213,1
2025-08-02 06:53:50.930,203.0,1218.02,14.2915374214587,1
2025-08-02 06:53:51.031,203.0,1222.16,14.2915374214587,1
2025-08-02 06:53:51.180,203.0,1222.16,14.2915374214587,1
2025-08-02 06:53:51.362,203.0,1222.16,15.5342798059333,1
2025-08-02 06:53:51.513,203.0,1227.2,15.5342798059333,1
2025-08-02 06:53:51.652,203.0,1227.2,15.5342798059333,1
2025-08-02 06:53:51.852,203.0,1227.2,16.1556509981707,1
2025-08-02 06:53:52.059,203.0,1233.32,16.1556509981707,1
2025-08-02 06:53:52.201,203.0,1233.32,16.1556509981707,1
2025-08-02 06:53:52.354,203.0,1233.32,16.777022190408,1
2025-08-02 06:53:52.506,203.0,1237.46,16.777022190408,1
2025-08-02 06:53:52.651,203.0,1237.46,16.777022190408,1
2025-08-02 06:53:52.726,203.0,1237.46,16.777022190408,1
2025-08-02 06:53:52.800,203.0,1240.16,16.777022190408,1
2025-08-02 06:53:52.945,203.0,1240.16,16.777022190408,1
2025-08-02 06:53:53.047,203.0,1240.16,16.777022190408,1
2025-08-02 06:53:53.198,203.0,1243.04,16.777022190408,1
2025-08-02 06:53:53.326,203.0,1243.04,16.777022190408,1
2025-08-02 06:53:53.402,203.0,1243.04,16.777022190408,1
2025-08-02 06:53:53.549,203.0,1245.56,16.777022190408,1
2025-08-02 06:53:53.646,203.0,1245.56,16.777022190408,1
2025-08-02 06:53:53.793,203.0,1245.56,16.777022190408,1
2025-08-02 06:53:53.979,203.0,1247.9,16.777022190408,1
2025-08-02 06:53:54.127,203.0,1247.9,16.777022190408,1
2025-08-02 06:53:54.271,203.0,1247.9,16.777022190408,1
2025-08-02 06:53:54.336,203.0,1250.06,16.777022190408,1
2025-08-02 06:53:54.448,203.0,1250.06,16.777022190408,1
2025-08-02 06:53:54.603,203.0,1250.06,16.1556509981707,1
2025-08-02 06:53:54.760,203.0,1252.22,16.1556509981707,1
2025-08-02 06:53:54.937,203.0,1252.22,16.1556509981707,1
2025-08-02 06:53:55.094,203.0,1252.22,16.1556509981707,1
2025-08-02 06:53:55.225,203.0,1251.68,16.1556509981707,1
2025-08-02 06:53:55.308,203.0,1251.68,16.1556509981707,1
2025-08-02 06:53:55.378,203.0,1251.68,15.5342798059333,1
2025-08-02 06:53:55.470,203.0,1248.44,15.5342798059333,1
2025-08-02 06:53:55.615,203.0,1248.44,15.5342798059333,1
2025-08-02 06:53:55.776,203.0,1248.44,14.912908613696,1
2025-08-02 06:53:55.959,203.0,1242.86,14.912908613696,1
2025-08-02 06:53:56.084,203.0,1242.86,14.912908613696,1
2025-08-02 06:53:56.191,203.0,1242.86,14.2915374214587,1
2025-08-02 06:53:56.340,203.0,1239.44,14.2915374214587,1
2025-08-02 06:53:56.517,203.0,1239.44,14.2915374214587,1
2025-08-02 06:53:56.653,203.0,1239.44,13.048795036984,1
2025-08-02 06:53:56.857,203.0,1233.32,13.048795036984,1
2025-08-02 06:53:57.069,203.0,1233.32,13.048795036984,1
2025-08-02 06:53:57.353,203.0,1233.32,12.4274238447467,1
2025-08-02 06:53:57.444,203.0,1224.32,12.4274238447467,1
2025-08-02 06:53:57.599,203.0,1224.32,12.4274238447467,1
2025-08-02 06:53:57.748,203.0,1224.32,11.184681460272,1
2025-08-02 06:53:57.822,203.0,1220.36,11.184681460272,1
2025-08-02 06:53:57.890,203.0,1220.36,11.184681460272,1
2025-08-02 06:53:57.960,203.0,1220.36,11.184681460272,1
2025-08-02 06:53:58.063,203.0,1216.4,11.184681460272,1
2025-08-02 06:53:58.183,203.0,1216.4,11.184681460272,1
2025-08-02 06:53:58.252,203.0,1216.4,10.5633102680347,1
2025-08-02 06:53:58.445,203.0,1212.62,10.5633102680347,1
2025-08-02 06:53:58.590,203.0,1212.62,10.5633102680347,1
2025-08-02 06:53:58.738,203.0,1212.62,9.94193907579734,1
2025-08-02 06:53:58.887,203.0,1206.32,9.94193907579734,1
2025-08-02 06:53:58.961,203.0,1206.32,9.94193907579734,1
2025-08-02 06:53:59.029,203.0,1206.32,9.32056788356001,1
2025-08-02 06:53:59.116,203.0,1203.8,9.32056788356001,1
2025-08-02 06:53:59.208,203.0,1203.8,9.32056788356001,1
2025-08-02 06:53:59.276,203.0,1203.8,8.69919669132267,1
2025-08-02 06:53:59.417,203.0,1200.02,8.69919669132267,1
2025-08-02 06:53:59.508,203.0,1200.02,8.69919669132267,1
2025-08-02 06:53:59.572,203.0,1200.02,8.69919669132267,1
2025-08-02 06:53:59.677,203.0,1196.24,8.69919669132267,1
2025-08-02 06:53:59.825,203.0,1196.24,8.69919669132267,1
2025-08-02 06:53:59.979,203.0,1196.24,8.07782549908534,1
2025-08-02 06:54:00.157,203.0,1190.84,8.07782549908534,1
2025-08-02 06:54:00.307,203.0,1190.84,8.07782549908534,1
2025-08-02 06:54:00.455,203.0,1190.84,7.45645430684801,1
2025-08-02 06:54:00.634,203.0,1188.86,7.45645430684801,1
2025-08-02 06:54:00.793,203.0,1188.86,7.45645430684801,1
2025-08-02 06:54:00.925,203.0,1188.86,7.45645430684801,1
2025-08-02 06:54:01.021,203.0,1187.42,7.45645430684801,1
2025-08-02 06:54:01.169,203.0,1187.42,7.45645430684801,1
2025-08-02 06:54:01.319,203.0,1187.42,6.83508311461067,1
2025-08-02 06:54:01.467,203.0,1186.16,6.83508311461067,1
2025-08-02 06:54:01.585,203.0,1186.16,6.83508311461067,1
2025-08-02 06:54:01.722,203.0,1186.16,6.83508311461067,1
2025-08-02 06:54:01.855,203.0,1185.44,6.83508311461067,1
2025-08-02 06:54:02.059,203.0,1185.44,6.83508311461067,1
2025-08-02 06:54:02.155,203.0,1185.44,6.83508311461067,1
2025-08-02 06:54:02.246,203.0,1185.08,6.83508311461067,1
2025-08-02 06:54:02.393,203.0,1185.08,6.83508311461067,1
2025-08-02 06:54:02.548,203.0,1185.08,6.21371192237334,1
2025-08-02 06:54:02.730,203.0,1185.62,6.21371192237334,1
2025-08-02 06:54:02.886,203.0,1185.62,6.21371192237334,1
2025-08-02 06:54:03.044,203.0,1185.62,6.21371192237334,1
2025-08-02 06:54:03.196,203.0,1186.16,6.21371192237334,1
2025-08-02 06:54:03.344,203.0,1186.16,6.21371192237334,1
2025-08-02 06:54:03.405,203.0,1186.16,6.21371192237334,1
2025-08-02 06:54:03.496,203.0,1186.34,6.21371192237334,1
2025-08-02 06:54:03.590,203.0,1186.34,6.21371192237334,1
2025-08-02 06:54:03.686,203.0,1186.34,6.21371192237334,1
2025-08-02 06:54:03.836,203.0,1186.52,6.21371192237334,1
2025-08-02 06:54:03.911,203.0,1186.52,6.21371192237334,1
2025-08-02 06:54:04.006,203.0,1186.52,5.59234073013601,1
2025-08-02 06:54:04.076,203.0,1186.7,5.59234073013601,1
2025-08-02 06:54:04.151,203.0,1186.7,5.59234073013601,1
2025-08-02 06:54:04.223,203.0,1186.7,5.59234073013601,1
2025-08-02 06:54:04.323,203.0,1186.7,5.59234073013601,1
2025-08-02 06:54:04.471,203.0,1186.7,5.59234073013601,1
2025-08-02 06:54:04.628,203.0,1186.7,5.59234073013601,1
2025-08-02 06:54:04.759,203.0,1186.7,5.59234073013601,1
2025-08-02 06:54:04.857,203.0,1186.7,5.59234073013601,1
2025-08-02 06:54:05.003,203.0,1186.7,4.97096953789867,1
2025-08-02 06:54:05.159,203.0,1186.7,4.97096953789867,1
2025-08-02 06:54:05.338,203.0,1186.7,4.97096953789867,1
2025-08-02 06:54:05.491,203.0,1186.7,4.97096953789867,1
2025-08-02 06:54:05.641,203.0,1186.52,4.97096953789867,1
2025-08-02 06:54:05.793,203.0,1186.52,4.97096953789867,1
2025-08-02 06:54:05.967,203.0,1186.52,4.97096953789867,1
2025-08-02 06:54:06.122,203.0,1186.16,4.97096953789867,1
2025-08-02 06:54:06.274,203.0,1186.16,4.97096953789867,1
2025-08-02 06:54:06.448,203.0,1186.16,4.34959834566134,1
2025-08-02 06:54:06.638,203.0,1185.8,4.34959834566134,1
2025-08-02 06:54:06.839,203.0,1185.8,4.34959834566134,1
2025-08-02 06:54:06.973,203.0,1185.8,4.34959834566134,1
2025-08-02 06:54:07.174,203.0,1185.08,4.34959834566134,1
2025-08-02 06:54:07.327,203.0,1185.08,4.34959834566134,1
2025-08-02 06:54:07.481,203.0,1185.08,4.34959834566134,1
2025-08-02 06:54:07.656,203.0,1184.54,4.34959834566134,1
2025-08-02 06:54:07.809,203.0,1184.54,4.34959834566134,1
2025-08-02 06:54:07.934,203.0,1184.54,4.34959834566134,1
2025-08-02 06:54:08.035,203.0,1184.0,4.34959834566134,1
2025-08-02 06:54:08.177,203.0,1184.0,4.34959834566134,1
2025-08-02 06:54:08.252,203.0,1184.0,4.34959834566134,1
2025-08-02 06:54:08.324,203.0,1183.64,4.34959834566134,1
2025-08-02 06:54:08.390,203.0,1183.64,4.34959834566134,1
2025-08-02 06:54:08.488,203.0,1183.64,4.34959834566134,1
2025-08-02 06:54:08.635,203.0,1183.1,4.34959834566134,1
2025-08-02 06:54:08.785,203.0,1183.1,4.34959834566134,1
2025-08-02 06:54:08.859,203.0,1183.1,4.97096953789867,1
2025-08-02 06:54:08.931,203.0,1182.56,4.97096953789867,1
2025-08-02 06:54:09.177,203.0,1182.56,4.97096953789867,1
2025-08-02 06:54:09.325,203.0,1182.56,5.59234073013601,1
2025-08-02 06:54:09.400,203.0,1181.66,5.59234073013601,1
2025-08-02 06:54:09.469,203.0,1181.66,5.59234073013601,1
2025-08-02 06:54:09.538,203.0,1181.66,5.59234073013601,1
2025-08-02 06:54:09.611,203.0,1181.12,5.59234073013601,1
2025-08-02 06:54:09.684,203.0,1181.12,5.59234073013601,1
2025-08-02 06:54:09.784,203.0,1181.12,5.59234073013601,1
2025-08-02 06:54:09.939,203.0,1180.58,5.59234073013601,1
2025-08-02 06:54:10.069,203.0,1180.58,5.59234073013601,1
2025-08-02 06:54:10.160,203.0,1180.58,6.21371192237334,1
2025-08-02 06:54:10.252,203.0,1179.68,6.21371192237334,1
2025-08-02 06:54:10.418,203.0,1179.68,6.21371192237334,1
2025-08-02 06:54:10.550,203.0,1179.68,5.59234073013601,1
2025-08-02 06:54:10.644,203.0,1178.78,5.59234073013601,1
2025-08-02 06:54:10.735,203.0,1178.78,5.59234073013601,1
2025-08-02 06:54:10.880,203.0,1178.78,4.97096953789867,1
2025-08-02 06:54:10.975,203.0,1178.06,4.97096953789867,1
2025-08-02 06:54:11.107,203.0,1178.06,4.97096953789867,1
2025-08-02 06:54:11.196,203.0,1178.06,4.97096953789867,1
2025-08-02 06:54:11.343,203.0,1177.16,4.97096953789867,1
2025-08-02 06:54:11.517,203.0,1177.16,4.97096953789867,1
2025-08-02 06:54:11.737,203.0,1177.16,3.728227153424,1
2025-08-02 06:54:11.931,203.0,1175.54,3.728227153424,1
2025-08-02 06:54:12.155,203.0,1175.54,3.728227153424,1
2025-08-02 06:54:12.291,203.0,1175.54,3.10685596118667,1
2025-08-02 06:54:12.452,203.0,1173.92,3.10685596118667,1
2025-08-02 06:54:12.629,203.0,1173.92,3.10685596118667,1
2025-08-02 06:54:12.785,203.0,1173.92,2.48548476894934,1
2025-08-02 06:54:12.944,203.0,1172.66,2.48548476894934,1
2025-08-02 06:54:13.091,203.0,1172.66,2.48548476894934,1
2025-08-02 06:54:13.166,203.0,1172.66,2.48548476894934,1
2025-08-02 06:54:13.267,203.0,1171.4,2.48548476894934,1
2025-08-02 06:54:13.418,203.0,1171.4,2.48548476894934,1
2025-08-02 06:54:13.568,203.0,1171.4,2.48548476894934,1
2025-08-02 06:54:13.700,203.0,1170.14,2.48548476894934,1
2025-08-02 06:54:13.803,203.0,1170.14,2.48548476894934,1
2025-08-02 06:54:13.949,203.0,1170.14,2.48548476894934,1
2025-08-02 06:54:14.101,203.0,1168.52,2.48548476894934,1
2025-08-02 06:54:14.249,203.0,1168.52,2.48548476894934,1
2025-08-02 06:54:14.317,203.0,1168.52,2.48548476894934,1
2025-08-02 06:54:14.385,203.0,1167.26,2.48548476894934,1
2025-08-02 06:54:14.484,203.0,1167.26,2.48548476894934,1
2025-08-02 06:54:14.633,203.0,1167.26,2.48548476894934,1
2025-08-02 06:54:14.788,203.0,1165.82,2.48548476894934,1
2025-08-02 06:54:14.869,203.0,1165.82,2.48548476894934,1
2025-08-02 06:54:14.948,203.0,1165.82,2.48548476894934,1
2025-08-02 06:54:15.115,203.0,1164.74,2.48548476894934,1
2025-08-02 06:54:15.277,203.0,1164.74,2.48548476894934,1
2025-08-02 06:54:15.427,203.0,1164.74,1.864113576712,1
2025-08-02 06:54:15.583,203.0,1162.94,1.864113576712,1
2025-08-02 06:54:15.753,203.0,1162.94,1.864113576712,1
2025-08-02 06:54:15.902,203.0,1162.94,1.864113576712,1
2025-08-02 06:54:16.049,203.0,1161.14,1.864113576712,1
2025-08-02 06:54:16.232,203.0,1161.14,1.864113576712,1
2025-08-02 06:54:16.387,203.0,1161.14,1.864113576712,1
2025-08-02 06:54:16.581,203.0,1159.52,1.864113576712,1
2025-08-02 06:54:16.781,203.0,1159.52,1.864113576712,1
2025-08-02 06:54:16.991,203.0,1159.52,1.24274238447467,1
2025-08-02 06:54:17.193,203.0,1156.82,1.24274238447467,1
2025-08-02 06:54:17.350,203.0,1156.82,1.24274238447467,1
2025-08-02 06:54:17.488,203.0,1156.82,1.24274238447467,1
2025-08-02 06:54:17.566,203.0,1155.02,1.24274238447467,1
2025-08-02 06:54:17.633,203.0,1155.02,1.24274238447467,1
2025-08-02 06:54:17.724,203.0,1155.02,1.24274238447467,1
2025-08-02 06:54:17.886,203.0,1153.76,1.24274238447467,1
2025-08-02 06:54:18.036,203.0,1153.76,1.24274238447467,1
2025-08-02 06:54:18.214,203.0,1153.76,1.24274238447467,1
2025-08-02 06:54:18.371,203.0,1151.6,1.24274238447467,1
2025-08-02 06:54:18.506,203.0,1151.6,1.24274238447467,1
2025-08-02 06:54:18.582,203.0,1151.6,1.24274238447467,1
2025-08-02 06:54:18.661,203.0,1150.34,1.24274238447467,1
2025-08-02 06:54:18.733,203.0,1150.34,1.24274238447467,1
2025-08-02 06:54:18.827,203.0,1150.34,1.24274238447467,1
2025-08-02 06:54:18.898,203.0,1149.44,1.24274238447467,1
2025-08-02 06:54:18.994,204.8,1149.44,1.24274238447467,1
2025-08-02 06:54:19.156,204.8,1149.44,1.24274238447467,1
2025-08-02 06:54:19.291,204.8,1147.82,1.24274238447467,1
2025-08-02 06:54:19.472,204.8,1147.82,1.24274238447467,1
2025-08-02 06:54:19.618,204.8,1147.82,1.24274238447467,1
2025-08-02 06:54:19.766,204.8,1145.66,1.24274238447467,1
2025-08-02 06:54:19.839,204.8,1145.66,1.24274238447467,1
2025-08-02 06:54:19.912,204.8,1145.66,1.24274238447467,1
2025-08-02 06:54:20.075,204.8,1144.58,1.24274238447467,1
2025-08-02 06:54:20.230,204.8,1144.58,1.24274238447467,1
2025-08-02 06:54:20.416,204.8,1144.58,1.24274238447467,1
2025-08-02 06:54:20.549,204.8,1142.78,1.24274238447467,1
2025-08-02 06:54:20.694,204.8,1142.78,1.24274238447467,1
2025-08-02 06:54:20.849,204.8,1142.78,1.24274238447467,1
2025-08-02 06:54:21.033,204.8,1141.34,1.24274238447467,1
2025-08-02 06:54:21.189,204.8,1141.34,1.24274238447467,1
2025-08-02 06:54:21.331,204.8,1141.34,0.621371192237334,1
2025-08-02 06:54:21.710,204.8,1139.36,0.621371192237334,1
2025-08-02 06:54:21.921,204.8,1139.36,0.621371192237334,1
2025-08-02 06:54:22.108,204.8,1139.36,0.621371192237334,1
2025-08-02 06:54:22.178,204.8,1137.92,0.621371192237334,1
2025-08-02 06:54:22.343,204.8,1137.92,0.0,1
2025-08-02 06:54:22.498,204.8,1137.2,0.0,1
2025-08-02 06:54:22.636,204.8,1137.2,0.0,1
2025-08-02 06:54:22.728,204.8,1137.2,0.0,1
2025-08-02 06:54:22.795,204.8,1136.48,0.0,1
2025-08-02 06:54:22.884,204.8,1136.48,0.0,1
2025-08-02 06:54:23.047,204.8,1136.48,0.0,1
2025-08-02 06:54:23.196,204.8,1135.4,0.0,1
2025-08-02 06:54:23.380,204.8,1135.4,0.0,1
2025-08-02 06:54:23.502,204.8,1135.4,0.0,1
2025-08-02 06:54:23.576,204.8,1134.5,0.0,1
2025-08-02 06:54:23.666,204.8,1134.5,0.0,1
2025-08-02 06:54:23.815,204.8,1134.5,0.0,1
2025-08-02 06:54:23.969,204.8,1133.42,0.0,1
2025-08-02 06:54:24.043,204.8,1133.42,0.0,1
2025-08-02 06:54:24.140,204.8,1133.42,0.0,1
2025-08-02 06:54:24.284,204.8,1132.7,0.0,1
2025-08-02 06:54:24.358,204.8,1132.7,0.0,1
2025-08-02 06:54:24.459,204.8,1132.7,0.0,1
2025-08-02 06:54:24.578,204.8,1131.98,0.0,1
2025-08-02 06:54:24.675,204.8,1131.98,0.0,1
2025-08-02 06:54:24.847,204.8,1131.98,0.0,1
2025-08-02 06:54:24.979,204.8,1130.9,0.0,1
2025-08-02 06:54:25.074,204.8,1130.9,0.0,1
2025-08-02 06:54:25.167,204.8,1130.9,0.0,1
2025-08-02 06:54:25.323,204.8,1130.0,0.0,1
2025-08-02 06:54:25.474,204.8,1130.0,0.0,1
2025-08-02 06:54:25.649,204.8,1130.0,0.0,1
2025-08-02 06:54:25.798,204.8,1128.56,0.0,1
2025-08-02 06:54:34.488,204.8,1128.56,0.0,1
2025-08-02 06:54:34.620,204.8,1128.56,0.0,1
2025-08-02 06:54:35.111,203.0,1098.32,0.0,1
2025-08-02 06:54:35.183,203.0,1098.32,0.0,1
2025-08-02 06:54:35.248,203.0,1098.32,0.0,1
2025-08-02 06:54:35.346,203.0,1098.32,0.0,1
2025-08-02 06:54:35.510,203.0,1098.32,0.0,1
2025-08-02 06:54:35.663,203.0,1098.32,0.0,1
2025-08-02 06:54:35.815,203.0,1098.32,0.0,1
2025-08-02 06:54:35.918,203.0,1098.32,0.0,1
2025-08-02 06:54:36.063,203.0,1098.32,0.0,1
2025-08-02 06:54:36.216,203.0,1098.32,0.0,1
2025-08-02 06:54:36.368,203.0,1098.32,0.0,1
2025-08-02 06:54:36.443,203.0,1098.32,0.0,1
2025-08-02 06:54:36.584,203.0,1098.32,0.0,1
2025-08-02 06:54:36.792,203.0,1098.32,0.0,1
2025-08-02 06:54:36.989,203.0,1098.32,0.0,1
2025-08-02 06:54:37.176,203.0,1098.32,0.0,1
2025-08-02 06:54:37.338,203.0,1098.32,0.0,1
2025-08-02 06:54:37.522,203.0,1098.32,0.0,1
2025-08-02 06:54:37.654,203.0,1098.32,0.0,1
2025-08-02 06:54:37.806,203.0,1098.32,0.0,1
2025-08-02 06:54:37.879,203.0,1098.32,0.0,1
2025-08-02 06:54:37.991,203.0,1098.32,0.0,1
2025-08-02 06:54:38.147,203.0,1098.32,0.0,1
2025-08-02 06:54:38.272,203.0,1098.32,0.0,1
2025-08-02 06:54:38.364,203.0,1098.32,0.0,1
2025-08-02 06:54:38.668,203.0,1098.32,0.0,1
2025-08-02 06:54:38.768,203.0,1098.32,0.0,1
2025-08-02 06:54:38.943,203.0,1098.32,0.0,1
2025-08-02 06:54:39.072,203.0,1098.32,0.0,1
2025-08-02 06:54:39.145,203.0,1098.32,0.0,1
2025-08-02 06:54:39.213,203.0,1098.32,0.0,1
2025-08-02 06:54:39.409,203.0,1098.32,0.0,1
2025-08-02 06:54:39.532,203.0,1098.32,0.0,1
2025-08-02 06:54:39.627,203.0,1098.32,0.0,1
2025-08-02 06:54:39.774,203.0,1098.32,0.0,1
2025-08-02 06:54:39.921,203.0,1098.32,0.0,1
2025-08-02 06:54:40.026,203.0,1098.32,0.0,1
2025-08-02 06:54:40.175,203.0,1098.32,0.0,1
2025-08-02 06:54:40.324,203.0,1098.32,0.0,1
2025-08-02 06:54:40.477,203.0,1098.32,0.0,1
2025-08-02 06:54:40.669,203.0,1098.32,0.0,1
2025-08-02 06:54:40.809,203.0,1098.32,0.0,1
2025-08-02 06:54:40.960,203.0,1098.32,0.0,1
2025-08-02 06:54:41.141,203.0,1098.32,0.0,1
2025-08-02 06:54:41.281,203.0,1098.32,0.0,1
2025-08-02 06:54:41.378,203.0,1098.32,0.0,1
2025-08-02 06:54:41.569,203.0,1098.32,0.0,1
2025-08-02 06:54:41.773,203.0,1098.32,0.0,1
2025-08-02 06:54:41.904,203.0,1098.32,0.0,1
2025-08-02 06:54:42.110,203.0,1098.32,0.0,1
2025-08-02 06:54:42.246,203.0,1098.32,0.0,1
2025-08-02 06:54:42.396,203.0,1098.32,0.0,1
2025-08-02 06:54:42.551,203.0,1098.32,0.0,1
2025-08-02 06:54:42.736,203.0,1098.32,0.0,1
2025-08-02 06:54:42.883,203.0,1098.32,0.0,1
2025-08-02 06:54:43.038,203.0,1098.32,0.0,1
2025-08-02 06:54:43.213,203.0,1098.32,0.0,1
2025-08-02 06:54:43.362,203.0,1098.32,0.0,1
2025-08-02 06:54:43.517,203.0,1098.32,0.0,1
2025-08-02 06:54:43.701,203.0,1098.32,0.0,1
2025-08-02 06:54:43.828,203.0,1098.32,0.0,1
2025-08-02 06:54:43.925,203.0,1098.32,0.0,1
2025-08-02 06:54:44.077,203.0,1098.32,0.0,1
2025-08-02 06:54:44.156,203.0,1093.64,0.0,1
2025-08-02 06:54:44.257,203.0,1093.64,0.0,1
2025-08-02 06:54:44.396,203.0,1093.64,0.0,1
2025-08-02 06:54:44.545,203.0,1093.64,0.0,1
2025-08-02 06:54:44.650,203.0,1093.64,0.0,1
2025-08-02 06:54:44.798,203.0,1093.64,0.0,1
2025-08-02 06:54:44.878,203.0,1093.64,0.0,1
2025-08-02 06:54:44.977,201.2,1093.64,0.0,1
2025-08-02 06:54:45.121,201.2,1093.64,0.0,1
2025-08-02 06:54:45.275,201.2,1093.64,0.0,1
2025-08-02 06:54:45.433,201.2,1093.64,0.0,1
2025-08-02 06:54:45.612,201.2,1093.64,0.0,1
2025-08-02 06:54:45.757,201.2,1093.64,0.0,1
2025-08-02 06:54:45.909,201.2,1093.64,0.0,1
2025-08-02 06:54:45.981,201.2,1093.64,0.0,1
2025-08-02 06:54:46.050,201.2,1093.64,0.0,1
2025-08-02 06:54:46.143,201.2,1093.64,0.0,1
2025-08-02 06:54:46.233,201.2,1093.64,0.0,1
2025-08-02 06:54:46.388,201.2,1093.64,0.0,1
2025-08-02 06:54:46.587,201.2,1093.64,0.0,1
2025-08-02 06:54:46.783,201.2,1093.64,0.0,1
2025-08-02 06:54:46.986,201.2,1093.64,0.0,1
2025-08-02 06:54:47.190,201.2,1093.64,0.0,1
2025-08-02 06:54:47.349,201.2,1093.64,0.0,1
2025-08-02 06:54:47.500,201.2,1093.64,0.0,1
2025-08-02 06:54:47.570,201.2,1093.64,0.0,1
2025-08-02 06:54:47.645,201.2,1093.64,0.0,1
2025-08-02 06:54:47.746,201.2,1093.64,0.0,1
2025-08-02 06:54:47.929,201.2,1093.64,0.0,1
2025-08-02 06:54:48.059,201.2,1093.64,0.0,1
2025-08-02 06:54:48.164,201.2,1093.64,0.0,1
2025-08-02 06:54:48.291,201.2,1093.64,0.0,1
2025-08-02 06:54:48.392,201.2,1093.64,0.0,1
2025-08-02 06:54:48.541,201.2,1093.64,0.0,1
2025-08-02 06:54:48.693,201.2,1093.64,0.0,1
2025-08-02 06:54:48.849,201.2,1093.64,0.0,1
2025-08-02 06:54:48.923,201.2,1093.64,0.0,1
2025-08-02 06:54:48.989,201.2,1093.64,0.0,1
2025-08-02 06:54:49.086,201.2,1093.64,0.0,1
2025-08-02 06:54:49.233,201.2,1093.64,0.0,1
2025-08-02 06:54:49.313,201.2,1093.64,0.0,1
2025-08-02 06:54:49.385,201.2,1093.64,0.0,1
2025-08-02 06:54:49.489,201.2,1093.64,0.0,1
2025-08-02 06:54:49.610,201.2,1093.64,0.0,1
2025-08-02 06:54:49.683,201.2,1093.64,0.0,1
2025-08-02 06:54:49.783,201.2,1093.64,0.0,1
2025-08-02 06:54:49.961,201.2,1093.64,0.0,1
2025-08-02 06:54:50.091,201.2,1093.64,0.0,1
2025-08-02 06:54:50.166,201.2,1093.64,0.0,1
2025-08-02 06:54:50.266,201.2,1093.64,0.0,1
2025-08-02 06:54:50.391,201.2,1093.64,0.0,1
2025-08-02 06:54:50.468,201.2,1093.64,0.0,1
2025-08-02 06:54:50.541,201.2,1093.64,0.0,1
2025-08-02 06:54:50.645,201.2,1093.64,0.0,1
2025-08-02 06:54:50.800,201.2,1093.64,0.0,1
2025-08-02 06:54:50.952,201.2,1093.64,0.0,1
2025-08-02 06:54:51.135,201.2,1093.64,0.0,1
2025-08-02 06:54:51.260,201.2,1093.64,0.0,1
2025-08-02 06:54:51.491,201.2,1093.64,0.0,1
2025-08-02 06:54:51.583,201.2,1093.64,0.0,1
2025-08-02 06:54:51.718,201.2,1093.64,0.0,1
2025-08-02 06:54:51.928,201.2,1093.64,0.0,1
2025-08-02 06:54:52.053,201.2,1093.64,0.0,1
2025-08-02 06:54:52.215,201.2,1093.64,0.0,1
2025-08-02 06:54:52.388,201.2,1093.64,0.0,1
2025-08-02 06:54:52.540,201.2,1093.64,0.0,1
2025-08-02 06:54:52.701,201.2,1093.64,0.0,1
2025-08-02 06:54:52.853,201.2,1093.64,0.0,1
2025-08-02 06:54:53.003,201.2,1093.64,0.0,1
2025-08-02 06:54:53.103,201.2,1093.64,0.0,1
2025-08-02 06:54:53.251,201.2,1093.64,0.0,1
2025-08-02 06:54:53.406,201.2,1093.64,0.0,1
2025-08-02 06:54:53.561,201.2,1093.64,0.0,1
2025-08-02 06:54:53.720,201.2,1093.64,0.0,1
2025-08-02 06:54:53.790,201.2,1093.64,0.0,1
2025-08-02 06:54:53.889,201.2,1093.64,0.0,1
2025-08-02 06:54:54.037,201.2,1093.64,0.0,1
2025-08-02 06:54:54.116,201.2,1093.64,0.0,1
2025-08-02 06:54:54.213,201.2,1088.96,0.0,1
2025-08-02 06:54:54.362,201.2,1088.96,0.0,1
2025-08-02 06:54:54.509,201.2,1088.96,0.0,1
2025-08-02 06:54:54.662,201.2,1088.96,0.0,1
2025-08-02 06:54:54.736,201.2,1088.96,0.0,1
2025-08-02 06:54:54.805,201.2,1088.96,0.0,1
2025-08-02 06:54:54.949,201.2,1088.96,0.0,1
2025-08-02 06:54:55.028,201.2,1088.96,0.0,1
2025-08-02 06:54:55.094,201.2,1088.96,0.0,1
2025-08-02 06:54:55.263,201.2,1088.96,0.0,1
2025-08-02 06:54:55.423,201.2,1088.96,0.0,1
2025-08-02 06:54:55.575,201.2,1088.96,0.0,1
2025-08-02 06:54:55.751,201.2,1088.96,0.0,1
2025-08-02 06:54:55.893,201.2,1088.96,0.0,1
2025-08-02 06:54:56.044,201.2,1088.96,0.0,1
2025-08-02 06:54:56.225,201.2,1088.96,0.0,1
2025-08-02 06:54:56.377,201.2,1088.96,0.0,1
2025-08-02 06:54:56.580,201.2,1088.96,0.0,1
2025-08-02 06:54:56.778,201.2,1088.96,0.0,1
2025-08-02 06:54:56.977,201.2,1088.96,0.0,1
2025-08-02 06:54:57.200,201.2,1088.96,0.0,1
2025-08-02 06:54:57.325,201.2,1088.96,0.0,1
2025-08-02 06:54:57.428,201.2,1088.96,0.0,1
2025-08-02 06:54:57.579,201.2,1088.96,0.0,1
2025-08-02 06:54:57.651,201.2,1088.96,0.0,1
2025-08-02 06:54:57.724,201.2,1088.96,0.0,1
2025-08-02 06:54:57.813,201.2,1088.96,0.0,1
2025-08-02 06:54:57.967,201.2,1088.96,0.0,1
2025-08-02 06:54:58.152,201.2,1088.96,0.0,1
2025-08-02 06:54:58.311,201.2,1088.96,0.0,1
2025-08-02 06:54:58.446,201.2,1088.96,0.0,1
2025-08-02 06:54:58.522,201.2,1088.96,0.0,1
2025-08-02 06:54:58.593,201.2,1088.96,0.0,1
2025-08-02 06:54:58.685,201.2,1088.96,0.0,1
2025-08-02 06:54:58.835,201.2,1088.96,0.0,1
2025-08-02 06:54:58.994,201.2,1088.96,0.0,1
2025-08-02 06:54:59.175,201.2,1088.96,0.0,1
2025-08-02 06:54:59.327,201.2,1088.96,0.0,1
2025-08-02 06:54:59.458,201.2,1088.96,0.0,1
2025-08-02 06:54:59.560,201.2,1088.96,0.0,1
2025-08-02 06:54:59.683,201.2,1088.96,0.0,1
2025-08-02 06:54:59.829,201.2,1088.96,0.0,1
2025-08-02 06:55:00.005,201.2,1088.96,0.0,1
2025-08-02 06:55:00.165,201.2,1088.96,0.0,1
2025-08-02 06:55:00.293,201.2,1088.96,0.0,1
2025-08-02 06:55:00.393,201.2,1088.96,0.0,1
2025-08-02 06:55:00.554,201.2,1088.96,0.0,1
2025-08-02 06:55:00.742,201.2,1088.96,0.0,1
2025-08-02 06:55:00.873,201.2,1088.96,0.0,1
2025-08-02 06:55:00.964,201.2,1088.96,0.0,1
2025-08-02 06:55:01.115,201.2,1088.96,0.0,0
2025-08-02 06:55:01.265,201.2,1088.96,0.0,0
2025-08-02 06:55:01.337,201.2,1088.96,0.0,0
2025-08-02 06:55:01.508,201.2,1088.96,0.0,0
2025-08-02 06:55:01.643,201.2,1088.96,0.0,0
2025-08-02 06:55:01.854,201.2,1088.96,0.0,0
2025-08-02 06:55:02.058,201.2,1088.96,0.0,0
2025-08-02 06:55:02.204,201.2,1088.96,0.0,0
2025-08-02 06:55:02.392,201.2,1088.96,0.0,0
2025-08-02 06:55:02.516,201.2,1088.96,0.0,0
2025-08-02 06:55:02.585,201.2,1088.96,0.0,0
2025-08-02 06:55:02.662,201.2,1088.96,0.0,0
2025-08-02 06:55:02.731,201.2,1088.96,0.0,0
2025-08-02 06:55:02.833,201.2,1088.96,0.0,0
2025-08-02 06:55:02.985,201.2,1088.96,0.0,0
2025-08-02 06:55:03.164,201.2,1088.96,0.0,0
2025-08-02 06:55:03.287,201.2,1088.96,0.0,0
2025-08-02 06:55:03.408,201.2,1088.96,0.0,0
2025-08-02 06:55:03.534,201.2,1088.96,0.0,0
2025-08-02 06:55:03.701,201.2,1088.96,0.0,0
2025-08-02 06:55:03.777,201.2,1088.96,0.0,0
2025-08-02 06:55:03.878,201.2,1088.96,0.0,0
2025-08-02 06:55:04.026,201.2,1084.46,0.0,0
2025-08-02 06:55:04.175,201.2,1084.46,0.0,0
2025-08-02 06:55:04.329,201.2,1084.46,0.0,0
2025-08-02 06:55:04.583,201.2,1084.46,0.0,0
2025-08-02 06:55:04.730,201.2,1084.46,0.0,0
2025-08-02 06:55:04.901,201.2,1084.46,0.0,0
2025-08-02 06:55:05.060,201.2,1084.46,0.0,0
2025-08-02 06:55:05.236,201.2,1084.46,0.0,0
2025-08-02 06:55:05.359,201.2,1084.46,0.0,0
2025-08-02 06:55:05.434,201.2,1084.46,0.0,0
2025-08-02 06:55:05.509,201.2,1084.46,0.0,0
2025-08-02 06:55:05.681,201.2,1084.46,0.0,0
2025-08-02 06:55:05.803,201.2,1084.46,0.0,0
2025-08-02 06:55:05.874,201.2,1084.46,0.0,0
2025-08-02 06:55:05.975,201.2,1084.46,0.0,0
2025-08-02 06:55:06.126,201.2,1084.46,0.0,0
2025-08-02 06:55:06.198,201.2,1084.46,0.0,0
2025-08-02 06:55:06.299,201.2,1084.46,0.0,0
2025-08-02 06:55:06.450,201.2,1084.46,0.0,0
2025-08-02 06:55:06.587,201.2,1084.46,0.0,0
2025-08-02 06:55:06.797,201.2,1084.46,0.0,0
2025-08-02 06:55:06.932,201.2,1084.46,0.0,0
2025-08-02 06:55:07.146,201.2,1084.46,0.0,0
2025-08-02 06:55:07.247,201.2,1084.46,0.0,0
2025-08-02 06:55:07.323,201.2,1084.46,0.0,0
2025-08-02 06:55:07.473,201.2,1084.46,0.0,0
2025-08-02 06:55:07.548,201.2,1084.46,0.0,0
2025-08-02 06:55:07.615,201.2,1084.46,0.0,0
2025-08-02 06:55:07.683,201.2,1084.46,0.0,0
2025-08-02 06:55:07.784,201.2,1084.46,0.0,0
2025-08-02 06:55:07.906,201.2,1084.46,0.0,0
2025-08-02 06:55:08.004,201.2,1084.46,0.0,0
2025-08-02 06:55:08.151,201.2,1084.46,0.0,0
2025-08-02 06:55:08.249,201.2,1084.46,0.0,0
2025-08-02 06:55:08.399,201.2,1084.46,0.0,0
2025-08-02 06:55:08.555,201.2,1084.46,0.0,0
2025-08-02 06:55:08.716,201.2,1084.46,0.0,0
2025-08-02 06:55:08.903,201.2,1084.46,0.0,0
2025-08-02 06:55:09.030,201.2,1084.46,0.0,0
2025-08-02 06:55:09.124,201.2,1084.46,0.0,0
2025-08-02 06:55:09.274,201.2,1084.46,0.0,0
2025-08-02 06:55:09.426,201.2,1084.46,0.0,0
2025-08-02 06:55:09.496,201.2,1084.46,0.0,0
2025-08-02 06:55:09.619,201.2,1084.46,0.0,0
2025-08-02 06:55:09.745,201.2,1084.46,0.0,0
2025-08-02 06:55:09.845,201.2,1084.46,0.0,0
2025-08-02 06:55:09.992,201.2,1084.46,0.0,0
2025-08-02 06:55:10.149,201.2,1084.46,0.0,0
2025-08-02 06:55:10.303,201.2,1084.46,0.0,0
2025-08-02 06:55:10.480,201.2,1084.46,0.0,0
2025-08-02 06:55:10.634,201.2,1084.46,0.0,0
2025-08-02 06:55:10.785,201.2,1084.46,0.0,0
2025-08-02 06:55:10.961,201.2,1084.46,0.0,0
2025-08-02 06:55:11.084,201.2,1084.46,0.0,0
2025-08-02 06:55:11.158,201.2,1084.46,0.0,0
2025-08-02 06:55:11.250,201.2,1084.46,0.0,0
2025-08-02 06:55:11.372,201.2,1084.46,0.0,0
2025-08-02 06:55:11.526,201.2,1084.46,0.0,0
2025-08-02 06:55:11.729,201.2,1084.46,0.0,0
2025-08-02 06:55:11.998,201.2,1084.46,0.0,0
2025-08-02 06:55:12.188,201.2,1084.46,0.0,0
2025-08-02 06:55:12.345,201.2,1084.46,0.0,0
2025-08-02 06:55:12.491,201.2,1084.46,0.0,0
2025-08-02 06:55:12.657,201.2,1084.46,0.0,0
2025-08-02 06:55:12.815,201.2,1084.46,0.0,0
2025-08-02 06:55:12.972,201.2,1084.46,0.0,0
2025-08-02 06:55:13.150,201.2,1084.46,0.0,0
2025-08-02 06:55:13.308,201.2,1084.46,0.0,0
2025-08-02 06:55:13.440,201.2,1084.46,0.0,0
2025-08-02 06:55:13.534,201.2,1084.46,0.0,0
2025-08-02 06:55:13.659,201.2,1084.46,0.0,0
2025-08-02 06:55:13.806,201.2,1084.46,0.0,0
2025-08-02 06:55:13.880,201.2,1084.46,0.0,0
2025-08-02 06:55:13.949,201.2,1084.46,0.0,0
2025-08-02 06:55:14.049,201.2,1084.46,0.0,0
2025-08-02 06:55:14.195,201.2,1084.46,0.0,0
2025-08-02 06:55:14.267,201.2,1084.46,0.0,0
2025-08-02 06:55:14.333,201.2,1079.78,0.0,0
2025-08-02 06:55:14.403,201.2,1079.78,0.0,0
2025-08-02 06:55:14.503,201.2,1079.78,0.0,0
2025-08-02 06:55:14.629,201.2,1079.78,0.0,0
2025-08-02 06:55:14.697,201.2,1079.78,0.0,0
2025-08-02 06:55:14.797,201.2,1079.78,0.0,0
2025-08-02 06:55:14.950,201.2,1079.78,0.0,0
2025-08-02 06:55:15.117,201.2,1079.78,0.0,0
2025-08-02 06:55:15.282,201.2,1079.78,0.0,0
2025-08-02 06:55:15.430,201.2,1079.78,0.0,0
2025-08-02 06:55:15.606,201.2,1079.78,0.0,0
2025-08-02 06:55:15.758,201.2,1079.78,0.0,0
2025-08-02 06:55:15.908,201.2,1079.78,0.0,0
2025-08-02 06:55:15.982,201.2,1079.78,0.0,0
2025-08-02 06:55:16.053,201.2,1079.78,0.0,0
2025-08-02 06:55:16.151,201.2,1079.78,0.0,0
2025-08-02 06:55:16.300,201.2,1079.78,0.0,0
2025-08-02 06:55:16.447,201.2,1079.78,0.0,0
2025-08-02 06:55:16.569,201.2,1079.78,0.0,0
2025-08-02 06:55:16.704,201.2,1079.78,0.0,0
2025-08-02 06:55:16.833,201.2,1079.78,0.0,0
2025-08-02 06:55:17.045,201.2,1079.78,0.0,0
2025-08-02 06:55:17.314,201.2,1079.78,0.0,0
2025-08-02 06:55:17.414,201.2,1079.78,0.0,0
2025-08-02 06:55:17.562,201.2,1079.78,0.0,0
2025-08-02 06:55:17.703,201.2,1079.78,0.0,0
2025-08-02 06:55:17.782,201.2,1079.78,0.0,0
2025-08-02 06:55:17.856,201.2,1079.78,0.0,0
2025-08-02 06:55:17.924,201.2,1079.78,0.0,0
2025-08-02 06:55:17.996,201.2,1079.78,0.0,0
2025-08-02 06:55:18.089,201.2,1079.78,0.0,0
2025-08-02 06:55:18.237,201.2,1079.78,0.0,0
2025-08-02 06:55:18.388,201.2,1079.78,0.0,0
2025-08-02 06:55:18.547,201.2,1079.78,0.0,0
2025-08-02 06:55:18.621,201.2,1079.78,0.0,0
2025-08-02 06:55:18.721,201.2,1079.78,0.0,0
2025-08-02 06:55:18.875,201.2,1079.78,0.0,0
2025-08-02 06:55:19.026,201.2,1079.78,0.0,0
2025-08-02 06:55:19.102,201.2,1079.78,0.0,0
2025-08-02 06:55:19.201,201.2,1079.78,0.0,0
2025-08-02 06:55:19.353,201.2,1079.78,0.0,0
2025-08-02 06:55:19.508,201.2,1079.78,0.0,0
2025-08-02 06:55:19.685,201.2,1079.78,0.0,0
2025-08-02 06:55:19.838,201.2,1079.78,0.0,0
2025-08-02 06:55:19.993,201.2,1079.78,0.0,0
2025-08-02 06:55:20.170,201.2,1079.78,0.0,0
2025-08-02 06:55:20.310,201.2,1079.78,0.0,0
2025-08-02 06:55:20.462,201.2,1079.78,0.0,0
2025-08-02 06:55:20.615,201.2,1079.78,0.0,0
2025-08-02 06:55:20.711,201.2,1079.78,0.0,0
2025-08-02 06:55:20.856,201.2,1079.78,0.0,0
2025-08-02 06:55:21.007,201.2,1079.78,0.0,0
2025-08-02 06:55:21.182,201.2,1079.78,0.0,0
2025-08-02 06:55:21.325,201.2,1079.78,0.0,0
2025-08-02 06:55:21.427,201.2,1079.78,0.0,0
2025-08-02 06:55:21.587,201.2,1079.78,0.0,0
2025-08-02 06:55:21.717,201.2,1079.78,0.0,0
2025-08-02 06:55:21.919,201.2,1079.78,0.0,0
2025-08-02 06:55:22.126,201.2,1079.78,0.0,0
2025-08-02 06:55:22.248,201.2,1079.78,0.0,0
2025-08-02 06:55:22.341,201.2,1079.78,0.0,0
2025-08-02 06:55:22.410,201.2,1079.78,0.0,0
2025-08-02 06:55:22.509,201.2,1079.78,0.0,0
2025-08-02 06:55:22.660,201.2,1079.78,0.0,0
2025-08-02 06:55:22.796,201.2,1079.78,0.0,0
2025-08-02 06:55:22.895,201.2,1079.78,0.0,0
2025-08-02 06:55:23.043,201.2,1079.78,0.0,0
2025-08-02 06:55:23.200,201.2,1079.78,0.0,0
2025-08-02 06:55:23.353,201.2,1079.78,0.0,0
2025-08-02 06:55:23.537,201.2,1079.78,0.0,0
2025-08-02 06:55:23.674,201.2,1079.78,0.0,0
2025-08-02 06:55:23.829,201.2,1079.78,0.0,0
2025-08-02 06:55:24.008,201.2,1079.78,0.0,0
2025-08-02 06:55:24.152,201.2,1079.78,0.0,0
2025-08-02 06:55:24.308,201.2,1079.78,0.0,0
2025-08-02 06:55:24.383,201.2,1075.28,0.0,0
2025-08-02 06:55:24.450,201.2,1075.28,0.0,0
2025-08-02 06:55:24.549,201.2,1075.28,0.0,0
2025-08-02 06:55:24.696,201.2,1075.28,0.0,0
2025-08-02 06:55:24.786,201.2,1075.28,0.0,0
2025-08-02 06:55:24.928,201.2,1075.28,0.0,0
2025-08-02 06:55:25.025,201.2,1075.28,0.0,0
2025-08-02 06:55:25.177,201.2,1075.28,0.0,0
2025-08-02 06:55:25.272,201.2,1075.28,0.0,0
2025-08-02 06:55:25.413,201.2,1075.28,0.0,0
2025-08-02 06:55:25.565,201.2,1075.28,0.0,0
2025-08-02 06:55:25.640,201.2,1075.28,0.0,0
2025-08-02 06:55:25.741,201.2,1075.28,0.0,0
2025-08-02 06:55:25.887,201.2,1075.28,0.0,0
2025-08-02 06:55:26.040,201.2,1075.28,0.0,0
2025-08-02 06:55:26.193,201.2,1075.28,0.0,0
2025-08-02 06:55:26.268,201.2,1075.28,0.0,0
2025-08-02 06:55:26.340,201.2,1075.28,0.0,0
2025-08-02 06:55:26.439,201.2,1075.28,0.0,0
2025-08-02 06:55:26.577,201.2,1075.28,0.0,0
2025-08-02 06:55:26.718,201.2,1075.28,0.0,0
2025-08-02 06:55:26.922,201.2,1075.28,0.0,0
2025-08-02 06:55:27.118,201.2,1075.28,0.0,0
2025-08-02 06:55:27.272,201.2,1075.28,0.0,0
2025-08-02 06:55:27.427,201.2,1075.28,0.0,0
2025-08-02 06:55:27.503,201.2,1075.28,0.0,0
2025-08-02 06:55:27.578,201.2,1075.28,0.0,0
2025-08-02 06:55:27.673,201.2,1075.28,0.0,0
2025-08-02 06:55:27.823,201.2,1075.28,0.0,0
2025-08-02 06:55:27.974,201.2,1075.28,0.0,0
2025-08-02 06:55:28.155,201.2,1075.28,0.0,0
2025-08-02 06:55:28.282,201.2,1075.28,0.0,0
2025-08-02 06:55:28.380,201.2,1075.28,0.0,0
2025-08-02 06:55:28.529,201.2,1075.28,0.0,0
2025-08-02 06:55:28.685,201.2,1075.28,0.0,0
2025-08-02 06:55:28.835,201.2,1075.28,0.0,0
2025-08-02 06:55:28.906,201.2,1075.28,0.0,0
2025-08-02 06:55:28.973,201.2,1075.28,0.0,0
2025-08-02 06:55:29.043,201.2,1075.28,0.0,0
2025-08-02 06:55:29.119,201.2,1075.28,0.0,0
2025-08-02 06:55:29.187,201.2,1075.28,0.0,0
2025-08-02 06:55:29.279,201.2,1075.28,0.0,0
2025-08-02 06:55:29.425,201.2,1075.28,0.0,0
2025-08-02 06:55:29.709,201.2,1075.28,0.0,0
2025-08-02 06:55:29.829,201.2,1075.28,0.0,0
2025-08-02 06:55:29.981,201.2,1075.28,0.0,0
2025-08-02 06:55:30.054,201.2,1075.28,0.0,0
2025-08-02 06:55:30.150,201.2,1075.28,0.0,0
2025-08-02 06:55:30.296,201.2,1075.28,0.0,0
2025-08-02 06:55:30.448,201.2,1075.28,0.0,0
2025-08-02 06:55:30.550,201.2,1075.28,0.0,0
2025-08-02 06:55:30.695,201.2,1075.28,0.0,0
2025-08-02 06:55:30.839,201.2,1075.28,0.0,0
2025-08-02 06:55:30.932,201.2,1075.28,0.0,0
2025-08-02 06:55:31.076,201.2,1075.28,0.0,0
2025-08-02 06:55:31.183,201.2,1075.28,0.0,0
2025-08-02 06:55:31.332,201.2,1075.28,0.0,0
2025-08-02 06:55:31.486,201.2,1075.28,0.0,0
2025-08-02 06:55:31.647,201.2,1075.28,0.0,0
2025-08-02 06:55:31.849,201.2,1075.28,0.0,0
2025-08-02 06:55:32.054,201.2,1075.28,0.0,0
2025-08-02 06:55:32.196,201.2,1075.28,0.0,0
2025-08-02 06:55:32.278,201.2,1075.28,0.0,0
2025-08-02 06:55:32.378,201.2,1075.28,0.0,0
2025-08-02 06:55:32.527,201.2,1075.28,0.0,0
2025-08-02 06:55:32.678,201.2,1075.28,0.0,0
2025-08-02 06:55:32.833,201.2,1075.28,0.0,0
2025-08-02 06:55:33.009,201.2,1075.28,0.0,0
2025-08-02 06:55:33.167,201.2,1075.28,0.0,0
2025-08-02 06:55:33.300,201.2,1075.28,0.0,0
2025-08-02 06:55:33.397,201.2,1075.28,0.0,0
2025-08-02 06:55:33.552,201.2,1075.28,0.0,0
2025-08-02 06:55:33.704,201.2,1075.28,0.0,0
2025-08-02 06:55:33.882,201.2,1075.28,0.0,0
2025-08-02 06:55:34.033,201.2,1075.28,0.0,0
2025-08-02 06:55:34.187,201.2,1075.28,0.0,0
2025-08-02 06:55:34.365,201.2,1075.28,0.0,0
2025-08-02 06:55:34.518,201.2,1075.28,0.0,0
2025-08-02 06:55:34.649,201.2,1070.78,0.0,0
2025-08-02 06:55:34.748,201.2,1070.78,0.0,0
2025-08-02 06:55:34.906,201.2,1070.78,0.0,0
2025-08-02 06:55:35.027,201.2,1070.78,0.0,0
2025-08-02 06:55:35.125,201.2,1070.78,0.0,0
2025-08-02 06:55:35.278,201.2,1070.78,0.0,0
2025-08-02 06:55:35.375,201.2,1070.78,0.0,0
2025-08-02 06:55:35.525,201.2,1070.78,0.0,0
2025-08-02 06:55:35.674,201.2,1070.78,0.0,0
2025-08-02 06:55:35.825,201.2,1070.78,0.0,0
2025-08-02 06:55:35.903,201.2,1070.78,0.0,0
2025-08-02 06:55:36.002,201.2,1070.78,0.0,0
2025-08-02 06:55:36.157,201.2,1070.78,0.0,0
2025-08-02 06:55:36.229,201.2,1070.78,0.0,0
2025-08-02 06:55:36.304,201.2,1070.78,0.0,0
2025-08-02 06:55:36.406,201.2,1070.78,0.0,0
2025-08-02 06:55:36.580,201.2,1070.78,0.0,0
2025-08-02 06:55:36.786,201.2,1070.78,0.0,0
2025-08-02 06:55:36.981,201.2,1070.78,0.0,0
2025-08-02 06:55:37.174,201.2,1070.78,0.0,0
2025-08-02 06:55:37.274,201.2,1070.78,0.0,0
2025-08-02 06:55:37.424,201.2,1070.78,0.0,0
2025-08-02 06:55:37.599,201.2,1070.78,0.0,0
2025-08-02 06:55:37.752,201.2,1070.78,0.0,0
2025-08-02 06:55:37.904,201.2,1070.78,0.0,0
2025-08-02 06:55:38.082,201.2,1070.78,0.0,0
2025-08-02 06:55:38.228,201.2,1070.78,0.0,0
2025-08-02 06:55:38.375,201.2,1070.78,0.0,0
2025-08-02 06:55:38.572,201.2,1070.78,0.0,0
2025-08-02 06:55:38.694,201.2,1070.78,0.0,0
2025-08-02 06:55:38.866,201.2,1070.78,0.0,0
2025-08-02 06:55:39.049,201.2,1070.78,0.0,0
2025-08-02 06:55:39.174,201.2,1070.78,0.0,0
2025-08-02 06:55:39.244,201.2,1070.78,0.0,0
2025-08-02 06:55:39.315,201.2,1070.78,0.0,0
2025-08-02 06:55:39.405,201.2,1070.78,0.0,0
2025-08-02 06:55:39.554,201.2,1070.78,0.0,0
2025-08-02 06:55:39.731,201.2,1070.78,0.0,0
2025-08-02 06:55:39.881,201.2,1070.78,0.0,0
2025-08-02 06:55:40.025,201.2,1070.78,0.0,0
2025-08-02 06:55:40.102,201.2,1070.78,0.0,0
2025-08-02 06:55:40.271,201.2,1070.78,0.0,0
2025-08-02 06:55:40.427,201.2,1070.78,0.0,0
2025-08-02 06:55:40.603,201.2,1070.78,0.0,0
2025-08-02 06:55:40.735,201.2,1070.78,0.0,0
2025-08-02 06:55:40.817,201.2,1070.78,0.0,0
2025-08-02 06:55:40.995,201.2,1070.78,0.0,0
2025-08-02 06:55:41.124,201.2,1070.78,0.0,0
2025-08-02 06:55:41.193,201.2,1070.78,0.0,0
2025-08-02 06:55:41.282,201.2,1070.78,0.0,0
2025-08-02 06:55:41.431,201.2,1070.78,0.0,0
2025-08-02 06:55:41.569,201.2,1070.78,0.0,0
2025-08-02 06:55:41.773,201.2,1070.78,0.0,0
2025-08-02 06:55:41.909,201.2,1070.78,0.0,0
2025-08-02 06:55:42.049,201.2,1070.78,0.0,0
2025-08-02 06:55:42.207,201.2,1070.78,0.0,0
2025-08-02 06:55:42.358,201.2,1070.78,0.0,0
2025-08-02 06:55:42.458,201.2,1070.78,0.0,0
2025-08-02 06:55:42.605,201.2,1070.78,0.0,0
2025-08-02 06:55:42.878,201.2,1070.78,0.0,0
2025-08-02 06:55:43.002,201.2,1070.78,0.0,0
2025-08-02 06:55:43.180,201.2,1070.78,0.0,0
2025-08-02 06:55:43.328,201.2,1070.78,0.0,0
2025-08-02 06:55:43.480,201.2,1070.78,0.0,0
2025-08-02 06:55:43.658,201.2,1070.78,0.0,0
2025-08-02 06:55:43.814,201.2,1070.78,0.0,0
2025-08-02 06:55:43.975,201.2,1070.78,0.0,0
